solid base_robo_assistente_conceito_02
  // deck_principal_420x320x8
  facet normal 0 0 0
    outer loop
      vertex -210.000 -160.000 8.000
      vertex 210.000 -160.000 8.000
      vertex 210.000 160.000 8.000
    endloop
  endfacet
  facet normal 0 0 0
    outer loop
      vertex -210.000 -160.000 8.000
      vertex 210.000 160.000 8.000
      vertex -210.000 160.000 8.000
    endloop
  endfacet
  facet normal 0 0 0
    outer loop
      vertex -210.000 -160.000 0.000
      vertex -210.000 160.000 0.000
      vertex 210.000 160.000 0.000
    endloop
  endfacet
  facet normal 0 0 0
    outer loop
      vertex -210.000 -160.000 0.000
      vertex 210.000 160.000 0.000
      vertex 210.000 -160.000 0.000
    endloop
  endfacet
  facet normal 0 0 0
    outer loop
      vertex -210.000 -160.000 0.000
      vertex 210.000 -160.000 0.000
      vertex 210.000 -160.000 8.000
    endloop
  endfacet
  facet normal 0 0 0
    outer loop
      vertex -210.000 -160.000 0.000
      vertex 210.000 -160.000 8.000
      vertex -210.000 -160.000 8.000
    endloop
  endfacet
  facet normal 0 0 0
    outer loop
      vertex 210.000 -160.000 0.000
      vertex 210.000 160.000 0.000
      vertex 210.000 160.000 8.000
    endloop
  endfacet
  facet normal 0 0 0
    outer loop
      vertex 210.000 -160.000 0.000
      vertex 210.000 160.000 8.000
      vertex 210.000 -160.000 8.000
    endloop
  endfacet
  facet normal 0 0 0
    outer loop
      vertex 210.000 160.000 0.000
      vertex -210.000 160.000 0.000
      vertex -210.000 160.000 8.000
    endloop
  endfacet
  facet normal 0 0 0
    outer loop
      vertex 210.000 160.000 0.000
      vertex -210.000 160.000 8.000
      vertex 210.000 160.000 8.000
    endloop
  endfacet
  facet normal 0 0 0
    outer loop
      vertex -210.000 160.000 0.000
      vertex -210.000 -160.000 0.000
      vertex -210.000 -160.000 8.000
    endloop
  endfacet
  facet normal 0 0 0
    outer loop
      vertex -210.000 160.000 0.000
      vertex -210.000 -160.000 8.000
      vertex -210.000 160.000 8.000
    endloop
  endfacet
  // reforco_lateral_esquerdo
  facet normal 0 0 0
    outer loop
      vertex -187.000 -125.000 26.000
      vertex -153.000 -125.000 26.000
      vertex -153.000 125.000 26.000
    endloop
  endfacet
  facet normal 0 0 0
    outer loop
      vertex -187.000 -125.000 26.000
      vertex -153.000 125.000 26.000
      vertex -187.000 125.000 26.000
    endloop
  endfacet
  facet normal 0 0 0
    outer loop
      vertex -187.000 -125.000 8.000
      vertex -187.000 125.000 8.000
      vertex -153.000 125.000 8.000
    endloop
  endfacet
  facet normal 0 0 0
    outer loop
      vertex -187.000 -125.000 8.000
      vertex -153.000 125.000 8.000
      vertex -153.000 -125.000 8.000
    endloop
  endfacet
  facet normal 0 0 0
    outer loop
      vertex -187.000 -125.000 8.000
      vertex -153.000 -125.000 8.000
      vertex -153.000 -125.000 26.000
    endloop
  endfacet
  facet normal 0 0 0
    outer loop
      vertex -187.000 -125.000 8.000
      vertex -153.000 -125.000 26.000
      vertex -187.000 -125.000 26.000
    endloop
  endfacet
  facet normal 0 0 0
    outer loop
      vertex -153.000 -125.000 8.000
      vertex -153.000 125.000 8.000
      vertex -153.000 125.000 26.000
    endloop
  endfacet
  facet normal 0 0 0
    outer loop
      vertex -153.000 -125.000 8.000
      vertex -153.000 125.000 26.000
      vertex -153.000 -125.000 26.000
    endloop
  endfacet
  facet normal 0 0 0
    outer loop
      vertex -153.000 125.000 8.000
      vertex -187.000 125.000 8.000
      vertex -187.000 125.000 26.000
    endloop
  endfacet
  facet normal 0 0 0
    outer loop
      vertex -153.000 125.000 8.000
      vertex -187.000 125.000 26.000
      vertex -153.000 125.000 26.000
    endloop
  endfacet
  facet normal 0 0 0
    outer loop
      vertex -187.000 125.000 8.000
      vertex -187.000 -125.000 8.000
      vertex -187.000 -125.000 26.000
    endloop
  endfacet
  facet normal 0 0 0
    outer loop
      vertex -187.000 125.000 8.000
      vertex -187.000 -125.000 26.000
      vertex -187.000 125.000 26.000
    endloop
  endfacet
  // reforco_lateral_direito
  facet normal 0 0 0
    outer loop
      vertex 153.000 -125.000 26.000
      vertex 187.000 -125.000 26.000
      vertex 187.000 125.000 26.000
    endloop
  endfacet
  facet normal 0 0 0
    outer loop
      vertex 153.000 -125.000 26.000
      vertex 187.000 125.000 26.000
      vertex 153.000 125.000 26.000
    endloop
  endfacet
  facet normal 0 0 0
    outer loop
      vertex 153.000 -125.000 8.000
      vertex 153.000 125.000 8.000
      vertex 187.000 125.000 8.000
    endloop
  endfacet
  facet normal 0 0 0
    outer loop
      vertex 153.000 -125.000 8.000
      vertex 187.000 125.000 8.000
      vertex 187.000 -125.000 8.000
    endloop
  endfacet
  facet normal 0 0 0
    outer loop
      vertex 153.000 -125.000 8.000
      vertex 187.000 -125.000 8.000
      vertex 187.000 -125.000 26.000
    endloop
  endfacet
  facet normal 0 0 0
    outer loop
      vertex 153.000 -125.000 8.000
      vertex 187.000 -125.000 26.000
      vertex 153.000 -125.000 26.000
    endloop
  endfacet
  facet normal 0 0 0
    outer loop
      vertex 187.000 -125.000 8.000
      vertex 187.000 125.000 8.000
      vertex 187.000 125.000 26.000
    endloop
  endfacet
  facet normal 0 0 0
    outer loop
      vertex 187.000 -125.000 8.000
      vertex 187.000 125.000 26.000
      vertex 187.000 -125.000 26.000
    endloop
  endfacet
  facet normal 0 0 0
    outer loop
      vertex 187.000 125.000 8.000
      vertex 153.000 125.000 8.000
      vertex 153.000 125.000 26.000
    endloop
  endfacet
  facet normal 0 0 0
    outer loop
      vertex 187.000 125.000 8.000
      vertex 153.000 125.000 26.000
      vertex 187.000 125.000 26.000
    endloop
  endfacet
  facet normal 0 0 0
    outer loop
      vertex 153.000 125.000 8.000
      vertex 153.000 -125.000 8.000
      vertex 153.000 -125.000 26.000
    endloop
  endfacet
  facet normal 0 0 0
    outer loop
      vertex 153.000 125.000 8.000
      vertex 153.000 -125.000 26.000
      vertex 153.000 125.000 26.000
    endloop
  endfacet
  // pad_rodizio_frontal
  facet normal 0 0 0
    outer loop
      vertex -55.000 113.000 22.000
      vertex 55.000 113.000 22.000
      vertex 55.000 157.000 22.000
    endloop
  endfacet
  facet normal 0 0 0
    outer loop
      vertex -55.000 113.000 22.000
      vertex 55.000 157.000 22.000
      vertex -55.000 157.000 22.000
    endloop
  endfacet
  facet normal 0 0 0
    outer loop
      vertex -55.000 113.000 6.000
      vertex -55.000 157.000 6.000
      vertex 55.000 157.000 6.000
    endloop
  endfacet
  facet normal 0 0 0
    outer loop
      vertex -55.000 113.000 6.000
      vertex 55.000 157.000 6.000
      vertex 55.000 113.000 6.000
    endloop
  endfacet
  facet normal 0 0 0
    outer loop
      vertex -55.000 113.000 6.000
      vertex 55.000 113.000 6.000
      vertex 55.000 113.000 22.000
    endloop
  endfacet
  facet normal 0 0 0
    outer loop
      vertex -55.000 113.000 6.000
      vertex 55.000 113.000 22.000
      vertex -55.000 113.000 22.000
    endloop
  endfacet
  facet normal 0 0 0
    outer loop
      vertex 55.000 113.000 6.000
      vertex 55.000 157.000 6.000
      vertex 55.000 157.000 22.000
    endloop
  endfacet
  facet normal 0 0 0
    outer loop
      vertex 55.000 113.000 6.000
      vertex 55.000 157.000 22.000
      vertex 55.000 113.000 22.000
    endloop
  endfacet
  facet normal 0 0 0
    outer loop
      vertex 55.000 157.000 6.000
      vertex -55.000 157.000 6.000
      vertex -55.000 157.000 22.000
    endloop
  endfacet
  facet normal 0 0 0
    outer loop
      vertex 55.000 157.000 6.000
      vertex -55.000 157.000 22.000
      vertex 55.000 157.000 22.000
    endloop
  endfacet
  facet normal 0 0 0
    outer loop
      vertex -55.000 157.000 6.000
      vertex -55.000 113.000 6.000
      vertex -55.000 113.000 22.000
    endloop
  endfacet
  facet normal 0 0 0
    outer loop
      vertex -55.000 157.000 6.000
      vertex -55.000 113.000 22.000
      vertex -55.000 157.000 22.000
    endloop
  endfacet
  // pad_rodizio_traseiro
  facet normal 0 0 0
    outer loop
      vertex -55.000 -157.000 22.000
      vertex 55.000 -157.000 22.000
      vertex 55.000 -113.000 22.000
    endloop
  endfacet
  facet normal 0 0 0
    outer loop
      vertex -55.000 -157.000 22.000
      vertex 55.000 -113.000 22.000
      vertex -55.000 -113.000 22.000
    endloop
  endfacet
  facet normal 0 0 0
    outer loop
      vertex -55.000 -157.000 6.000
      vertex -55.000 -113.000 6.000
      vertex 55.000 -113.000 6.000
    endloop
  endfacet
  facet normal 0 0 0
    outer loop
      vertex -55.000 -157.000 6.000
      vertex 55.000 -113.000 6.000
      vertex 55.000 -157.000 6.000
    endloop
  endfacet
  facet normal 0 0 0
    outer loop
      vertex -55.000 -157.000 6.000
      vertex 55.000 -157.000 6.000
      vertex 55.000 -157.000 22.000
    endloop
  endfacet
  facet normal 0 0 0
    outer loop
      vertex -55.000 -157.000 6.000
      vertex 55.000 -157.000 22.000
      vertex -55.000 -157.000 22.000
    endloop
  endfacet
  facet normal 0 0 0
    outer loop
      vertex 55.000 -157.000 6.000
      vertex 55.000 -113.000 6.000
      vertex 55.000 -113.000 22.000
    endloop
  endfacet
  facet normal 0 0 0
    outer loop
      vertex 55.000 -157.000 6.000
      vertex 55.000 -113.000 22.000
      vertex 55.000 -157.000 22.000
    endloop
  endfacet
  facet normal 0 0 0
    outer loop
      vertex 55.000 -113.000 6.000
      vertex -55.000 -113.000 6.000
      vertex -55.000 -113.000 22.000
    endloop
  endfacet
  facet normal 0 0 0
    outer loop
      vertex 55.000 -113.000 6.000
      vertex -55.000 -113.000 22.000
      vertex 55.000 -113.000 22.000
    endloop
  endfacet
  facet normal 0 0 0
    outer loop
      vertex -55.000 -113.000 6.000
      vertex -55.000 -157.000 6.000
      vertex -55.000 -157.000 22.000
    endloop
  endfacet
  facet normal 0 0 0
    outer loop
      vertex -55.000 -113.000 6.000
      vertex -55.000 -157.000 22.000
      vertex -55.000 -113.000 22.000
    endloop
  endfacet
  // motor_esquerdo
  facet normal 0 0 0
    outer loop
      vertex -174.500 -40.000 54.000
      vertex -129.500 -40.000 54.000
      vertex -129.500 40.000 54.000
    endloop
  endfacet
  facet normal 0 0 0
    outer loop
      vertex -174.500 -40.000 54.000
      vertex -129.500 40.000 54.000
      vertex -174.500 40.000 54.000
    endloop
  endfacet
  facet normal 0 0 0
    outer loop
      vertex -174.500 -40.000 16.000
      vertex -174.500 40.000 16.000
      vertex -129.500 40.000 16.000
    endloop
  endfacet
  facet normal 0 0 0
    outer loop
      vertex -174.500 -40.000 16.000
      vertex -129.500 40.000 16.000
      vertex -129.500 -40.000 16.000
    endloop
  endfacet
  facet normal 0 0 0
    outer loop
      vertex -174.500 -40.000 16.000
      vertex -129.500 -40.000 16.000
      vertex -129.500 -40.000 54.000
    endloop
  endfacet
  facet normal 0 0 0
    outer loop
      vertex -174.500 -40.000 16.000
      vertex -129.500 -40.000 54.000
      vertex -174.500 -40.000 54.000
    endloop
  endfacet
  facet normal 0 0 0
    outer loop
      vertex -129.500 -40.000 16.000
      vertex -129.500 40.000 16.000
      vertex -129.500 40.000 54.000
    endloop
  endfacet
  facet normal 0 0 0
    outer loop
      vertex -129.500 -40.000 16.000
      vertex -129.500 40.000 54.000
      vertex -129.500 -40.000 54.000
    endloop
  endfacet
  facet normal 0 0 0
    outer loop
      vertex -129.500 40.000 16.000
      vertex -174.500 40.000 16.000
      vertex -174.500 40.000 54.000
    endloop
  endfacet
  facet normal 0 0 0
    outer loop
      vertex -129.500 40.000 16.000
      vertex -174.500 40.000 54.000
      vertex -129.500 40.000 54.000
    endloop
  endfacet
  facet normal 0 0 0
    outer loop
      vertex -174.500 40.000 16.000
      vertex -174.500 -40.000 16.000
      vertex -174.500 -40.000 54.000
    endloop
  endfacet
  facet normal 0 0 0
    outer loop
      vertex -174.500 40.000 16.000
      vertex -174.500 -40.000 54.000
      vertex -174.500 40.000 54.000
    endloop
  endfacet
  // motor_direito
  facet normal 0 0 0
    outer loop
      vertex 129.500 -40.000 54.000
      vertex 174.500 -40.000 54.000
      vertex 174.500 40.000 54.000
    endloop
  endfacet
  facet normal 0 0 0
    outer loop
      vertex 129.500 -40.000 54.000
      vertex 174.500 40.000 54.000
      vertex 129.500 40.000 54.000
    endloop
  endfacet
  facet normal 0 0 0
    outer loop
      vertex 129.500 -40.000 16.000
      vertex 129.500 40.000 16.000
      vertex 174.500 40.000 16.000
    endloop
  endfacet
  facet normal 0 0 0
    outer loop
      vertex 129.500 -40.000 16.000
      vertex 174.500 40.000 16.000
      vertex 174.500 -40.000 16.000
    endloop
  endfacet
  facet normal 0 0 0
    outer loop
      vertex 129.500 -40.000 16.000
      vertex 174.500 -40.000 16.000
      vertex 174.500 -40.000 54.000
    endloop
  endfacet
  facet normal 0 0 0
    outer loop
      vertex 129.500 -40.000 16.000
      vertex 174.500 -40.000 54.000
      vertex 129.500 -40.000 54.000
    endloop
  endfacet
  facet normal 0 0 0
    outer loop
      vertex 174.500 -40.000 16.000
      vertex 174.500 40.000 16.000
      vertex 174.500 40.000 54.000
    endloop
  endfacet
  facet normal 0 0 0
    outer loop
      vertex 174.500 -40.000 16.000
      vertex 174.500 40.000 54.000
      vertex 174.500 -40.000 54.000
    endloop
  endfacet
  facet normal 0 0 0
    outer loop
      vertex 174.500 40.000 16.000
      vertex 129.500 40.000 16.000
      vertex 129.500 40.000 54.000
    endloop
  endfacet
  facet normal 0 0 0
    outer loop
      vertex 174.500 40.000 16.000
      vertex 129.500 40.000 54.000
      vertex 174.500 40.000 54.000
    endloop
  endfacet
  facet normal 0 0 0
    outer loop
      vertex 129.500 40.000 16.000
      vertex 129.500 -40.000 16.000
      vertex 129.500 -40.000 54.000
    endloop
  endfacet
  facet normal 0 0 0
    outer loop
      vertex 129.500 40.000 16.000
      vertex 129.500 -40.000 54.000
      vertex 129.500 40.000 54.000
    endloop
  endfacet
  // roda_lateral_esquerda
  facet normal 0 0 0
    outer loop
      vertex -236.000 54.000 56.000
      vertex -208.000 54.000 56.000
      vertex -208.000 53.538 63.048
    endloop
  endfacet
  facet normal 0 0 0
    outer loop
      vertex -236.000 54.000 56.000
      vertex -208.000 53.538 63.048
      vertex -236.000 53.538 63.048
    endloop
  endfacet
  facet normal 0 0 0
    outer loop
      vertex -236.000 0.000 56.000
      vertex -236.000 53.538 63.048
      vertex -236.000 54.000 56.000
    endloop
  endfacet
  facet normal 0 0 0
    outer loop
      vertex -208.000 0.000 56.000
      vertex -208.000 54.000 56.000
      vertex -208.000 53.538 63.048
    endloop
  endfacet
  facet normal 0 0 0
    outer loop
      vertex -236.000 53.538 63.048
      vertex -208.000 53.538 63.048
      vertex -208.000 52.160 69.976
    endloop
  endfacet
  facet normal 0 0 0
    outer loop
      vertex -236.000 53.538 63.048
      vertex -208.000 52.160 69.976
      vertex -236.000 52.160 69.976
    endloop
  endfacet
  facet normal 0 0 0
    outer loop
      vertex -236.000 0.000 56.000
      vertex -236.000 52.160 69.976
      vertex -236.000 53.538 63.048
    endloop
  endfacet
  facet normal 0 0 0
    outer loop
      vertex -208.000 0.000 56.000
      vertex -208.000 53.538 63.048
      vertex -208.000 52.160 69.976
    endloop
  endfacet
  facet normal 0 0 0
    outer loop
      vertex -236.000 52.160 69.976
      vertex -208.000 52.160 69.976
      vertex -208.000 49.889 76.665
    endloop
  endfacet
  facet normal 0 0 0
    outer loop
      vertex -236.000 52.160 69.976
      vertex -208.000 49.889 76.665
      vertex -236.000 49.889 76.665
    endloop
  endfacet
  facet normal 0 0 0
    outer loop
      vertex -236.000 0.000 56.000
      vertex -236.000 49.889 76.665
      vertex -236.000 52.160 69.976
    endloop
  endfacet
  facet normal 0 0 0
    outer loop
      vertex -208.000 0.000 56.000
      vertex -208.000 52.160 69.976
      vertex -208.000 49.889 76.665
    endloop
  endfacet
  facet normal 0 0 0
    outer loop
      vertex -236.000 49.889 76.665
      vertex -208.000 49.889 76.665
      vertex -208.000 46.765 83.000
    endloop
  endfacet
  facet normal 0 0 0
    outer loop
      vertex -236.000 49.889 76.665
      vertex -208.000 46.765 83.000
      vertex -236.000 46.765 83.000
    endloop
  endfacet
  facet normal 0 0 0
    outer loop
      vertex -236.000 0.000 56.000
      vertex -236.000 46.765 83.000
      vertex -236.000 49.889 76.665
    endloop
  endfacet
  facet normal 0 0 0
    outer loop
      vertex -208.000 0.000 56.000
      vertex -208.000 49.889 76.665
      vertex -208.000 46.765 83.000
    endloop
  endfacet
  facet normal 0 0 0
    outer loop
      vertex -236.000 46.765 83.000
      vertex -208.000 46.765 83.000
      vertex -208.000 42.841 88.873
    endloop
  endfacet
  facet normal 0 0 0
    outer loop
      vertex -236.000 46.765 83.000
      vertex -208.000 42.841 88.873
      vertex -236.000 42.841 88.873
    endloop
  endfacet
  facet normal 0 0 0
    outer loop
      vertex -236.000 0.000 56.000
      vertex -236.000 42.841 88.873
      vertex -236.000 46.765 83.000
    endloop
  endfacet
  facet normal 0 0 0
    outer loop
      vertex -208.000 0.000 56.000
      vertex -208.000 46.765 83.000
      vertex -208.000 42.841 88.873
    endloop
  endfacet
  facet normal 0 0 0
    outer loop
      vertex -236.000 42.841 88.873
      vertex -208.000 42.841 88.873
      vertex -208.000 38.184 94.184
    endloop
  endfacet
  facet normal 0 0 0
    outer loop
      vertex -236.000 42.841 88.873
      vertex -208.000 38.184 94.184
      vertex -236.000 38.184 94.184
    endloop
  endfacet
  facet normal 0 0 0
    outer loop
      vertex -236.000 0.000 56.000
      vertex -236.000 38.184 94.184
      vertex -236.000 42.841 88.873
    endloop
  endfacet
  facet normal 0 0 0
    outer loop
      vertex -208.000 0.000 56.000
      vertex -208.000 42.841 88.873
      vertex -208.000 38.184 94.184
    endloop
  endfacet
  facet normal 0 0 0
    outer loop
      vertex -236.000 38.184 94.184
      vertex -208.000 38.184 94.184
      vertex -208.000 32.873 98.841
    endloop
  endfacet
  facet normal 0 0 0
    outer loop
      vertex -236.000 38.184 94.184
      vertex -208.000 32.873 98.841
      vertex -236.000 32.873 98.841
    endloop
  endfacet
  facet normal 0 0 0
    outer loop
      vertex -236.000 0.000 56.000
      vertex -236.000 32.873 98.841
      vertex -236.000 38.184 94.184
    endloop
  endfacet
  facet normal 0 0 0
    outer loop
      vertex -208.000 0.000 56.000
      vertex -208.000 38.184 94.184
      vertex -208.000 32.873 98.841
    endloop
  endfacet
  facet normal 0 0 0
    outer loop
      vertex -236.000 32.873 98.841
      vertex -208.000 32.873 98.841
      vertex -208.000 27.000 102.765
    endloop
  endfacet
  facet normal 0 0 0
    outer loop
      vertex -236.000 32.873 98.841
      vertex -208.000 27.000 102.765
      vertex -236.000 27.000 102.765
    endloop
  endfacet
  facet normal 0 0 0
    outer loop
      vertex -236.000 0.000 56.000
      vertex -236.000 27.000 102.765
      vertex -236.000 32.873 98.841
    endloop
  endfacet
  facet normal 0 0 0
    outer loop
      vertex -208.000 0.000 56.000
      vertex -208.000 32.873 98.841
      vertex -208.000 27.000 102.765
    endloop
  endfacet
  facet normal 0 0 0
    outer loop
      vertex -236.000 27.000 102.765
      vertex -208.000 27.000 102.765
      vertex -208.000 20.665 105.889
    endloop
  endfacet
  facet normal 0 0 0
    outer loop
      vertex -236.000 27.000 102.765
      vertex -208.000 20.665 105.889
      vertex -236.000 20.665 105.889
    endloop
  endfacet
  facet normal 0 0 0
    outer loop
      vertex -236.000 0.000 56.000
      vertex -236.000 20.665 105.889
      vertex -236.000 27.000 102.765
    endloop
  endfacet
  facet normal 0 0 0
    outer loop
      vertex -208.000 0.000 56.000
      vertex -208.000 27.000 102.765
      vertex -208.000 20.665 105.889
    endloop
  endfacet
  facet normal 0 0 0
    outer loop
      vertex -236.000 20.665 105.889
      vertex -208.000 20.665 105.889
      vertex -208.000 13.976 108.160
    endloop
  endfacet
  facet normal 0 0 0
    outer loop
      vertex -236.000 20.665 105.889
      vertex -208.000 13.976 108.160
      vertex -236.000 13.976 108.160
    endloop
  endfacet
  facet normal 0 0 0
    outer loop
      vertex -236.000 0.000 56.000
      vertex -236.000 13.976 108.160
      vertex -236.000 20.665 105.889
    endloop
  endfacet
  facet normal 0 0 0
    outer loop
      vertex -208.000 0.000 56.000
      vertex -208.000 20.665 105.889
      vertex -208.000 13.976 108.160
    endloop
  endfacet
  facet normal 0 0 0
    outer loop
      vertex -236.000 13.976 108.160
      vertex -208.000 13.976 108.160
      vertex -208.000 7.048 109.538
    endloop
  endfacet
  facet normal 0 0 0
    outer loop
      vertex -236.000 13.976 108.160
      vertex -208.000 7.048 109.538
      vertex -236.000 7.048 109.538
    endloop
  endfacet
  facet normal 0 0 0
    outer loop
      vertex -236.000 0.000 56.000
      vertex -236.000 7.048 109.538
      vertex -236.000 13.976 108.160
    endloop
  endfacet
  facet normal 0 0 0
    outer loop
      vertex -208.000 0.000 56.000
      vertex -208.000 13.976 108.160
      vertex -208.000 7.048 109.538
    endloop
  endfacet
  facet normal 0 0 0
    outer loop
      vertex -236.000 7.048 109.538
      vertex -208.000 7.048 109.538
      vertex -208.000 0.000 110.000
    endloop
  endfacet
  facet normal 0 0 0
    outer loop
      vertex -236.000 7.048 109.538
      vertex -208.000 0.000 110.000
      vertex -236.000 0.000 110.000
    endloop
  endfacet
  facet normal 0 0 0
    outer loop
      vertex -236.000 0.000 56.000
      vertex -236.000 0.000 110.000
      vertex -236.000 7.048 109.538
    endloop
  endfacet
  facet normal 0 0 0
    outer loop
      vertex -208.000 0.000 56.000
      vertex -208.000 7.048 109.538
      vertex -208.000 0.000 110.000
    endloop
  endfacet
  facet normal 0 0 0
    outer loop
      vertex -236.000 0.000 110.000
      vertex -208.000 0.000 110.000
      vertex -208.000 -7.048 109.538
    endloop
  endfacet
  facet normal 0 0 0
    outer loop
      vertex -236.000 0.000 110.000
      vertex -208.000 -7.048 109.538
      vertex -236.000 -7.048 109.538
    endloop
  endfacet
  facet normal 0 0 0
    outer loop
      vertex -236.000 0.000 56.000
      vertex -236.000 -7.048 109.538
      vertex -236.000 0.000 110.000
    endloop
  endfacet
  facet normal 0 0 0
    outer loop
      vertex -208.000 0.000 56.000
      vertex -208.000 0.000 110.000
      vertex -208.000 -7.048 109.538
    endloop
  endfacet
  facet normal 0 0 0
    outer loop
      vertex -236.000 -7.048 109.538
      vertex -208.000 -7.048 109.538
      vertex -208.000 -13.976 108.160
    endloop
  endfacet
  facet normal 0 0 0
    outer loop
      vertex -236.000 -7.048 109.538
      vertex -208.000 -13.976 108.160
      vertex -236.000 -13.976 108.160
    endloop
  endfacet
  facet normal 0 0 0
    outer loop
      vertex -236.000 0.000 56.000
      vertex -236.000 -13.976 108.160
      vertex -236.000 -7.048 109.538
    endloop
  endfacet
  facet normal 0 0 0
    outer loop
      vertex -208.000 0.000 56.000
      vertex -208.000 -7.048 109.538
      vertex -208.000 -13.976 108.160
    endloop
  endfacet
  facet normal 0 0 0
    outer loop
      vertex -236.000 -13.976 108.160
      vertex -208.000 -13.976 108.160
      vertex -208.000 -20.665 105.889
    endloop
  endfacet
  facet normal 0 0 0
    outer loop
      vertex -236.000 -13.976 108.160
      vertex -208.000 -20.665 105.889
      vertex -236.000 -20.665 105.889
    endloop
  endfacet
  facet normal 0 0 0
    outer loop
      vertex -236.000 0.000 56.000
      vertex -236.000 -20.665 105.889
      vertex -236.000 -13.976 108.160
    endloop
  endfacet
  facet normal 0 0 0
    outer loop
      vertex -208.000 0.000 56.000
      vertex -208.000 -13.976 108.160
      vertex -208.000 -20.665 105.889
    endloop
  endfacet
  facet normal 0 0 0
    outer loop
      vertex -236.000 -20.665 105.889
      vertex -208.000 -20.665 105.889
      vertex -208.000 -27.000 102.765
    endloop
  endfacet
  facet normal 0 0 0
    outer loop
      vertex -236.000 -20.665 105.889
      vertex -208.000 -27.000 102.765
      vertex -236.000 -27.000 102.765
    endloop
  endfacet
  facet normal 0 0 0
    outer loop
      vertex -236.000 0.000 56.000
      vertex -236.000 -27.000 102.765
      vertex -236.000 -20.665 105.889
    endloop
  endfacet
  facet normal 0 0 0
    outer loop
      vertex -208.000 0.000 56.000
      vertex -208.000 -20.665 105.889
      vertex -208.000 -27.000 102.765
    endloop
  endfacet
  facet normal 0 0 0
    outer loop
      vertex -236.000 -27.000 102.765
      vertex -208.000 -27.000 102.765
      vertex -208.000 -32.873 98.841
    endloop
  endfacet
  facet normal 0 0 0
    outer loop
      vertex -236.000 -27.000 102.765
      vertex -208.000 -32.873 98.841
      vertex -236.000 -32.873 98.841
    endloop
  endfacet
  facet normal 0 0 0
    outer loop
      vertex -236.000 0.000 56.000
      vertex -236.000 -32.873 98.841
      vertex -236.000 -27.000 102.765
    endloop
  endfacet
  facet normal 0 0 0
    outer loop
      vertex -208.000 0.000 56.000
      vertex -208.000 -27.000 102.765
      vertex -208.000 -32.873 98.841
    endloop
  endfacet
  facet normal 0 0 0
    outer loop
      vertex -236.000 -32.873 98.841
      vertex -208.000 -32.873 98.841
      vertex -208.000 -38.184 94.184
    endloop
  endfacet
  facet normal 0 0 0
    outer loop
      vertex -236.000 -32.873 98.841
      vertex -208.000 -38.184 94.184
      vertex -236.000 -38.184 94.184
    endloop
  endfacet
  facet normal 0 0 0
    outer loop
      vertex -236.000 0.000 56.000
      vertex -236.000 -38.184 94.184
      vertex -236.000 -32.873 98.841
    endloop
  endfacet
  facet normal 0 0 0
    outer loop
      vertex -208.000 0.000 56.000
      vertex -208.000 -32.873 98.841
      vertex -208.000 -38.184 94.184
    endloop
  endfacet
  facet normal 0 0 0
    outer loop
      vertex -236.000 -38.184 94.184
      vertex -208.000 -38.184 94.184
      vertex -208.000 -42.841 88.873
    endloop
  endfacet
  facet normal 0 0 0
    outer loop
      vertex -236.000 -38.184 94.184
      vertex -208.000 -42.841 88.873
      vertex -236.000 -42.841 88.873
    endloop
  endfacet
  facet normal 0 0 0
    outer loop
      vertex -236.000 0.000 56.000
      vertex -236.000 -42.841 88.873
      vertex -236.000 -38.184 94.184
    endloop
  endfacet
  facet normal 0 0 0
    outer loop
      vertex -208.000 0.000 56.000
      vertex -208.000 -38.184 94.184
      vertex -208.000 -42.841 88.873
    endloop
  endfacet
  facet normal 0 0 0
    outer loop
      vertex -236.000 -42.841 88.873
      vertex -208.000 -42.841 88.873
      vertex -208.000 -46.765 83.000
    endloop
  endfacet
  facet normal 0 0 0
    outer loop
      vertex -236.000 -42.841 88.873
      vertex -208.000 -46.765 83.000
      vertex -236.000 -46.765 83.000
    endloop
  endfacet
  facet normal 0 0 0
    outer loop
      vertex -236.000 0.000 56.000
      vertex -236.000 -46.765 83.000
      vertex -236.000 -42.841 88.873
    endloop
  endfacet
  facet normal 0 0 0
    outer loop
      vertex -208.000 0.000 56.000
      vertex -208.000 -42.841 88.873
      vertex -208.000 -46.765 83.000
    endloop
  endfacet
  facet normal 0 0 0
    outer loop
      vertex -236.000 -46.765 83.000
      vertex -208.000 -46.765 83.000
      vertex -208.000 -49.889 76.665
    endloop
  endfacet
  facet normal 0 0 0
    outer loop
      vertex -236.000 -46.765 83.000
      vertex -208.000 -49.889 76.665
      vertex -236.000 -49.889 76.665
    endloop
  endfacet
  facet normal 0 0 0
    outer loop
      vertex -236.000 0.000 56.000
      vertex -236.000 -49.889 76.665
      vertex -236.000 -46.765 83.000
    endloop
  endfacet
  facet normal 0 0 0
    outer loop
      vertex -208.000 0.000 56.000
      vertex -208.000 -46.765 83.000
      vertex -208.000 -49.889 76.665
    endloop
  endfacet
  facet normal 0 0 0
    outer loop
      vertex -236.000 -49.889 76.665
      vertex -208.000 -49.889 76.665
      vertex -208.000 -52.160 69.976
    endloop
  endfacet
  facet normal 0 0 0
    outer loop
      vertex -236.000 -49.889 76.665
      vertex -208.000 -52.160 69.976
      vertex -236.000 -52.160 69.976
    endloop
  endfacet
  facet normal 0 0 0
    outer loop
      vertex -236.000 0.000 56.000
      vertex -236.000 -52.160 69.976
      vertex -236.000 -49.889 76.665
    endloop
  endfacet
  facet normal 0 0 0
    outer loop
      vertex -208.000 0.000 56.000
      vertex -208.000 -49.889 76.665
      vertex -208.000 -52.160 69.976
    endloop
  endfacet
  facet normal 0 0 0
    outer loop
      vertex -236.000 -52.160 69.976
      vertex -208.000 -52.160 69.976
      vertex -208.000 -53.538 63.048
    endloop
  endfacet
  facet normal 0 0 0
    outer loop
      vertex -236.000 -52.160 69.976
      vertex -208.000 -53.538 63.048
      vertex -236.000 -53.538 63.048
    endloop
  endfacet
  facet normal 0 0 0
    outer loop
      vertex -236.000 0.000 56.000
      vertex -236.000 -53.538 63.048
      vertex -236.000 -52.160 69.976
    endloop
  endfacet
  facet normal 0 0 0
    outer loop
      vertex -208.000 0.000 56.000
      vertex -208.000 -52.160 69.976
      vertex -208.000 -53.538 63.048
    endloop
  endfacet
  facet normal 0 0 0
    outer loop
      vertex -236.000 -53.538 63.048
      vertex -208.000 -53.538 63.048
      vertex -208.000 -54.000 56.000
    endloop
  endfacet
  facet normal 0 0 0
    outer loop
      vertex -236.000 -53.538 63.048
      vertex -208.000 -54.000 56.000
      vertex -236.000 -54.000 56.000
    endloop
  endfacet
  facet normal 0 0 0
    outer loop
      vertex -236.000 0.000 56.000
      vertex -236.000 -54.000 56.000
      vertex -236.000 -53.538 63.048
    endloop
  endfacet
  facet normal 0 0 0
    outer loop
      vertex -208.000 0.000 56.000
      vertex -208.000 -53.538 63.048
      vertex -208.000 -54.000 56.000
    endloop
  endfacet
  facet normal 0 0 0
    outer loop
      vertex -236.000 -54.000 56.000
      vertex -208.000 -54.000 56.000
      vertex -208.000 -53.538 48.952
    endloop
  endfacet
  facet normal 0 0 0
    outer loop
      vertex -236.000 -54.000 56.000
      vertex -208.000 -53.538 48.952
      vertex -236.000 -53.538 48.952
    endloop
  endfacet
  facet normal 0 0 0
    outer loop
      vertex -236.000 0.000 56.000
      vertex -236.000 -53.538 48.952
      vertex -236.000 -54.000 56.000
    endloop
  endfacet
  facet normal 0 0 0
    outer loop
      vertex -208.000 0.000 56.000
      vertex -208.000 -54.000 56.000
      vertex -208.000 -53.538 48.952
    endloop
  endfacet
  facet normal 0 0 0
    outer loop
      vertex -236.000 -53.538 48.952
      vertex -208.000 -53.538 48.952
      vertex -208.000 -52.160 42.024
    endloop
  endfacet
  facet normal 0 0 0
    outer loop
      vertex -236.000 -53.538 48.952
      vertex -208.000 -52.160 42.024
      vertex -236.000 -52.160 42.024
    endloop
  endfacet
  facet normal 0 0 0
    outer loop
      vertex -236.000 0.000 56.000
      vertex -236.000 -52.160 42.024
      vertex -236.000 -53.538 48.952
    endloop
  endfacet
  facet normal 0 0 0
    outer loop
      vertex -208.000 0.000 56.000
      vertex -208.000 -53.538 48.952
      vertex -208.000 -52.160 42.024
    endloop
  endfacet
  facet normal 0 0 0
    outer loop
      vertex -236.000 -52.160 42.024
      vertex -208.000 -52.160 42.024
      vertex -208.000 -49.889 35.335
    endloop
  endfacet
  facet normal 0 0 0
    outer loop
      vertex -236.000 -52.160 42.024
      vertex -208.000 -49.889 35.335
      vertex -236.000 -49.889 35.335
    endloop
  endfacet
  facet normal 0 0 0
    outer loop
      vertex -236.000 0.000 56.000
      vertex -236.000 -49.889 35.335
      vertex -236.000 -52.160 42.024
    endloop
  endfacet
  facet normal 0 0 0
    outer loop
      vertex -208.000 0.000 56.000
      vertex -208.000 -52.160 42.024
      vertex -208.000 -49.889 35.335
    endloop
  endfacet
  facet normal 0 0 0
    outer loop
      vertex -236.000 -49.889 35.335
      vertex -208.000 -49.889 35.335
      vertex -208.000 -46.765 29.000
    endloop
  endfacet
  facet normal 0 0 0
    outer loop
      vertex -236.000 -49.889 35.335
      vertex -208.000 -46.765 29.000
      vertex -236.000 -46.765 29.000
    endloop
  endfacet
  facet normal 0 0 0
    outer loop
      vertex -236.000 0.000 56.000
      vertex -236.000 -46.765 29.000
      vertex -236.000 -49.889 35.335
    endloop
  endfacet
  facet normal 0 0 0
    outer loop
      vertex -208.000 0.000 56.000
      vertex -208.000 -49.889 35.335
      vertex -208.000 -46.765 29.000
    endloop
  endfacet
  facet normal 0 0 0
    outer loop
      vertex -236.000 -46.765 29.000
      vertex -208.000 -46.765 29.000
      vertex -208.000 -42.841 23.127
    endloop
  endfacet
  facet normal 0 0 0
    outer loop
      vertex -236.000 -46.765 29.000
      vertex -208.000 -42.841 23.127
      vertex -236.000 -42.841 23.127
    endloop
  endfacet
  facet normal 0 0 0
    outer loop
      vertex -236.000 0.000 56.000
      vertex -236.000 -42.841 23.127
      vertex -236.000 -46.765 29.000
    endloop
  endfacet
  facet normal 0 0 0
    outer loop
      vertex -208.000 0.000 56.000
      vertex -208.000 -46.765 29.000
      vertex -208.000 -42.841 23.127
    endloop
  endfacet
  facet normal 0 0 0
    outer loop
      vertex -236.000 -42.841 23.127
      vertex -208.000 -42.841 23.127
      vertex -208.000 -38.184 17.816
    endloop
  endfacet
  facet normal 0 0 0
    outer loop
      vertex -236.000 -42.841 23.127
      vertex -208.000 -38.184 17.816
      vertex -236.000 -38.184 17.816
    endloop
  endfacet
  facet normal 0 0 0
    outer loop
      vertex -236.000 0.000 56.000
      vertex -236.000 -38.184 17.816
      vertex -236.000 -42.841 23.127
    endloop
  endfacet
  facet normal 0 0 0
    outer loop
      vertex -208.000 0.000 56.000
      vertex -208.000 -42.841 23.127
      vertex -208.000 -38.184 17.816
    endloop
  endfacet
  facet normal 0 0 0
    outer loop
      vertex -236.000 -38.184 17.816
      vertex -208.000 -38.184 17.816
      vertex -208.000 -32.873 13.159
    endloop
  endfacet
  facet normal 0 0 0
    outer loop
      vertex -236.000 -38.184 17.816
      vertex -208.000 -32.873 13.159
      vertex -236.000 -32.873 13.159
    endloop
  endfacet
  facet normal 0 0 0
    outer loop
      vertex -236.000 0.000 56.000
      vertex -236.000 -32.873 13.159
      vertex -236.000 -38.184 17.816
    endloop
  endfacet
  facet normal 0 0 0
    outer loop
      vertex -208.000 0.000 56.000
      vertex -208.000 -38.184 17.816
      vertex -208.000 -32.873 13.159
    endloop
  endfacet
  facet normal 0 0 0
    outer loop
      vertex -236.000 -32.873 13.159
      vertex -208.000 -32.873 13.159
      vertex -208.000 -27.000 9.235
    endloop
  endfacet
  facet normal 0 0 0
    outer loop
      vertex -236.000 -32.873 13.159
      vertex -208.000 -27.000 9.235
      vertex -236.000 -27.000 9.235
    endloop
  endfacet
  facet normal 0 0 0
    outer loop
      vertex -236.000 0.000 56.000
      vertex -236.000 -27.000 9.235
      vertex -236.000 -32.873 13.159
    endloop
  endfacet
  facet normal 0 0 0
    outer loop
      vertex -208.000 0.000 56.000
      vertex -208.000 -32.873 13.159
      vertex -208.000 -27.000 9.235
    endloop
  endfacet
  facet normal 0 0 0
    outer loop
      vertex -236.000 -27.000 9.235
      vertex -208.000 -27.000 9.235
      vertex -208.000 -20.665 6.111
    endloop
  endfacet
  facet normal 0 0 0
    outer loop
      vertex -236.000 -27.000 9.235
      vertex -208.000 -20.665 6.111
      vertex -236.000 -20.665 6.111
    endloop
  endfacet
  facet normal 0 0 0
    outer loop
      vertex -236.000 0.000 56.000
      vertex -236.000 -20.665 6.111
      vertex -236.000 -27.000 9.235
    endloop
  endfacet
  facet normal 0 0 0
    outer loop
      vertex -208.000 0.000 56.000
      vertex -208.000 -27.000 9.235
      vertex -208.000 -20.665 6.111
    endloop
  endfacet
  facet normal 0 0 0
    outer loop
      vertex -236.000 -20.665 6.111
      vertex -208.000 -20.665 6.111
      vertex -208.000 -13.976 3.840
    endloop
  endfacet
  facet normal 0 0 0
    outer loop
      vertex -236.000 -20.665 6.111
      vertex -208.000 -13.976 3.840
      vertex -236.000 -13.976 3.840
    endloop
  endfacet
  facet normal 0 0 0
    outer loop
      vertex -236.000 0.000 56.000
      vertex -236.000 -13.976 3.840
      vertex -236.000 -20.665 6.111
    endloop
  endfacet
  facet normal 0 0 0
    outer loop
      vertex -208.000 0.000 56.000
      vertex -208.000 -20.665 6.111
      vertex -208.000 -13.976 3.840
    endloop
  endfacet
  facet normal 0 0 0
    outer loop
      vertex -236.000 -13.976 3.840
      vertex -208.000 -13.976 3.840
      vertex -208.000 -7.048 2.462
    endloop
  endfacet
  facet normal 0 0 0
    outer loop
      vertex -236.000 -13.976 3.840
      vertex -208.000 -7.048 2.462
      vertex -236.000 -7.048 2.462
    endloop
  endfacet
  facet normal 0 0 0
    outer loop
      vertex -236.000 0.000 56.000
      vertex -236.000 -7.048 2.462
      vertex -236.000 -13.976 3.840
    endloop
  endfacet
  facet normal 0 0 0
    outer loop
      vertex -208.000 0.000 56.000
      vertex -208.000 -13.976 3.840
      vertex -208.000 -7.048 2.462
    endloop
  endfacet
  facet normal 0 0 0
    outer loop
      vertex -236.000 -7.048 2.462
      vertex -208.000 -7.048 2.462
      vertex -208.000 -0.000 2.000
    endloop
  endfacet
  facet normal 0 0 0
    outer loop
      vertex -236.000 -7.048 2.462
      vertex -208.000 -0.000 2.000
      vertex -236.000 -0.000 2.000
    endloop
  endfacet
  facet normal 0 0 0
    outer loop
      vertex -236.000 0.000 56.000
      vertex -236.000 -0.000 2.000
      vertex -236.000 -7.048 2.462
    endloop
  endfacet
  facet normal 0 0 0
    outer loop
      vertex -208.000 0.000 56.000
      vertex -208.000 -7.048 2.462
      vertex -208.000 -0.000 2.000
    endloop
  endfacet
  facet normal 0 0 0
    outer loop
      vertex -236.000 -0.000 2.000
      vertex -208.000 -0.000 2.000
      vertex -208.000 7.048 2.462
    endloop
  endfacet
  facet normal 0 0 0
    outer loop
      vertex -236.000 -0.000 2.000
      vertex -208.000 7.048 2.462
      vertex -236.000 7.048 2.462
    endloop
  endfacet
  facet normal 0 0 0
    outer loop
      vertex -236.000 0.000 56.000
      vertex -236.000 7.048 2.462
      vertex -236.000 -0.000 2.000
    endloop
  endfacet
  facet normal 0 0 0
    outer loop
      vertex -208.000 0.000 56.000
      vertex -208.000 -0.000 2.000
      vertex -208.000 7.048 2.462
    endloop
  endfacet
  facet normal 0 0 0
    outer loop
      vertex -236.000 7.048 2.462
      vertex -208.000 7.048 2.462
      vertex -208.000 13.976 3.840
    endloop
  endfacet
  facet normal 0 0 0
    outer loop
      vertex -236.000 7.048 2.462
      vertex -208.000 13.976 3.840
      vertex -236.000 13.976 3.840
    endloop
  endfacet
  facet normal 0 0 0
    outer loop
      vertex -236.000 0.000 56.000
      vertex -236.000 13.976 3.840
      vertex -236.000 7.048 2.462
    endloop
  endfacet
  facet normal 0 0 0
    outer loop
      vertex -208.000 0.000 56.000
      vertex -208.000 7.048 2.462
      vertex -208.000 13.976 3.840
    endloop
  endfacet
  facet normal 0 0 0
    outer loop
      vertex -236.000 13.976 3.840
      vertex -208.000 13.976 3.840
      vertex -208.000 20.665 6.111
    endloop
  endfacet
  facet normal 0 0 0
    outer loop
      vertex -236.000 13.976 3.840
      vertex -208.000 20.665 6.111
      vertex -236.000 20.665 6.111
    endloop
  endfacet
  facet normal 0 0 0
    outer loop
      vertex -236.000 0.000 56.000
      vertex -236.000 20.665 6.111
      vertex -236.000 13.976 3.840
    endloop
  endfacet
  facet normal 0 0 0
    outer loop
      vertex -208.000 0.000 56.000
      vertex -208.000 13.976 3.840
      vertex -208.000 20.665 6.111
    endloop
  endfacet
  facet normal 0 0 0
    outer loop
      vertex -236.000 20.665 6.111
      vertex -208.000 20.665 6.111
      vertex -208.000 27.000 9.235
    endloop
  endfacet
  facet normal 0 0 0
    outer loop
      vertex -236.000 20.665 6.111
      vertex -208.000 27.000 9.235
      vertex -236.000 27.000 9.235
    endloop
  endfacet
  facet normal 0 0 0
    outer loop
      vertex -236.000 0.000 56.000
      vertex -236.000 27.000 9.235
      vertex -236.000 20.665 6.111
    endloop
  endfacet
  facet normal 0 0 0
    outer loop
      vertex -208.000 0.000 56.000
      vertex -208.000 20.665 6.111
      vertex -208.000 27.000 9.235
    endloop
  endfacet
  facet normal 0 0 0
    outer loop
      vertex -236.000 27.000 9.235
      vertex -208.000 27.000 9.235
      vertex -208.000 32.873 13.159
    endloop
  endfacet
  facet normal 0 0 0
    outer loop
      vertex -236.000 27.000 9.235
      vertex -208.000 32.873 13.159
      vertex -236.000 32.873 13.159
    endloop
  endfacet
  facet normal 0 0 0
    outer loop
      vertex -236.000 0.000 56.000
      vertex -236.000 32.873 13.159
      vertex -236.000 27.000 9.235
    endloop
  endfacet
  facet normal 0 0 0
    outer loop
      vertex -208.000 0.000 56.000
      vertex -208.000 27.000 9.235
      vertex -208.000 32.873 13.159
    endloop
  endfacet
  facet normal 0 0 0
    outer loop
      vertex -236.000 32.873 13.159
      vertex -208.000 32.873 13.159
      vertex -208.000 38.184 17.816
    endloop
  endfacet
  facet normal 0 0 0
    outer loop
      vertex -236.000 32.873 13.159
      vertex -208.000 38.184 17.816
      vertex -236.000 38.184 17.816
    endloop
  endfacet
  facet normal 0 0 0
    outer loop
      vertex -236.000 0.000 56.000
      vertex -236.000 38.184 17.816
      vertex -236.000 32.873 13.159
    endloop
  endfacet
  facet normal 0 0 0
    outer loop
      vertex -208.000 0.000 56.000
      vertex -208.000 32.873 13.159
      vertex -208.000 38.184 17.816
    endloop
  endfacet
  facet normal 0 0 0
    outer loop
      vertex -236.000 38.184 17.816
      vertex -208.000 38.184 17.816
      vertex -208.000 42.841 23.127
    endloop
  endfacet
  facet normal 0 0 0
    outer loop
      vertex -236.000 38.184 17.816
      vertex -208.000 42.841 23.127
      vertex -236.000 42.841 23.127
    endloop
  endfacet
  facet normal 0 0 0
    outer loop
      vertex -236.000 0.000 56.000
      vertex -236.000 42.841 23.127
      vertex -236.000 38.184 17.816
    endloop
  endfacet
  facet normal 0 0 0
    outer loop
      vertex -208.000 0.000 56.000
      vertex -208.000 38.184 17.816
      vertex -208.000 42.841 23.127
    endloop
  endfacet
  facet normal 0 0 0
    outer loop
      vertex -236.000 42.841 23.127
      vertex -208.000 42.841 23.127
      vertex -208.000 46.765 29.000
    endloop
  endfacet
  facet normal 0 0 0
    outer loop
      vertex -236.000 42.841 23.127
      vertex -208.000 46.765 29.000
      vertex -236.000 46.765 29.000
    endloop
  endfacet
  facet normal 0 0 0
    outer loop
      vertex -236.000 0.000 56.000
      vertex -236.000 46.765 29.000
      vertex -236.000 42.841 23.127
    endloop
  endfacet
  facet normal 0 0 0
    outer loop
      vertex -208.000 0.000 56.000
      vertex -208.000 42.841 23.127
      vertex -208.000 46.765 29.000
    endloop
  endfacet
  facet normal 0 0 0
    outer loop
      vertex -236.000 46.765 29.000
      vertex -208.000 46.765 29.000
      vertex -208.000 49.889 35.335
    endloop
  endfacet
  facet normal 0 0 0
    outer loop
      vertex -236.000 46.765 29.000
      vertex -208.000 49.889 35.335
      vertex -236.000 49.889 35.335
    endloop
  endfacet
  facet normal 0 0 0
    outer loop
      vertex -236.000 0.000 56.000
      vertex -236.000 49.889 35.335
      vertex -236.000 46.765 29.000
    endloop
  endfacet
  facet normal 0 0 0
    outer loop
      vertex -208.000 0.000 56.000
      vertex -208.000 46.765 29.000
      vertex -208.000 49.889 35.335
    endloop
  endfacet
  facet normal 0 0 0
    outer loop
      vertex -236.000 49.889 35.335
      vertex -208.000 49.889 35.335
      vertex -208.000 52.160 42.024
    endloop
  endfacet
  facet normal 0 0 0
    outer loop
      vertex -236.000 49.889 35.335
      vertex -208.000 52.160 42.024
      vertex -236.000 52.160 42.024
    endloop
  endfacet
  facet normal 0 0 0
    outer loop
      vertex -236.000 0.000 56.000
      vertex -236.000 52.160 42.024
      vertex -236.000 49.889 35.335
    endloop
  endfacet
  facet normal 0 0 0
    outer loop
      vertex -208.000 0.000 56.000
      vertex -208.000 49.889 35.335
      vertex -208.000 52.160 42.024
    endloop
  endfacet
  facet normal 0 0 0
    outer loop
      vertex -236.000 52.160 42.024
      vertex -208.000 52.160 42.024
      vertex -208.000 53.538 48.952
    endloop
  endfacet
  facet normal 0 0 0
    outer loop
      vertex -236.000 52.160 42.024
      vertex -208.000 53.538 48.952
      vertex -236.000 53.538 48.952
    endloop
  endfacet
  facet normal 0 0 0
    outer loop
      vertex -236.000 0.000 56.000
      vertex -236.000 53.538 48.952
      vertex -236.000 52.160 42.024
    endloop
  endfacet
  facet normal 0 0 0
    outer loop
      vertex -208.000 0.000 56.000
      vertex -208.000 52.160 42.024
      vertex -208.000 53.538 48.952
    endloop
  endfacet
  facet normal 0 0 0
    outer loop
      vertex -236.000 53.538 48.952
      vertex -208.000 53.538 48.952
      vertex -208.000 54.000 56.000
    endloop
  endfacet
  facet normal 0 0 0
    outer loop
      vertex -236.000 53.538 48.952
      vertex -208.000 54.000 56.000
      vertex -236.000 54.000 56.000
    endloop
  endfacet
  facet normal 0 0 0
    outer loop
      vertex -236.000 0.000 56.000
      vertex -236.000 54.000 56.000
      vertex -236.000 53.538 48.952
    endloop
  endfacet
  facet normal 0 0 0
    outer loop
      vertex -208.000 0.000 56.000
      vertex -208.000 53.538 48.952
      vertex -208.000 54.000 56.000
    endloop
  endfacet
  // roda_lateral_direita
  facet normal 0 0 0
    outer loop
      vertex 208.000 54.000 56.000
      vertex 236.000 54.000 56.000
      vertex 236.000 53.538 63.048
    endloop
  endfacet
  facet normal 0 0 0
    outer loop
      vertex 208.000 54.000 56.000
      vertex 236.000 53.538 63.048
      vertex 208.000 53.538 63.048
    endloop
  endfacet
  facet normal 0 0 0
    outer loop
      vertex 208.000 0.000 56.000
      vertex 208.000 53.538 63.048
      vertex 208.000 54.000 56.000
    endloop
  endfacet
  facet normal 0 0 0
    outer loop
      vertex 236.000 0.000 56.000
      vertex 236.000 54.000 56.000
      vertex 236.000 53.538 63.048
    endloop
  endfacet
  facet normal 0 0 0
    outer loop
      vertex 208.000 53.538 63.048
      vertex 236.000 53.538 63.048
      vertex 236.000 52.160 69.976
    endloop
  endfacet
  facet normal 0 0 0
    outer loop
      vertex 208.000 53.538 63.048
      vertex 236.000 52.160 69.976
      vertex 208.000 52.160 69.976
    endloop
  endfacet
  facet normal 0 0 0
    outer loop
      vertex 208.000 0.000 56.000
      vertex 208.000 52.160 69.976
      vertex 208.000 53.538 63.048
    endloop
  endfacet
  facet normal 0 0 0
    outer loop
      vertex 236.000 0.000 56.000
      vertex 236.000 53.538 63.048
      vertex 236.000 52.160 69.976
    endloop
  endfacet
  facet normal 0 0 0
    outer loop
      vertex 208.000 52.160 69.976
      vertex 236.000 52.160 69.976
      vertex 236.000 49.889 76.665
    endloop
  endfacet
  facet normal 0 0 0
    outer loop
      vertex 208.000 52.160 69.976
      vertex 236.000 49.889 76.665
      vertex 208.000 49.889 76.665
    endloop
  endfacet
  facet normal 0 0 0
    outer loop
      vertex 208.000 0.000 56.000
      vertex 208.000 49.889 76.665
      vertex 208.000 52.160 69.976
    endloop
  endfacet
  facet normal 0 0 0
    outer loop
      vertex 236.000 0.000 56.000
      vertex 236.000 52.160 69.976
      vertex 236.000 49.889 76.665
    endloop
  endfacet
  facet normal 0 0 0
    outer loop
      vertex 208.000 49.889 76.665
      vertex 236.000 49.889 76.665
      vertex 236.000 46.765 83.000
    endloop
  endfacet
  facet normal 0 0 0
    outer loop
      vertex 208.000 49.889 76.665
      vertex 236.000 46.765 83.000
      vertex 208.000 46.765 83.000
    endloop
  endfacet
  facet normal 0 0 0
    outer loop
      vertex 208.000 0.000 56.000
      vertex 208.000 46.765 83.000
      vertex 208.000 49.889 76.665
    endloop
  endfacet
  facet normal 0 0 0
    outer loop
      vertex 236.000 0.000 56.000
      vertex 236.000 49.889 76.665
      vertex 236.000 46.765 83.000
    endloop
  endfacet
  facet normal 0 0 0
    outer loop
      vertex 208.000 46.765 83.000
      vertex 236.000 46.765 83.000
      vertex 236.000 42.841 88.873
    endloop
  endfacet
  facet normal 0 0 0
    outer loop
      vertex 208.000 46.765 83.000
      vertex 236.000 42.841 88.873
      vertex 208.000 42.841 88.873
    endloop
  endfacet
  facet normal 0 0 0
    outer loop
      vertex 208.000 0.000 56.000
      vertex 208.000 42.841 88.873
      vertex 208.000 46.765 83.000
    endloop
  endfacet
  facet normal 0 0 0
    outer loop
      vertex 236.000 0.000 56.000
      vertex 236.000 46.765 83.000
      vertex 236.000 42.841 88.873
    endloop
  endfacet
  facet normal 0 0 0
    outer loop
      vertex 208.000 42.841 88.873
      vertex 236.000 42.841 88.873
      vertex 236.000 38.184 94.184
    endloop
  endfacet
  facet normal 0 0 0
    outer loop
      vertex 208.000 42.841 88.873
      vertex 236.000 38.184 94.184
      vertex 208.000 38.184 94.184
    endloop
  endfacet
  facet normal 0 0 0
    outer loop
      vertex 208.000 0.000 56.000
      vertex 208.000 38.184 94.184
      vertex 208.000 42.841 88.873
    endloop
  endfacet
  facet normal 0 0 0
    outer loop
      vertex 236.000 0.000 56.000
      vertex 236.000 42.841 88.873
      vertex 236.000 38.184 94.184
    endloop
  endfacet
  facet normal 0 0 0
    outer loop
      vertex 208.000 38.184 94.184
      vertex 236.000 38.184 94.184
      vertex 236.000 32.873 98.841
    endloop
  endfacet
  facet normal 0 0 0
    outer loop
      vertex 208.000 38.184 94.184
      vertex 236.000 32.873 98.841
      vertex 208.000 32.873 98.841
    endloop
  endfacet
  facet normal 0 0 0
    outer loop
      vertex 208.000 0.000 56.000
      vertex 208.000 32.873 98.841
      vertex 208.000 38.184 94.184
    endloop
  endfacet
  facet normal 0 0 0
    outer loop
      vertex 236.000 0.000 56.000
      vertex 236.000 38.184 94.184
      vertex 236.000 32.873 98.841
    endloop
  endfacet
  facet normal 0 0 0
    outer loop
      vertex 208.000 32.873 98.841
      vertex 236.000 32.873 98.841
      vertex 236.000 27.000 102.765
    endloop
  endfacet
  facet normal 0 0 0
    outer loop
      vertex 208.000 32.873 98.841
      vertex 236.000 27.000 102.765
      vertex 208.000 27.000 102.765
    endloop
  endfacet
  facet normal 0 0 0
    outer loop
      vertex 208.000 0.000 56.000
      vertex 208.000 27.000 102.765
      vertex 208.000 32.873 98.841
    endloop
  endfacet
  facet normal 0 0 0
    outer loop
      vertex 236.000 0.000 56.000
      vertex 236.000 32.873 98.841
      vertex 236.000 27.000 102.765
    endloop
  endfacet
  facet normal 0 0 0
    outer loop
      vertex 208.000 27.000 102.765
      vertex 236.000 27.000 102.765
      vertex 236.000 20.665 105.889
    endloop
  endfacet
  facet normal 0 0 0
    outer loop
      vertex 208.000 27.000 102.765
      vertex 236.000 20.665 105.889
      vertex 208.000 20.665 105.889
    endloop
  endfacet
  facet normal 0 0 0
    outer loop
      vertex 208.000 0.000 56.000
      vertex 208.000 20.665 105.889
      vertex 208.000 27.000 102.765
    endloop
  endfacet
  facet normal 0 0 0
    outer loop
      vertex 236.000 0.000 56.000
      vertex 236.000 27.000 102.765
      vertex 236.000 20.665 105.889
    endloop
  endfacet
  facet normal 0 0 0
    outer loop
      vertex 208.000 20.665 105.889
      vertex 236.000 20.665 105.889
      vertex 236.000 13.976 108.160
    endloop
  endfacet
  facet normal 0 0 0
    outer loop
      vertex 208.000 20.665 105.889
      vertex 236.000 13.976 108.160
      vertex 208.000 13.976 108.160
    endloop
  endfacet
  facet normal 0 0 0
    outer loop
      vertex 208.000 0.000 56.000
      vertex 208.000 13.976 108.160
      vertex 208.000 20.665 105.889
    endloop
  endfacet
  facet normal 0 0 0
    outer loop
      vertex 236.000 0.000 56.000
      vertex 236.000 20.665 105.889
      vertex 236.000 13.976 108.160
    endloop
  endfacet
  facet normal 0 0 0
    outer loop
      vertex 208.000 13.976 108.160
      vertex 236.000 13.976 108.160
      vertex 236.000 7.048 109.538
    endloop
  endfacet
  facet normal 0 0 0
    outer loop
      vertex 208.000 13.976 108.160
      vertex 236.000 7.048 109.538
      vertex 208.000 7.048 109.538
    endloop
  endfacet
  facet normal 0 0 0
    outer loop
      vertex 208.000 0.000 56.000
      vertex 208.000 7.048 109.538
      vertex 208.000 13.976 108.160
    endloop
  endfacet
  facet normal 0 0 0
    outer loop
      vertex 236.000 0.000 56.000
      vertex 236.000 13.976 108.160
      vertex 236.000 7.048 109.538
    endloop
  endfacet
  facet normal 0 0 0
    outer loop
      vertex 208.000 7.048 109.538
      vertex 236.000 7.048 109.538
      vertex 236.000 0.000 110.000
    endloop
  endfacet
  facet normal 0 0 0
    outer loop
      vertex 208.000 7.048 109.538
      vertex 236.000 0.000 110.000
      vertex 208.000 0.000 110.000
    endloop
  endfacet
  facet normal 0 0 0
    outer loop
      vertex 208.000 0.000 56.000
      vertex 208.000 0.000 110.000
      vertex 208.000 7.048 109.538
    endloop
  endfacet
  facet normal 0 0 0
    outer loop
      vertex 236.000 0.000 56.000
      vertex 236.000 7.048 109.538
      vertex 236.000 0.000 110.000
    endloop
  endfacet
  facet normal 0 0 0
    outer loop
      vertex 208.000 0.000 110.000
      vertex 236.000 0.000 110.000
      vertex 236.000 -7.048 109.538
    endloop
  endfacet
  facet normal 0 0 0
    outer loop
      vertex 208.000 0.000 110.000
      vertex 236.000 -7.048 109.538
      vertex 208.000 -7.048 109.538
    endloop
  endfacet
  facet normal 0 0 0
    outer loop
      vertex 208.000 0.000 56.000
      vertex 208.000 -7.048 109.538
      vertex 208.000 0.000 110.000
    endloop
  endfacet
  facet normal 0 0 0
    outer loop
      vertex 236.000 0.000 56.000
      vertex 236.000 0.000 110.000
      vertex 236.000 -7.048 109.538
    endloop
  endfacet
  facet normal 0 0 0
    outer loop
      vertex 208.000 -7.048 109.538
      vertex 236.000 -7.048 109.538
      vertex 236.000 -13.976 108.160
    endloop
  endfacet
  facet normal 0 0 0
    outer loop
      vertex 208.000 -7.048 109.538
      vertex 236.000 -13.976 108.160
      vertex 208.000 -13.976 108.160
    endloop
  endfacet
  facet normal 0 0 0
    outer loop
      vertex 208.000 0.000 56.000
      vertex 208.000 -13.976 108.160
      vertex 208.000 -7.048 109.538
    endloop
  endfacet
  facet normal 0 0 0
    outer loop
      vertex 236.000 0.000 56.000
      vertex 236.000 -7.048 109.538
      vertex 236.000 -13.976 108.160
    endloop
  endfacet
  facet normal 0 0 0
    outer loop
      vertex 208.000 -13.976 108.160
      vertex 236.000 -13.976 108.160
      vertex 236.000 -20.665 105.889
    endloop
  endfacet
  facet normal 0 0 0
    outer loop
      vertex 208.000 -13.976 108.160
      vertex 236.000 -20.665 105.889
      vertex 208.000 -20.665 105.889
    endloop
  endfacet
  facet normal 0 0 0
    outer loop
      vertex 208.000 0.000 56.000
      vertex 208.000 -20.665 105.889
      vertex 208.000 -13.976 108.160
    endloop
  endfacet
  facet normal 0 0 0
    outer loop
      vertex 236.000 0.000 56.000
      vertex 236.000 -13.976 108.160
      vertex 236.000 -20.665 105.889
    endloop
  endfacet
  facet normal 0 0 0
    outer loop
      vertex 208.000 -20.665 105.889
      vertex 236.000 -20.665 105.889
      vertex 236.000 -27.000 102.765
    endloop
  endfacet
  facet normal 0 0 0
    outer loop
      vertex 208.000 -20.665 105.889
      vertex 236.000 -27.000 102.765
      vertex 208.000 -27.000 102.765
    endloop
  endfacet
  facet normal 0 0 0
    outer loop
      vertex 208.000 0.000 56.000
      vertex 208.000 -27.000 102.765
      vertex 208.000 -20.665 105.889
    endloop
  endfacet
  facet normal 0 0 0
    outer loop
      vertex 236.000 0.000 56.000
      vertex 236.000 -20.665 105.889
      vertex 236.000 -27.000 102.765
    endloop
  endfacet
  facet normal 0 0 0
    outer loop
      vertex 208.000 -27.000 102.765
      vertex 236.000 -27.000 102.765
      vertex 236.000 -32.873 98.841
    endloop
  endfacet
  facet normal 0 0 0
    outer loop
      vertex 208.000 -27.000 102.765
      vertex 236.000 -32.873 98.841
      vertex 208.000 -32.873 98.841
    endloop
  endfacet
  facet normal 0 0 0
    outer loop
      vertex 208.000 0.000 56.000
      vertex 208.000 -32.873 98.841
      vertex 208.000 -27.000 102.765
    endloop
  endfacet
  facet normal 0 0 0
    outer loop
      vertex 236.000 0.000 56.000
      vertex 236.000 -27.000 102.765
      vertex 236.000 -32.873 98.841
    endloop
  endfacet
  facet normal 0 0 0
    outer loop
      vertex 208.000 -32.873 98.841
      vertex 236.000 -32.873 98.841
      vertex 236.000 -38.184 94.184
    endloop
  endfacet
  facet normal 0 0 0
    outer loop
      vertex 208.000 -32.873 98.841
      vertex 236.000 -38.184 94.184
      vertex 208.000 -38.184 94.184
    endloop
  endfacet
  facet normal 0 0 0
    outer loop
      vertex 208.000 0.000 56.000
      vertex 208.000 -38.184 94.184
      vertex 208.000 -32.873 98.841
    endloop
  endfacet
  facet normal 0 0 0
    outer loop
      vertex 236.000 0.000 56.000
      vertex 236.000 -32.873 98.841
      vertex 236.000 -38.184 94.184
    endloop
  endfacet
  facet normal 0 0 0
    outer loop
      vertex 208.000 -38.184 94.184
      vertex 236.000 -38.184 94.184
      vertex 236.000 -42.841 88.873
    endloop
  endfacet
  facet normal 0 0 0
    outer loop
      vertex 208.000 -38.184 94.184
      vertex 236.000 -42.841 88.873
      vertex 208.000 -42.841 88.873
    endloop
  endfacet
  facet normal 0 0 0
    outer loop
      vertex 208.000 0.000 56.000
      vertex 208.000 -42.841 88.873
      vertex 208.000 -38.184 94.184
    endloop
  endfacet
  facet normal 0 0 0
    outer loop
      vertex 236.000 0.000 56.000
      vertex 236.000 -38.184 94.184
      vertex 236.000 -42.841 88.873
    endloop
  endfacet
  facet normal 0 0 0
    outer loop
      vertex 208.000 -42.841 88.873
      vertex 236.000 -42.841 88.873
      vertex 236.000 -46.765 83.000
    endloop
  endfacet
  facet normal 0 0 0
    outer loop
      vertex 208.000 -42.841 88.873
      vertex 236.000 -46.765 83.000
      vertex 208.000 -46.765 83.000
    endloop
  endfacet
  facet normal 0 0 0
    outer loop
      vertex 208.000 0.000 56.000
      vertex 208.000 -46.765 83.000
      vertex 208.000 -42.841 88.873
    endloop
  endfacet
  facet normal 0 0 0
    outer loop
      vertex 236.000 0.000 56.000
      vertex 236.000 -42.841 88.873
      vertex 236.000 -46.765 83.000
    endloop
  endfacet
  facet normal 0 0 0
    outer loop
      vertex 208.000 -46.765 83.000
      vertex 236.000 -46.765 83.000
      vertex 236.000 -49.889 76.665
    endloop
  endfacet
  facet normal 0 0 0
    outer loop
      vertex 208.000 -46.765 83.000
      vertex 236.000 -49.889 76.665
      vertex 208.000 -49.889 76.665
    endloop
  endfacet
  facet normal 0 0 0
    outer loop
      vertex 208.000 0.000 56.000
      vertex 208.000 -49.889 76.665
      vertex 208.000 -46.765 83.000
    endloop
  endfacet
  facet normal 0 0 0
    outer loop
      vertex 236.000 0.000 56.000
      vertex 236.000 -46.765 83.000
      vertex 236.000 -49.889 76.665
    endloop
  endfacet
  facet normal 0 0 0
    outer loop
      vertex 208.000 -49.889 76.665
      vertex 236.000 -49.889 76.665
      vertex 236.000 -52.160 69.976
    endloop
  endfacet
  facet normal 0 0 0
    outer loop
      vertex 208.000 -49.889 76.665
      vertex 236.000 -52.160 69.976
      vertex 208.000 -52.160 69.976
    endloop
  endfacet
  facet normal 0 0 0
    outer loop
      vertex 208.000 0.000 56.000
      vertex 208.000 -52.160 69.976
      vertex 208.000 -49.889 76.665
    endloop
  endfacet
  facet normal 0 0 0
    outer loop
      vertex 236.000 0.000 56.000
      vertex 236.000 -49.889 76.665
      vertex 236.000 -52.160 69.976
    endloop
  endfacet
  facet normal 0 0 0
    outer loop
      vertex 208.000 -52.160 69.976
      vertex 236.000 -52.160 69.976
      vertex 236.000 -53.538 63.048
    endloop
  endfacet
  facet normal 0 0 0
    outer loop
      vertex 208.000 -52.160 69.976
      vertex 236.000 -53.538 63.048
      vertex 208.000 -53.538 63.048
    endloop
  endfacet
  facet normal 0 0 0
    outer loop
      vertex 208.000 0.000 56.000
      vertex 208.000 -53.538 63.048
      vertex 208.000 -52.160 69.976
    endloop
  endfacet
  facet normal 0 0 0
    outer loop
      vertex 236.000 0.000 56.000
      vertex 236.000 -52.160 69.976
      vertex 236.000 -53.538 63.048
    endloop
  endfacet
  facet normal 0 0 0
    outer loop
      vertex 208.000 -53.538 63.048
      vertex 236.000 -53.538 63.048
      vertex 236.000 -54.000 56.000
    endloop
  endfacet
  facet normal 0 0 0
    outer loop
      vertex 208.000 -53.538 63.048
      vertex 236.000 -54.000 56.000
      vertex 208.000 -54.000 56.000
    endloop
  endfacet
  facet normal 0 0 0
    outer loop
      vertex 208.000 0.000 56.000
      vertex 208.000 -54.000 56.000
      vertex 208.000 -53.538 63.048
    endloop
  endfacet
  facet normal 0 0 0
    outer loop
      vertex 236.000 0.000 56.000
      vertex 236.000 -53.538 63.048
      vertex 236.000 -54.000 56.000
    endloop
  endfacet
  facet normal 0 0 0
    outer loop
      vertex 208.000 -54.000 56.000
      vertex 236.000 -54.000 56.000
      vertex 236.000 -53.538 48.952
    endloop
  endfacet
  facet normal 0 0 0
    outer loop
      vertex 208.000 -54.000 56.000
      vertex 236.000 -53.538 48.952
      vertex 208.000 -53.538 48.952
    endloop
  endfacet
  facet normal 0 0 0
    outer loop
      vertex 208.000 0.000 56.000
      vertex 208.000 -53.538 48.952
      vertex 208.000 -54.000 56.000
    endloop
  endfacet
  facet normal 0 0 0
    outer loop
      vertex 236.000 0.000 56.000
      vertex 236.000 -54.000 56.000
      vertex 236.000 -53.538 48.952
    endloop
  endfacet
  facet normal 0 0 0
    outer loop
      vertex 208.000 -53.538 48.952
      vertex 236.000 -53.538 48.952
      vertex 236.000 -52.160 42.024
    endloop
  endfacet
  facet normal 0 0 0
    outer loop
      vertex 208.000 -53.538 48.952
      vertex 236.000 -52.160 42.024
      vertex 208.000 -52.160 42.024
    endloop
  endfacet
  facet normal 0 0 0
    outer loop
      vertex 208.000 0.000 56.000
      vertex 208.000 -52.160 42.024
      vertex 208.000 -53.538 48.952
    endloop
  endfacet
  facet normal 0 0 0
    outer loop
      vertex 236.000 0.000 56.000
      vertex 236.000 -53.538 48.952
      vertex 236.000 -52.160 42.024
    endloop
  endfacet
  facet normal 0 0 0
    outer loop
      vertex 208.000 -52.160 42.024
      vertex 236.000 -52.160 42.024
      vertex 236.000 -49.889 35.335
    endloop
  endfacet
  facet normal 0 0 0
    outer loop
      vertex 208.000 -52.160 42.024
      vertex 236.000 -49.889 35.335
      vertex 208.000 -49.889 35.335
    endloop
  endfacet
  facet normal 0 0 0
    outer loop
      vertex 208.000 0.000 56.000
      vertex 208.000 -49.889 35.335
      vertex 208.000 -52.160 42.024
    endloop
  endfacet
  facet normal 0 0 0
    outer loop
      vertex 236.000 0.000 56.000
      vertex 236.000 -52.160 42.024
      vertex 236.000 -49.889 35.335
    endloop
  endfacet
  facet normal 0 0 0
    outer loop
      vertex 208.000 -49.889 35.335
      vertex 236.000 -49.889 35.335
      vertex 236.000 -46.765 29.000
    endloop
  endfacet
  facet normal 0 0 0
    outer loop
      vertex 208.000 -49.889 35.335
      vertex 236.000 -46.765 29.000
      vertex 208.000 -46.765 29.000
    endloop
  endfacet
  facet normal 0 0 0
    outer loop
      vertex 208.000 0.000 56.000
      vertex 208.000 -46.765 29.000
      vertex 208.000 -49.889 35.335
    endloop
  endfacet
  facet normal 0 0 0
    outer loop
      vertex 236.000 0.000 56.000
      vertex 236.000 -49.889 35.335
      vertex 236.000 -46.765 29.000
    endloop
  endfacet
  facet normal 0 0 0
    outer loop
      vertex 208.000 -46.765 29.000
      vertex 236.000 -46.765 29.000
      vertex 236.000 -42.841 23.127
    endloop
  endfacet
  facet normal 0 0 0
    outer loop
      vertex 208.000 -46.765 29.000
      vertex 236.000 -42.841 23.127
      vertex 208.000 -42.841 23.127
    endloop
  endfacet
  facet normal 0 0 0
    outer loop
      vertex 208.000 0.000 56.000
      vertex 208.000 -42.841 23.127
      vertex 208.000 -46.765 29.000
    endloop
  endfacet
  facet normal 0 0 0
    outer loop
      vertex 236.000 0.000 56.000
      vertex 236.000 -46.765 29.000
      vertex 236.000 -42.841 23.127
    endloop
  endfacet
  facet normal 0 0 0
    outer loop
      vertex 208.000 -42.841 23.127
      vertex 236.000 -42.841 23.127
      vertex 236.000 -38.184 17.816
    endloop
  endfacet
  facet normal 0 0 0
    outer loop
      vertex 208.000 -42.841 23.127
      vertex 236.000 -38.184 17.816
      vertex 208.000 -38.184 17.816
    endloop
  endfacet
  facet normal 0 0 0
    outer loop
      vertex 208.000 0.000 56.000
      vertex 208.000 -38.184 17.816
      vertex 208.000 -42.841 23.127
    endloop
  endfacet
  facet normal 0 0 0
    outer loop
      vertex 236.000 0.000 56.000
      vertex 236.000 -42.841 23.127
      vertex 236.000 -38.184 17.816
    endloop
  endfacet
  facet normal 0 0 0
    outer loop
      vertex 208.000 -38.184 17.816
      vertex 236.000 -38.184 17.816
      vertex 236.000 -32.873 13.159
    endloop
  endfacet
  facet normal 0 0 0
    outer loop
      vertex 208.000 -38.184 17.816
      vertex 236.000 -32.873 13.159
      vertex 208.000 -32.873 13.159
    endloop
  endfacet
  facet normal 0 0 0
    outer loop
      vertex 208.000 0.000 56.000
      vertex 208.000 -32.873 13.159
      vertex 208.000 -38.184 17.816
    endloop
  endfacet
  facet normal 0 0 0
    outer loop
      vertex 236.000 0.000 56.000
      vertex 236.000 -38.184 17.816
      vertex 236.000 -32.873 13.159
    endloop
  endfacet
  facet normal 0 0 0
    outer loop
      vertex 208.000 -32.873 13.159
      vertex 236.000 -32.873 13.159
      vertex 236.000 -27.000 9.235
    endloop
  endfacet
  facet normal 0 0 0
    outer loop
      vertex 208.000 -32.873 13.159
      vertex 236.000 -27.000 9.235
      vertex 208.000 -27.000 9.235
    endloop
  endfacet
  facet normal 0 0 0
    outer loop
      vertex 208.000 0.000 56.000
      vertex 208.000 -27.000 9.235
      vertex 208.000 -32.873 13.159
    endloop
  endfacet
  facet normal 0 0 0
    outer loop
      vertex 236.000 0.000 56.000
      vertex 236.000 -32.873 13.159
      vertex 236.000 -27.000 9.235
    endloop
  endfacet
  facet normal 0 0 0
    outer loop
      vertex 208.000 -27.000 9.235
      vertex 236.000 -27.000 9.235
      vertex 236.000 -20.665 6.111
    endloop
  endfacet
  facet normal 0 0 0
    outer loop
      vertex 208.000 -27.000 9.235
      vertex 236.000 -20.665 6.111
      vertex 208.000 -20.665 6.111
    endloop
  endfacet
  facet normal 0 0 0
    outer loop
      vertex 208.000 0.000 56.000
      vertex 208.000 -20.665 6.111
      vertex 208.000 -27.000 9.235
    endloop
  endfacet
  facet normal 0 0 0
    outer loop
      vertex 236.000 0.000 56.000
      vertex 236.000 -27.000 9.235
      vertex 236.000 -20.665 6.111
    endloop
  endfacet
  facet normal 0 0 0
    outer loop
      vertex 208.000 -20.665 6.111
      vertex 236.000 -20.665 6.111
      vertex 236.000 -13.976 3.840
    endloop
  endfacet
  facet normal 0 0 0
    outer loop
      vertex 208.000 -20.665 6.111
      vertex 236.000 -13.976 3.840
      vertex 208.000 -13.976 3.840
    endloop
  endfacet
  facet normal 0 0 0
    outer loop
      vertex 208.000 0.000 56.000
      vertex 208.000 -13.976 3.840
      vertex 208.000 -20.665 6.111
    endloop
  endfacet
  facet normal 0 0 0
    outer loop
      vertex 236.000 0.000 56.000
      vertex 236.000 -20.665 6.111
      vertex 236.000 -13.976 3.840
    endloop
  endfacet
  facet normal 0 0 0
    outer loop
      vertex 208.000 -13.976 3.840
      vertex 236.000 -13.976 3.840
      vertex 236.000 -7.048 2.462
    endloop
  endfacet
  facet normal 0 0 0
    outer loop
      vertex 208.000 -13.976 3.840
      vertex 236.000 -7.048 2.462
      vertex 208.000 -7.048 2.462
    endloop
  endfacet
  facet normal 0 0 0
    outer loop
      vertex 208.000 0.000 56.000
      vertex 208.000 -7.048 2.462
      vertex 208.000 -13.976 3.840
    endloop
  endfacet
  facet normal 0 0 0
    outer loop
      vertex 236.000 0.000 56.000
      vertex 236.000 -13.976 3.840
      vertex 236.000 -7.048 2.462
    endloop
  endfacet
  facet normal 0 0 0
    outer loop
      vertex 208.000 -7.048 2.462
      vertex 236.000 -7.048 2.462
      vertex 236.000 -0.000 2.000
    endloop
  endfacet
  facet normal 0 0 0
    outer loop
      vertex 208.000 -7.048 2.462
      vertex 236.000 -0.000 2.000
      vertex 208.000 -0.000 2.000
    endloop
  endfacet
  facet normal 0 0 0
    outer loop
      vertex 208.000 0.000 56.000
      vertex 208.000 -0.000 2.000
      vertex 208.000 -7.048 2.462
    endloop
  endfacet
  facet normal 0 0 0
    outer loop
      vertex 236.000 0.000 56.000
      vertex 236.000 -7.048 2.462
      vertex 236.000 -0.000 2.000
    endloop
  endfacet
  facet normal 0 0 0
    outer loop
      vertex 208.000 -0.000 2.000
      vertex 236.000 -0.000 2.000
      vertex 236.000 7.048 2.462
    endloop
  endfacet
  facet normal 0 0 0
    outer loop
      vertex 208.000 -0.000 2.000
      vertex 236.000 7.048 2.462
      vertex 208.000 7.048 2.462
    endloop
  endfacet
  facet normal 0 0 0
    outer loop
      vertex 208.000 0.000 56.000
      vertex 208.000 7.048 2.462
      vertex 208.000 -0.000 2.000
    endloop
  endfacet
  facet normal 0 0 0
    outer loop
      vertex 236.000 0.000 56.000
      vertex 236.000 -0.000 2.000
      vertex 236.000 7.048 2.462
    endloop
  endfacet
  facet normal 0 0 0
    outer loop
      vertex 208.000 7.048 2.462
      vertex 236.000 7.048 2.462
      vertex 236.000 13.976 3.840
    endloop
  endfacet
  facet normal 0 0 0
    outer loop
      vertex 208.000 7.048 2.462
      vertex 236.000 13.976 3.840
      vertex 208.000 13.976 3.840
    endloop
  endfacet
  facet normal 0 0 0
    outer loop
      vertex 208.000 0.000 56.000
      vertex 208.000 13.976 3.840
      vertex 208.000 7.048 2.462
    endloop
  endfacet
  facet normal 0 0 0
    outer loop
      vertex 236.000 0.000 56.000
      vertex 236.000 7.048 2.462
      vertex 236.000 13.976 3.840
    endloop
  endfacet
  facet normal 0 0 0
    outer loop
      vertex 208.000 13.976 3.840
      vertex 236.000 13.976 3.840
      vertex 236.000 20.665 6.111
    endloop
  endfacet
  facet normal 0 0 0
    outer loop
      vertex 208.000 13.976 3.840
      vertex 236.000 20.665 6.111
      vertex 208.000 20.665 6.111
    endloop
  endfacet
  facet normal 0 0 0
    outer loop
      vertex 208.000 0.000 56.000
      vertex 208.000 20.665 6.111
      vertex 208.000 13.976 3.840
    endloop
  endfacet
  facet normal 0 0 0
    outer loop
      vertex 236.000 0.000 56.000
      vertex 236.000 13.976 3.840
      vertex 236.000 20.665 6.111
    endloop
  endfacet
  facet normal 0 0 0
    outer loop
      vertex 208.000 20.665 6.111
      vertex 236.000 20.665 6.111
      vertex 236.000 27.000 9.235
    endloop
  endfacet
  facet normal 0 0 0
    outer loop
      vertex 208.000 20.665 6.111
      vertex 236.000 27.000 9.235
      vertex 208.000 27.000 9.235
    endloop
  endfacet
  facet normal 0 0 0
    outer loop
      vertex 208.000 0.000 56.000
      vertex 208.000 27.000 9.235
      vertex 208.000 20.665 6.111
    endloop
  endfacet
  facet normal 0 0 0
    outer loop
      vertex 236.000 0.000 56.000
      vertex 236.000 20.665 6.111
      vertex 236.000 27.000 9.235
    endloop
  endfacet
  facet normal 0 0 0
    outer loop
      vertex 208.000 27.000 9.235
      vertex 236.000 27.000 9.235
      vertex 236.000 32.873 13.159
    endloop
  endfacet
  facet normal 0 0 0
    outer loop
      vertex 208.000 27.000 9.235
      vertex 236.000 32.873 13.159
      vertex 208.000 32.873 13.159
    endloop
  endfacet
  facet normal 0 0 0
    outer loop
      vertex 208.000 0.000 56.000
      vertex 208.000 32.873 13.159
      vertex 208.000 27.000 9.235
    endloop
  endfacet
  facet normal 0 0 0
    outer loop
      vertex 236.000 0.000 56.000
      vertex 236.000 27.000 9.235
      vertex 236.000 32.873 13.159
    endloop
  endfacet
  facet normal 0 0 0
    outer loop
      vertex 208.000 32.873 13.159
      vertex 236.000 32.873 13.159
      vertex 236.000 38.184 17.816
    endloop
  endfacet
  facet normal 0 0 0
    outer loop
      vertex 208.000 32.873 13.159
      vertex 236.000 38.184 17.816
      vertex 208.000 38.184 17.816
    endloop
  endfacet
  facet normal 0 0 0
    outer loop
      vertex 208.000 0.000 56.000
      vertex 208.000 38.184 17.816
      vertex 208.000 32.873 13.159
    endloop
  endfacet
  facet normal 0 0 0
    outer loop
      vertex 236.000 0.000 56.000
      vertex 236.000 32.873 13.159
      vertex 236.000 38.184 17.816
    endloop
  endfacet
  facet normal 0 0 0
    outer loop
      vertex 208.000 38.184 17.816
      vertex 236.000 38.184 17.816
      vertex 236.000 42.841 23.127
    endloop
  endfacet
  facet normal 0 0 0
    outer loop
      vertex 208.000 38.184 17.816
      vertex 236.000 42.841 23.127
      vertex 208.000 42.841 23.127
    endloop
  endfacet
  facet normal 0 0 0
    outer loop
      vertex 208.000 0.000 56.000
      vertex 208.000 42.841 23.127
      vertex 208.000 38.184 17.816
    endloop
  endfacet
  facet normal 0 0 0
    outer loop
      vertex 236.000 0.000 56.000
      vertex 236.000 38.184 17.816
      vertex 236.000 42.841 23.127
    endloop
  endfacet
  facet normal 0 0 0
    outer loop
      vertex 208.000 42.841 23.127
      vertex 236.000 42.841 23.127
      vertex 236.000 46.765 29.000
    endloop
  endfacet
  facet normal 0 0 0
    outer loop
      vertex 208.000 42.841 23.127
      vertex 236.000 46.765 29.000
      vertex 208.000 46.765 29.000
    endloop
  endfacet
  facet normal 0 0 0
    outer loop
      vertex 208.000 0.000 56.000
      vertex 208.000 46.765 29.000
      vertex 208.000 42.841 23.127
    endloop
  endfacet
  facet normal 0 0 0
    outer loop
      vertex 236.000 0.000 56.000
      vertex 236.000 42.841 23.127
      vertex 236.000 46.765 29.000
    endloop
  endfacet
  facet normal 0 0 0
    outer loop
      vertex 208.000 46.765 29.000
      vertex 236.000 46.765 29.000
      vertex 236.000 49.889 35.335
    endloop
  endfacet
  facet normal 0 0 0
    outer loop
      vertex 208.000 46.765 29.000
      vertex 236.000 49.889 35.335
      vertex 208.000 49.889 35.335
    endloop
  endfacet
  facet normal 0 0 0
    outer loop
      vertex 208.000 0.000 56.000
      vertex 208.000 49.889 35.335
      vertex 208.000 46.765 29.000
    endloop
  endfacet
  facet normal 0 0 0
    outer loop
      vertex 236.000 0.000 56.000
      vertex 236.000 46.765 29.000
      vertex 236.000 49.889 35.335
    endloop
  endfacet
  facet normal 0 0 0
    outer loop
      vertex 208.000 49.889 35.335
      vertex 236.000 49.889 35.335
      vertex 236.000 52.160 42.024
    endloop
  endfacet
  facet normal 0 0 0
    outer loop
      vertex 208.000 49.889 35.335
      vertex 236.000 52.160 42.024
      vertex 208.000 52.160 42.024
    endloop
  endfacet
  facet normal 0 0 0
    outer loop
      vertex 208.000 0.000 56.000
      vertex 208.000 52.160 42.024
      vertex 208.000 49.889 35.335
    endloop
  endfacet
  facet normal 0 0 0
    outer loop
      vertex 236.000 0.000 56.000
      vertex 236.000 49.889 35.335
      vertex 236.000 52.160 42.024
    endloop
  endfacet
  facet normal 0 0 0
    outer loop
      vertex 208.000 52.160 42.024
      vertex 236.000 52.160 42.024
      vertex 236.000 53.538 48.952
    endloop
  endfacet
  facet normal 0 0 0
    outer loop
      vertex 208.000 52.160 42.024
      vertex 236.000 53.538 48.952
      vertex 208.000 53.538 48.952
    endloop
  endfacet
  facet normal 0 0 0
    outer loop
      vertex 208.000 0.000 56.000
      vertex 208.000 53.538 48.952
      vertex 208.000 52.160 42.024
    endloop
  endfacet
  facet normal 0 0 0
    outer loop
      vertex 236.000 0.000 56.000
      vertex 236.000 52.160 42.024
      vertex 236.000 53.538 48.952
    endloop
  endfacet
  facet normal 0 0 0
    outer loop
      vertex 208.000 53.538 48.952
      vertex 236.000 53.538 48.952
      vertex 236.000 54.000 56.000
    endloop
  endfacet
  facet normal 0 0 0
    outer loop
      vertex 208.000 53.538 48.952
      vertex 236.000 54.000 56.000
      vertex 208.000 54.000 56.000
    endloop
  endfacet
  facet normal 0 0 0
    outer loop
      vertex 208.000 0.000 56.000
      vertex 208.000 54.000 56.000
      vertex 208.000 53.538 48.952
    endloop
  endfacet
  facet normal 0 0 0
    outer loop
      vertex 236.000 0.000 56.000
      vertex 236.000 53.538 48.952
      vertex 236.000 54.000 56.000
    endloop
  endfacet
  // eixo_esquerdo
  facet normal 0 0 0
    outer loop
      vertex -226.000 6.000 56.000
      vertex -154.000 6.000 56.000
      vertex -154.000 5.796 57.553
    endloop
  endfacet
  facet normal 0 0 0
    outer loop
      vertex -226.000 6.000 56.000
      vertex -154.000 5.796 57.553
      vertex -226.000 5.796 57.553
    endloop
  endfacet
  facet normal 0 0 0
    outer loop
      vertex -226.000 0.000 56.000
      vertex -226.000 5.796 57.553
      vertex -226.000 6.000 56.000
    endloop
  endfacet
  facet normal 0 0 0
    outer loop
      vertex -154.000 0.000 56.000
      vertex -154.000 6.000 56.000
      vertex -154.000 5.796 57.553
    endloop
  endfacet
  facet normal 0 0 0
    outer loop
      vertex -226.000 5.796 57.553
      vertex -154.000 5.796 57.553
      vertex -154.000 5.196 59.000
    endloop
  endfacet
  facet normal 0 0 0
    outer loop
      vertex -226.000 5.796 57.553
      vertex -154.000 5.196 59.000
      vertex -226.000 5.196 59.000
    endloop
  endfacet
  facet normal 0 0 0
    outer loop
      vertex -226.000 0.000 56.000
      vertex -226.000 5.196 59.000
      vertex -226.000 5.796 57.553
    endloop
  endfacet
  facet normal 0 0 0
    outer loop
      vertex -154.000 0.000 56.000
      vertex -154.000 5.796 57.553
      vertex -154.000 5.196 59.000
    endloop
  endfacet
  facet normal 0 0 0
    outer loop
      vertex -226.000 5.196 59.000
      vertex -154.000 5.196 59.000
      vertex -154.000 4.243 60.243
    endloop
  endfacet
  facet normal 0 0 0
    outer loop
      vertex -226.000 5.196 59.000
      vertex -154.000 4.243 60.243
      vertex -226.000 4.243 60.243
    endloop
  endfacet
  facet normal 0 0 0
    outer loop
      vertex -226.000 0.000 56.000
      vertex -226.000 4.243 60.243
      vertex -226.000 5.196 59.000
    endloop
  endfacet
  facet normal 0 0 0
    outer loop
      vertex -154.000 0.000 56.000
      vertex -154.000 5.196 59.000
      vertex -154.000 4.243 60.243
    endloop
  endfacet
  facet normal 0 0 0
    outer loop
      vertex -226.000 4.243 60.243
      vertex -154.000 4.243 60.243
      vertex -154.000 3.000 61.196
    endloop
  endfacet
  facet normal 0 0 0
    outer loop
      vertex -226.000 4.243 60.243
      vertex -154.000 3.000 61.196
      vertex -226.000 3.000 61.196
    endloop
  endfacet
  facet normal 0 0 0
    outer loop
      vertex -226.000 0.000 56.000
      vertex -226.000 3.000 61.196
      vertex -226.000 4.243 60.243
    endloop
  endfacet
  facet normal 0 0 0
    outer loop
      vertex -154.000 0.000 56.000
      vertex -154.000 4.243 60.243
      vertex -154.000 3.000 61.196
    endloop
  endfacet
  facet normal 0 0 0
    outer loop
      vertex -226.000 3.000 61.196
      vertex -154.000 3.000 61.196
      vertex -154.000 1.553 61.796
    endloop
  endfacet
  facet normal 0 0 0
    outer loop
      vertex -226.000 3.000 61.196
      vertex -154.000 1.553 61.796
      vertex -226.000 1.553 61.796
    endloop
  endfacet
  facet normal 0 0 0
    outer loop
      vertex -226.000 0.000 56.000
      vertex -226.000 1.553 61.796
      vertex -226.000 3.000 61.196
    endloop
  endfacet
  facet normal 0 0 0
    outer loop
      vertex -154.000 0.000 56.000
      vertex -154.000 3.000 61.196
      vertex -154.000 1.553 61.796
    endloop
  endfacet
  facet normal 0 0 0
    outer loop
      vertex -226.000 1.553 61.796
      vertex -154.000 1.553 61.796
      vertex -154.000 0.000 62.000
    endloop
  endfacet
  facet normal 0 0 0
    outer loop
      vertex -226.000 1.553 61.796
      vertex -154.000 0.000 62.000
      vertex -226.000 0.000 62.000
    endloop
  endfacet
  facet normal 0 0 0
    outer loop
      vertex -226.000 0.000 56.000
      vertex -226.000 0.000 62.000
      vertex -226.000 1.553 61.796
    endloop
  endfacet
  facet normal 0 0 0
    outer loop
      vertex -154.000 0.000 56.000
      vertex -154.000 1.553 61.796
      vertex -154.000 0.000 62.000
    endloop
  endfacet
  facet normal 0 0 0
    outer loop
      vertex -226.000 0.000 62.000
      vertex -154.000 0.000 62.000
      vertex -154.000 -1.553 61.796
    endloop
  endfacet
  facet normal 0 0 0
    outer loop
      vertex -226.000 0.000 62.000
      vertex -154.000 -1.553 61.796
      vertex -226.000 -1.553 61.796
    endloop
  endfacet
  facet normal 0 0 0
    outer loop
      vertex -226.000 0.000 56.000
      vertex -226.000 -1.553 61.796
      vertex -226.000 0.000 62.000
    endloop
  endfacet
  facet normal 0 0 0
    outer loop
      vertex -154.000 0.000 56.000
      vertex -154.000 0.000 62.000
      vertex -154.000 -1.553 61.796
    endloop
  endfacet
  facet normal 0 0 0
    outer loop
      vertex -226.000 -1.553 61.796
      vertex -154.000 -1.553 61.796
      vertex -154.000 -3.000 61.196
    endloop
  endfacet
  facet normal 0 0 0
    outer loop
      vertex -226.000 -1.553 61.796
      vertex -154.000 -3.000 61.196
      vertex -226.000 -3.000 61.196
    endloop
  endfacet
  facet normal 0 0 0
    outer loop
      vertex -226.000 0.000 56.000
      vertex -226.000 -3.000 61.196
      vertex -226.000 -1.553 61.796
    endloop
  endfacet
  facet normal 0 0 0
    outer loop
      vertex -154.000 0.000 56.000
      vertex -154.000 -1.553 61.796
      vertex -154.000 -3.000 61.196
    endloop
  endfacet
  facet normal 0 0 0
    outer loop
      vertex -226.000 -3.000 61.196
      vertex -154.000 -3.000 61.196
      vertex -154.000 -4.243 60.243
    endloop
  endfacet
  facet normal 0 0 0
    outer loop
      vertex -226.000 -3.000 61.196
      vertex -154.000 -4.243 60.243
      vertex -226.000 -4.243 60.243
    endloop
  endfacet
  facet normal 0 0 0
    outer loop
      vertex -226.000 0.000 56.000
      vertex -226.000 -4.243 60.243
      vertex -226.000 -3.000 61.196
    endloop
  endfacet
  facet normal 0 0 0
    outer loop
      vertex -154.000 0.000 56.000
      vertex -154.000 -3.000 61.196
      vertex -154.000 -4.243 60.243
    endloop
  endfacet
  facet normal 0 0 0
    outer loop
      vertex -226.000 -4.243 60.243
      vertex -154.000 -4.243 60.243
      vertex -154.000 -5.196 59.000
    endloop
  endfacet
  facet normal 0 0 0
    outer loop
      vertex -226.000 -4.243 60.243
      vertex -154.000 -5.196 59.000
      vertex -226.000 -5.196 59.000
    endloop
  endfacet
  facet normal 0 0 0
    outer loop
      vertex -226.000 0.000 56.000
      vertex -226.000 -5.196 59.000
      vertex -226.000 -4.243 60.243
    endloop
  endfacet
  facet normal 0 0 0
    outer loop
      vertex -154.000 0.000 56.000
      vertex -154.000 -4.243 60.243
      vertex -154.000 -5.196 59.000
    endloop
  endfacet
  facet normal 0 0 0
    outer loop
      vertex -226.000 -5.196 59.000
      vertex -154.000 -5.196 59.000
      vertex -154.000 -5.796 57.553
    endloop
  endfacet
  facet normal 0 0 0
    outer loop
      vertex -226.000 -5.196 59.000
      vertex -154.000 -5.796 57.553
      vertex -226.000 -5.796 57.553
    endloop
  endfacet
  facet normal 0 0 0
    outer loop
      vertex -226.000 0.000 56.000
      vertex -226.000 -5.796 57.553
      vertex -226.000 -5.196 59.000
    endloop
  endfacet
  facet normal 0 0 0
    outer loop
      vertex -154.000 0.000 56.000
      vertex -154.000 -5.196 59.000
      vertex -154.000 -5.796 57.553
    endloop
  endfacet
  facet normal 0 0 0
    outer loop
      vertex -226.000 -5.796 57.553
      vertex -154.000 -5.796 57.553
      vertex -154.000 -6.000 56.000
    endloop
  endfacet
  facet normal 0 0 0
    outer loop
      vertex -226.000 -5.796 57.553
      vertex -154.000 -6.000 56.000
      vertex -226.000 -6.000 56.000
    endloop
  endfacet
  facet normal 0 0 0
    outer loop
      vertex -226.000 0.000 56.000
      vertex -226.000 -6.000 56.000
      vertex -226.000 -5.796 57.553
    endloop
  endfacet
  facet normal 0 0 0
    outer loop
      vertex -154.000 0.000 56.000
      vertex -154.000 -5.796 57.553
      vertex -154.000 -6.000 56.000
    endloop
  endfacet
  facet normal 0 0 0
    outer loop
      vertex -226.000 -6.000 56.000
      vertex -154.000 -6.000 56.000
      vertex -154.000 -5.796 54.447
    endloop
  endfacet
  facet normal 0 0 0
    outer loop
      vertex -226.000 -6.000 56.000
      vertex -154.000 -5.796 54.447
      vertex -226.000 -5.796 54.447
    endloop
  endfacet
  facet normal 0 0 0
    outer loop
      vertex -226.000 0.000 56.000
      vertex -226.000 -5.796 54.447
      vertex -226.000 -6.000 56.000
    endloop
  endfacet
  facet normal 0 0 0
    outer loop
      vertex -154.000 0.000 56.000
      vertex -154.000 -6.000 56.000
      vertex -154.000 -5.796 54.447
    endloop
  endfacet
  facet normal 0 0 0
    outer loop
      vertex -226.000 -5.796 54.447
      vertex -154.000 -5.796 54.447
      vertex -154.000 -5.196 53.000
    endloop
  endfacet
  facet normal 0 0 0
    outer loop
      vertex -226.000 -5.796 54.447
      vertex -154.000 -5.196 53.000
      vertex -226.000 -5.196 53.000
    endloop
  endfacet
  facet normal 0 0 0
    outer loop
      vertex -226.000 0.000 56.000
      vertex -226.000 -5.196 53.000
      vertex -226.000 -5.796 54.447
    endloop
  endfacet
  facet normal 0 0 0
    outer loop
      vertex -154.000 0.000 56.000
      vertex -154.000 -5.796 54.447
      vertex -154.000 -5.196 53.000
    endloop
  endfacet
  facet normal 0 0 0
    outer loop
      vertex -226.000 -5.196 53.000
      vertex -154.000 -5.196 53.000
      vertex -154.000 -4.243 51.757
    endloop
  endfacet
  facet normal 0 0 0
    outer loop
      vertex -226.000 -5.196 53.000
      vertex -154.000 -4.243 51.757
      vertex -226.000 -4.243 51.757
    endloop
  endfacet
  facet normal 0 0 0
    outer loop
      vertex -226.000 0.000 56.000
      vertex -226.000 -4.243 51.757
      vertex -226.000 -5.196 53.000
    endloop
  endfacet
  facet normal 0 0 0
    outer loop
      vertex -154.000 0.000 56.000
      vertex -154.000 -5.196 53.000
      vertex -154.000 -4.243 51.757
    endloop
  endfacet
  facet normal 0 0 0
    outer loop
      vertex -226.000 -4.243 51.757
      vertex -154.000 -4.243 51.757
      vertex -154.000 -3.000 50.804
    endloop
  endfacet
  facet normal 0 0 0
    outer loop
      vertex -226.000 -4.243 51.757
      vertex -154.000 -3.000 50.804
      vertex -226.000 -3.000 50.804
    endloop
  endfacet
  facet normal 0 0 0
    outer loop
      vertex -226.000 0.000 56.000
      vertex -226.000 -3.000 50.804
      vertex -226.000 -4.243 51.757
    endloop
  endfacet
  facet normal 0 0 0
    outer loop
      vertex -154.000 0.000 56.000
      vertex -154.000 -4.243 51.757
      vertex -154.000 -3.000 50.804
    endloop
  endfacet
  facet normal 0 0 0
    outer loop
      vertex -226.000 -3.000 50.804
      vertex -154.000 -3.000 50.804
      vertex -154.000 -1.553 50.204
    endloop
  endfacet
  facet normal 0 0 0
    outer loop
      vertex -226.000 -3.000 50.804
      vertex -154.000 -1.553 50.204
      vertex -226.000 -1.553 50.204
    endloop
  endfacet
  facet normal 0 0 0
    outer loop
      vertex -226.000 0.000 56.000
      vertex -226.000 -1.553 50.204
      vertex -226.000 -3.000 50.804
    endloop
  endfacet
  facet normal 0 0 0
    outer loop
      vertex -154.000 0.000 56.000
      vertex -154.000 -3.000 50.804
      vertex -154.000 -1.553 50.204
    endloop
  endfacet
  facet normal 0 0 0
    outer loop
      vertex -226.000 -1.553 50.204
      vertex -154.000 -1.553 50.204
      vertex -154.000 -0.000 50.000
    endloop
  endfacet
  facet normal 0 0 0
    outer loop
      vertex -226.000 -1.553 50.204
      vertex -154.000 -0.000 50.000
      vertex -226.000 -0.000 50.000
    endloop
  endfacet
  facet normal 0 0 0
    outer loop
      vertex -226.000 0.000 56.000
      vertex -226.000 -0.000 50.000
      vertex -226.000 -1.553 50.204
    endloop
  endfacet
  facet normal 0 0 0
    outer loop
      vertex -154.000 0.000 56.000
      vertex -154.000 -1.553 50.204
      vertex -154.000 -0.000 50.000
    endloop
  endfacet
  facet normal 0 0 0
    outer loop
      vertex -226.000 -0.000 50.000
      vertex -154.000 -0.000 50.000
      vertex -154.000 1.553 50.204
    endloop
  endfacet
  facet normal 0 0 0
    outer loop
      vertex -226.000 -0.000 50.000
      vertex -154.000 1.553 50.204
      vertex -226.000 1.553 50.204
    endloop
  endfacet
  facet normal 0 0 0
    outer loop
      vertex -226.000 0.000 56.000
      vertex -226.000 1.553 50.204
      vertex -226.000 -0.000 50.000
    endloop
  endfacet
  facet normal 0 0 0
    outer loop
      vertex -154.000 0.000 56.000
      vertex -154.000 -0.000 50.000
      vertex -154.000 1.553 50.204
    endloop
  endfacet
  facet normal 0 0 0
    outer loop
      vertex -226.000 1.553 50.204
      vertex -154.000 1.553 50.204
      vertex -154.000 3.000 50.804
    endloop
  endfacet
  facet normal 0 0 0
    outer loop
      vertex -226.000 1.553 50.204
      vertex -154.000 3.000 50.804
      vertex -226.000 3.000 50.804
    endloop
  endfacet
  facet normal 0 0 0
    outer loop
      vertex -226.000 0.000 56.000
      vertex -226.000 3.000 50.804
      vertex -226.000 1.553 50.204
    endloop
  endfacet
  facet normal 0 0 0
    outer loop
      vertex -154.000 0.000 56.000
      vertex -154.000 1.553 50.204
      vertex -154.000 3.000 50.804
    endloop
  endfacet
  facet normal 0 0 0
    outer loop
      vertex -226.000 3.000 50.804
      vertex -154.000 3.000 50.804
      vertex -154.000 4.243 51.757
    endloop
  endfacet
  facet normal 0 0 0
    outer loop
      vertex -226.000 3.000 50.804
      vertex -154.000 4.243 51.757
      vertex -226.000 4.243 51.757
    endloop
  endfacet
  facet normal 0 0 0
    outer loop
      vertex -226.000 0.000 56.000
      vertex -226.000 4.243 51.757
      vertex -226.000 3.000 50.804
    endloop
  endfacet
  facet normal 0 0 0
    outer loop
      vertex -154.000 0.000 56.000
      vertex -154.000 3.000 50.804
      vertex -154.000 4.243 51.757
    endloop
  endfacet
  facet normal 0 0 0
    outer loop
      vertex -226.000 4.243 51.757
      vertex -154.000 4.243 51.757
      vertex -154.000 5.196 53.000
    endloop
  endfacet
  facet normal 0 0 0
    outer loop
      vertex -226.000 4.243 51.757
      vertex -154.000 5.196 53.000
      vertex -226.000 5.196 53.000
    endloop
  endfacet
  facet normal 0 0 0
    outer loop
      vertex -226.000 0.000 56.000
      vertex -226.000 5.196 53.000
      vertex -226.000 4.243 51.757
    endloop
  endfacet
  facet normal 0 0 0
    outer loop
      vertex -154.000 0.000 56.000
      vertex -154.000 4.243 51.757
      vertex -154.000 5.196 53.000
    endloop
  endfacet
  facet normal 0 0 0
    outer loop
      vertex -226.000 5.196 53.000
      vertex -154.000 5.196 53.000
      vertex -154.000 5.796 54.447
    endloop
  endfacet
  facet normal 0 0 0
    outer loop
      vertex -226.000 5.196 53.000
      vertex -154.000 5.796 54.447
      vertex -226.000 5.796 54.447
    endloop
  endfacet
  facet normal 0 0 0
    outer loop
      vertex -226.000 0.000 56.000
      vertex -226.000 5.796 54.447
      vertex -226.000 5.196 53.000
    endloop
  endfacet
  facet normal 0 0 0
    outer loop
      vertex -154.000 0.000 56.000
      vertex -154.000 5.196 53.000
      vertex -154.000 5.796 54.447
    endloop
  endfacet
  facet normal 0 0 0
    outer loop
      vertex -226.000 5.796 54.447
      vertex -154.000 5.796 54.447
      vertex -154.000 6.000 56.000
    endloop
  endfacet
  facet normal 0 0 0
    outer loop
      vertex -226.000 5.796 54.447
      vertex -154.000 6.000 56.000
      vertex -226.000 6.000 56.000
    endloop
  endfacet
  facet normal 0 0 0
    outer loop
      vertex -226.000 0.000 56.000
      vertex -226.000 6.000 56.000
      vertex -226.000 5.796 54.447
    endloop
  endfacet
  facet normal 0 0 0
    outer loop
      vertex -154.000 0.000 56.000
      vertex -154.000 5.796 54.447
      vertex -154.000 6.000 56.000
    endloop
  endfacet
  // eixo_direito
  facet normal 0 0 0
    outer loop
      vertex 154.000 6.000 56.000
      vertex 226.000 6.000 56.000
      vertex 226.000 5.796 57.553
    endloop
  endfacet
  facet normal 0 0 0
    outer loop
      vertex 154.000 6.000 56.000
      vertex 226.000 5.796 57.553
      vertex 154.000 5.796 57.553
    endloop
  endfacet
  facet normal 0 0 0
    outer loop
      vertex 154.000 0.000 56.000
      vertex 154.000 5.796 57.553
      vertex 154.000 6.000 56.000
    endloop
  endfacet
  facet normal 0 0 0
    outer loop
      vertex 226.000 0.000 56.000
      vertex 226.000 6.000 56.000
      vertex 226.000 5.796 57.553
    endloop
  endfacet
  facet normal 0 0 0
    outer loop
      vertex 154.000 5.796 57.553
      vertex 226.000 5.796 57.553
      vertex 226.000 5.196 59.000
    endloop
  endfacet
  facet normal 0 0 0
    outer loop
      vertex 154.000 5.796 57.553
      vertex 226.000 5.196 59.000
      vertex 154.000 5.196 59.000
    endloop
  endfacet
  facet normal 0 0 0
    outer loop
      vertex 154.000 0.000 56.000
      vertex 154.000 5.196 59.000
      vertex 154.000 5.796 57.553
    endloop
  endfacet
  facet normal 0 0 0
    outer loop
      vertex 226.000 0.000 56.000
      vertex 226.000 5.796 57.553
      vertex 226.000 5.196 59.000
    endloop
  endfacet
  facet normal 0 0 0
    outer loop
      vertex 154.000 5.196 59.000
      vertex 226.000 5.196 59.000
      vertex 226.000 4.243 60.243
    endloop
  endfacet
  facet normal 0 0 0
    outer loop
      vertex 154.000 5.196 59.000
      vertex 226.000 4.243 60.243
      vertex 154.000 4.243 60.243
    endloop
  endfacet
  facet normal 0 0 0
    outer loop
      vertex 154.000 0.000 56.000
      vertex 154.000 4.243 60.243
      vertex 154.000 5.196 59.000
    endloop
  endfacet
  facet normal 0 0 0
    outer loop
      vertex 226.000 0.000 56.000
      vertex 226.000 5.196 59.000
      vertex 226.000 4.243 60.243
    endloop
  endfacet
  facet normal 0 0 0
    outer loop
      vertex 154.000 4.243 60.243
      vertex 226.000 4.243 60.243
      vertex 226.000 3.000 61.196
    endloop
  endfacet
  facet normal 0 0 0
    outer loop
      vertex 154.000 4.243 60.243
      vertex 226.000 3.000 61.196
      vertex 154.000 3.000 61.196
    endloop
  endfacet
  facet normal 0 0 0
    outer loop
      vertex 154.000 0.000 56.000
      vertex 154.000 3.000 61.196
      vertex 154.000 4.243 60.243
    endloop
  endfacet
  facet normal 0 0 0
    outer loop
      vertex 226.000 0.000 56.000
      vertex 226.000 4.243 60.243
      vertex 226.000 3.000 61.196
    endloop
  endfacet
  facet normal 0 0 0
    outer loop
      vertex 154.000 3.000 61.196
      vertex 226.000 3.000 61.196
      vertex 226.000 1.553 61.796
    endloop
  endfacet
  facet normal 0 0 0
    outer loop
      vertex 154.000 3.000 61.196
      vertex 226.000 1.553 61.796
      vertex 154.000 1.553 61.796
    endloop
  endfacet
  facet normal 0 0 0
    outer loop
      vertex 154.000 0.000 56.000
      vertex 154.000 1.553 61.796
      vertex 154.000 3.000 61.196
    endloop
  endfacet
  facet normal 0 0 0
    outer loop
      vertex 226.000 0.000 56.000
      vertex 226.000 3.000 61.196
      vertex 226.000 1.553 61.796
    endloop
  endfacet
  facet normal 0 0 0
    outer loop
      vertex 154.000 1.553 61.796
      vertex 226.000 1.553 61.796
      vertex 226.000 0.000 62.000
    endloop
  endfacet
  facet normal 0 0 0
    outer loop
      vertex 154.000 1.553 61.796
      vertex 226.000 0.000 62.000
      vertex 154.000 0.000 62.000
    endloop
  endfacet
  facet normal 0 0 0
    outer loop
      vertex 154.000 0.000 56.000
      vertex 154.000 0.000 62.000
      vertex 154.000 1.553 61.796
    endloop
  endfacet
  facet normal 0 0 0
    outer loop
      vertex 226.000 0.000 56.000
      vertex 226.000 1.553 61.796
      vertex 226.000 0.000 62.000
    endloop
  endfacet
  facet normal 0 0 0
    outer loop
      vertex 154.000 0.000 62.000
      vertex 226.000 0.000 62.000
      vertex 226.000 -1.553 61.796
    endloop
  endfacet
  facet normal 0 0 0
    outer loop
      vertex 154.000 0.000 62.000
      vertex 226.000 -1.553 61.796
      vertex 154.000 -1.553 61.796
    endloop
  endfacet
  facet normal 0 0 0
    outer loop
      vertex 154.000 0.000 56.000
      vertex 154.000 -1.553 61.796
      vertex 154.000 0.000 62.000
    endloop
  endfacet
  facet normal 0 0 0
    outer loop
      vertex 226.000 0.000 56.000
      vertex 226.000 0.000 62.000
      vertex 226.000 -1.553 61.796
    endloop
  endfacet
  facet normal 0 0 0
    outer loop
      vertex 154.000 -1.553 61.796
      vertex 226.000 -1.553 61.796
      vertex 226.000 -3.000 61.196
    endloop
  endfacet
  facet normal 0 0 0
    outer loop
      vertex 154.000 -1.553 61.796
      vertex 226.000 -3.000 61.196
      vertex 154.000 -3.000 61.196
    endloop
  endfacet
  facet normal 0 0 0
    outer loop
      vertex 154.000 0.000 56.000
      vertex 154.000 -3.000 61.196
      vertex 154.000 -1.553 61.796
    endloop
  endfacet
  facet normal 0 0 0
    outer loop
      vertex 226.000 0.000 56.000
      vertex 226.000 -1.553 61.796
      vertex 226.000 -3.000 61.196
    endloop
  endfacet
  facet normal 0 0 0
    outer loop
      vertex 154.000 -3.000 61.196
      vertex 226.000 -3.000 61.196
      vertex 226.000 -4.243 60.243
    endloop
  endfacet
  facet normal 0 0 0
    outer loop
      vertex 154.000 -3.000 61.196
      vertex 226.000 -4.243 60.243
      vertex 154.000 -4.243 60.243
    endloop
  endfacet
  facet normal 0 0 0
    outer loop
      vertex 154.000 0.000 56.000
      vertex 154.000 -4.243 60.243
      vertex 154.000 -3.000 61.196
    endloop
  endfacet
  facet normal 0 0 0
    outer loop
      vertex 226.000 0.000 56.000
      vertex 226.000 -3.000 61.196
      vertex 226.000 -4.243 60.243
    endloop
  endfacet
  facet normal 0 0 0
    outer loop
      vertex 154.000 -4.243 60.243
      vertex 226.000 -4.243 60.243
      vertex 226.000 -5.196 59.000
    endloop
  endfacet
  facet normal 0 0 0
    outer loop
      vertex 154.000 -4.243 60.243
      vertex 226.000 -5.196 59.000
      vertex 154.000 -5.196 59.000
    endloop
  endfacet
  facet normal 0 0 0
    outer loop
      vertex 154.000 0.000 56.000
      vertex 154.000 -5.196 59.000
      vertex 154.000 -4.243 60.243
    endloop
  endfacet
  facet normal 0 0 0
    outer loop
      vertex 226.000 0.000 56.000
      vertex 226.000 -4.243 60.243
      vertex 226.000 -5.196 59.000
    endloop
  endfacet
  facet normal 0 0 0
    outer loop
      vertex 154.000 -5.196 59.000
      vertex 226.000 -5.196 59.000
      vertex 226.000 -5.796 57.553
    endloop
  endfacet
  facet normal 0 0 0
    outer loop
      vertex 154.000 -5.196 59.000
      vertex 226.000 -5.796 57.553
      vertex 154.000 -5.796 57.553
    endloop
  endfacet
  facet normal 0 0 0
    outer loop
      vertex 154.000 0.000 56.000
      vertex 154.000 -5.796 57.553
      vertex 154.000 -5.196 59.000
    endloop
  endfacet
  facet normal 0 0 0
    outer loop
      vertex 226.000 0.000 56.000
      vertex 226.000 -5.196 59.000
      vertex 226.000 -5.796 57.553
    endloop
  endfacet
  facet normal 0 0 0
    outer loop
      vertex 154.000 -5.796 57.553
      vertex 226.000 -5.796 57.553
      vertex 226.000 -6.000 56.000
    endloop
  endfacet
  facet normal 0 0 0
    outer loop
      vertex 154.000 -5.796 57.553
      vertex 226.000 -6.000 56.000
      vertex 154.000 -6.000 56.000
    endloop
  endfacet
  facet normal 0 0 0
    outer loop
      vertex 154.000 0.000 56.000
      vertex 154.000 -6.000 56.000
      vertex 154.000 -5.796 57.553
    endloop
  endfacet
  facet normal 0 0 0
    outer loop
      vertex 226.000 0.000 56.000
      vertex 226.000 -5.796 57.553
      vertex 226.000 -6.000 56.000
    endloop
  endfacet
  facet normal 0 0 0
    outer loop
      vertex 154.000 -6.000 56.000
      vertex 226.000 -6.000 56.000
      vertex 226.000 -5.796 54.447
    endloop
  endfacet
  facet normal 0 0 0
    outer loop
      vertex 154.000 -6.000 56.000
      vertex 226.000 -5.796 54.447
      vertex 154.000 -5.796 54.447
    endloop
  endfacet
  facet normal 0 0 0
    outer loop
      vertex 154.000 0.000 56.000
      vertex 154.000 -5.796 54.447
      vertex 154.000 -6.000 56.000
    endloop
  endfacet
  facet normal 0 0 0
    outer loop
      vertex 226.000 0.000 56.000
      vertex 226.000 -6.000 56.000
      vertex 226.000 -5.796 54.447
    endloop
  endfacet
  facet normal 0 0 0
    outer loop
      vertex 154.000 -5.796 54.447
      vertex 226.000 -5.796 54.447
      vertex 226.000 -5.196 53.000
    endloop
  endfacet
  facet normal 0 0 0
    outer loop
      vertex 154.000 -5.796 54.447
      vertex 226.000 -5.196 53.000
      vertex 154.000 -5.196 53.000
    endloop
  endfacet
  facet normal 0 0 0
    outer loop
      vertex 154.000 0.000 56.000
      vertex 154.000 -5.196 53.000
      vertex 154.000 -5.796 54.447
    endloop
  endfacet
  facet normal 0 0 0
    outer loop
      vertex 226.000 0.000 56.000
      vertex 226.000 -5.796 54.447
      vertex 226.000 -5.196 53.000
    endloop
  endfacet
  facet normal 0 0 0
    outer loop
      vertex 154.000 -5.196 53.000
      vertex 226.000 -5.196 53.000
      vertex 226.000 -4.243 51.757
    endloop
  endfacet
  facet normal 0 0 0
    outer loop
      vertex 154.000 -5.196 53.000
      vertex 226.000 -4.243 51.757
      vertex 154.000 -4.243 51.757
    endloop
  endfacet
  facet normal 0 0 0
    outer loop
      vertex 154.000 0.000 56.000
      vertex 154.000 -4.243 51.757
      vertex 154.000 -5.196 53.000
    endloop
  endfacet
  facet normal 0 0 0
    outer loop
      vertex 226.000 0.000 56.000
      vertex 226.000 -5.196 53.000
      vertex 226.000 -4.243 51.757
    endloop
  endfacet
  facet normal 0 0 0
    outer loop
      vertex 154.000 -4.243 51.757
      vertex 226.000 -4.243 51.757
      vertex 226.000 -3.000 50.804
    endloop
  endfacet
  facet normal 0 0 0
    outer loop
      vertex 154.000 -4.243 51.757
      vertex 226.000 -3.000 50.804
      vertex 154.000 -3.000 50.804
    endloop
  endfacet
  facet normal 0 0 0
    outer loop
      vertex 154.000 0.000 56.000
      vertex 154.000 -3.000 50.804
      vertex 154.000 -4.243 51.757
    endloop
  endfacet
  facet normal 0 0 0
    outer loop
      vertex 226.000 0.000 56.000
      vertex 226.000 -4.243 51.757
      vertex 226.000 -3.000 50.804
    endloop
  endfacet
  facet normal 0 0 0
    outer loop
      vertex 154.000 -3.000 50.804
      vertex 226.000 -3.000 50.804
      vertex 226.000 -1.553 50.204
    endloop
  endfacet
  facet normal 0 0 0
    outer loop
      vertex 154.000 -3.000 50.804
      vertex 226.000 -1.553 50.204
      vertex 154.000 -1.553 50.204
    endloop
  endfacet
  facet normal 0 0 0
    outer loop
      vertex 154.000 0.000 56.000
      vertex 154.000 -1.553 50.204
      vertex 154.000 -3.000 50.804
    endloop
  endfacet
  facet normal 0 0 0
    outer loop
      vertex 226.000 0.000 56.000
      vertex 226.000 -3.000 50.804
      vertex 226.000 -1.553 50.204
    endloop
  endfacet
  facet normal 0 0 0
    outer loop
      vertex 154.000 -1.553 50.204
      vertex 226.000 -1.553 50.204
      vertex 226.000 -0.000 50.000
    endloop
  endfacet
  facet normal 0 0 0
    outer loop
      vertex 154.000 -1.553 50.204
      vertex 226.000 -0.000 50.000
      vertex 154.000 -0.000 50.000
    endloop
  endfacet
  facet normal 0 0 0
    outer loop
      vertex 154.000 0.000 56.000
      vertex 154.000 -0.000 50.000
      vertex 154.000 -1.553 50.204
    endloop
  endfacet
  facet normal 0 0 0
    outer loop
      vertex 226.000 0.000 56.000
      vertex 226.000 -1.553 50.204
      vertex 226.000 -0.000 50.000
    endloop
  endfacet
  facet normal 0 0 0
    outer loop
      vertex 154.000 -0.000 50.000
      vertex 226.000 -0.000 50.000
      vertex 226.000 1.553 50.204
    endloop
  endfacet
  facet normal 0 0 0
    outer loop
      vertex 154.000 -0.000 50.000
      vertex 226.000 1.553 50.204
      vertex 154.000 1.553 50.204
    endloop
  endfacet
  facet normal 0 0 0
    outer loop
      vertex 154.000 0.000 56.000
      vertex 154.000 1.553 50.204
      vertex 154.000 -0.000 50.000
    endloop
  endfacet
  facet normal 0 0 0
    outer loop
      vertex 226.000 0.000 56.000
      vertex 226.000 -0.000 50.000
      vertex 226.000 1.553 50.204
    endloop
  endfacet
  facet normal 0 0 0
    outer loop
      vertex 154.000 1.553 50.204
      vertex 226.000 1.553 50.204
      vertex 226.000 3.000 50.804
    endloop
  endfacet
  facet normal 0 0 0
    outer loop
      vertex 154.000 1.553 50.204
      vertex 226.000 3.000 50.804
      vertex 154.000 3.000 50.804
    endloop
  endfacet
  facet normal 0 0 0
    outer loop
      vertex 154.000 0.000 56.000
      vertex 154.000 3.000 50.804
      vertex 154.000 1.553 50.204
    endloop
  endfacet
  facet normal 0 0 0
    outer loop
      vertex 226.000 0.000 56.000
      vertex 226.000 1.553 50.204
      vertex 226.000 3.000 50.804
    endloop
  endfacet
  facet normal 0 0 0
    outer loop
      vertex 154.000 3.000 50.804
      vertex 226.000 3.000 50.804
      vertex 226.000 4.243 51.757
    endloop
  endfacet
  facet normal 0 0 0
    outer loop
      vertex 154.000 3.000 50.804
      vertex 226.000 4.243 51.757
      vertex 154.000 4.243 51.757
    endloop
  endfacet
  facet normal 0 0 0
    outer loop
      vertex 154.000 0.000 56.000
      vertex 154.000 4.243 51.757
      vertex 154.000 3.000 50.804
    endloop
  endfacet
  facet normal 0 0 0
    outer loop
      vertex 226.000 0.000 56.000
      vertex 226.000 3.000 50.804
      vertex 226.000 4.243 51.757
    endloop
  endfacet
  facet normal 0 0 0
    outer loop
      vertex 154.000 4.243 51.757
      vertex 226.000 4.243 51.757
      vertex 226.000 5.196 53.000
    endloop
  endfacet
  facet normal 0 0 0
    outer loop
      vertex 154.000 4.243 51.757
      vertex 226.000 5.196 53.000
      vertex 154.000 5.196 53.000
    endloop
  endfacet
  facet normal 0 0 0
    outer loop
      vertex 154.000 0.000 56.000
      vertex 154.000 5.196 53.000
      vertex 154.000 4.243 51.757
    endloop
  endfacet
  facet normal 0 0 0
    outer loop
      vertex 226.000 0.000 56.000
      vertex 226.000 4.243 51.757
      vertex 226.000 5.196 53.000
    endloop
  endfacet
  facet normal 0 0 0
    outer loop
      vertex 154.000 5.196 53.000
      vertex 226.000 5.196 53.000
      vertex 226.000 5.796 54.447
    endloop
  endfacet
  facet normal 0 0 0
    outer loop
      vertex 154.000 5.196 53.000
      vertex 226.000 5.796 54.447
      vertex 154.000 5.796 54.447
    endloop
  endfacet
  facet normal 0 0 0
    outer loop
      vertex 154.000 0.000 56.000
      vertex 154.000 5.796 54.447
      vertex 154.000 5.196 53.000
    endloop
  endfacet
  facet normal 0 0 0
    outer loop
      vertex 226.000 0.000 56.000
      vertex 226.000 5.196 53.000
      vertex 226.000 5.796 54.447
    endloop
  endfacet
  facet normal 0 0 0
    outer loop
      vertex 154.000 5.796 54.447
      vertex 226.000 5.796 54.447
      vertex 226.000 6.000 56.000
    endloop
  endfacet
  facet normal 0 0 0
    outer loop
      vertex 154.000 5.796 54.447
      vertex 226.000 6.000 56.000
      vertex 154.000 6.000 56.000
    endloop
  endfacet
  facet normal 0 0 0
    outer loop
      vertex 154.000 0.000 56.000
      vertex 154.000 6.000 56.000
      vertex 154.000 5.796 54.447
    endloop
  endfacet
  facet normal 0 0 0
    outer loop
      vertex 226.000 0.000 56.000
      vertex 226.000 5.796 54.447
      vertex 226.000 6.000 56.000
    endloop
  endfacet
  // rodizio_frontal_roda
  facet normal 0 0 0
    outer loop
      vertex 24.000 152.000 31.000
      vertex 24.000 172.000 31.000
      vertex 23.539 172.000 35.682
    endloop
  endfacet
  facet normal 0 0 0
    outer loop
      vertex 24.000 152.000 31.000
      vertex 23.539 172.000 35.682
      vertex 23.539 152.000 35.682
    endloop
  endfacet
  facet normal 0 0 0
    outer loop
      vertex 0.000 152.000 31.000
      vertex 23.539 152.000 35.682
      vertex 24.000 152.000 31.000
    endloop
  endfacet
  facet normal 0 0 0
    outer loop
      vertex 0.000 172.000 31.000
      vertex 24.000 172.000 31.000
      vertex 23.539 172.000 35.682
    endloop
  endfacet
  facet normal 0 0 0
    outer loop
      vertex 23.539 152.000 35.682
      vertex 23.539 172.000 35.682
      vertex 22.173 172.000 40.184
    endloop
  endfacet
  facet normal 0 0 0
    outer loop
      vertex 23.539 152.000 35.682
      vertex 22.173 172.000 40.184
      vertex 22.173 152.000 40.184
    endloop
  endfacet
  facet normal 0 0 0
    outer loop
      vertex 0.000 152.000 31.000
      vertex 22.173 152.000 40.184
      vertex 23.539 152.000 35.682
    endloop
  endfacet
  facet normal 0 0 0
    outer loop
      vertex 0.000 172.000 31.000
      vertex 23.539 172.000 35.682
      vertex 22.173 172.000 40.184
    endloop
  endfacet
  facet normal 0 0 0
    outer loop
      vertex 22.173 152.000 40.184
      vertex 22.173 172.000 40.184
      vertex 19.955 172.000 44.334
    endloop
  endfacet
  facet normal 0 0 0
    outer loop
      vertex 22.173 152.000 40.184
      vertex 19.955 172.000 44.334
      vertex 19.955 152.000 44.334
    endloop
  endfacet
  facet normal 0 0 0
    outer loop
      vertex 0.000 152.000 31.000
      vertex 19.955 152.000 44.334
      vertex 22.173 152.000 40.184
    endloop
  endfacet
  facet normal 0 0 0
    outer loop
      vertex 0.000 172.000 31.000
      vertex 22.173 172.000 40.184
      vertex 19.955 172.000 44.334
    endloop
  endfacet
  facet normal 0 0 0
    outer loop
      vertex 19.955 152.000 44.334
      vertex 19.955 172.000 44.334
      vertex 16.971 172.000 47.971
    endloop
  endfacet
  facet normal 0 0 0
    outer loop
      vertex 19.955 152.000 44.334
      vertex 16.971 172.000 47.971
      vertex 16.971 152.000 47.971
    endloop
  endfacet
  facet normal 0 0 0
    outer loop
      vertex 0.000 152.000 31.000
      vertex 16.971 152.000 47.971
      vertex 19.955 152.000 44.334
    endloop
  endfacet
  facet normal 0 0 0
    outer loop
      vertex 0.000 172.000 31.000
      vertex 19.955 172.000 44.334
      vertex 16.971 172.000 47.971
    endloop
  endfacet
  facet normal 0 0 0
    outer loop
      vertex 16.971 152.000 47.971
      vertex 16.971 172.000 47.971
      vertex 13.334 172.000 50.955
    endloop
  endfacet
  facet normal 0 0 0
    outer loop
      vertex 16.971 152.000 47.971
      vertex 13.334 172.000 50.955
      vertex 13.334 152.000 50.955
    endloop
  endfacet
  facet normal 0 0 0
    outer loop
      vertex 0.000 152.000 31.000
      vertex 13.334 152.000 50.955
      vertex 16.971 152.000 47.971
    endloop
  endfacet
  facet normal 0 0 0
    outer loop
      vertex 0.000 172.000 31.000
      vertex 16.971 172.000 47.971
      vertex 13.334 172.000 50.955
    endloop
  endfacet
  facet normal 0 0 0
    outer loop
      vertex 13.334 152.000 50.955
      vertex 13.334 172.000 50.955
      vertex 9.184 172.000 53.173
    endloop
  endfacet
  facet normal 0 0 0
    outer loop
      vertex 13.334 152.000 50.955
      vertex 9.184 172.000 53.173
      vertex 9.184 152.000 53.173
    endloop
  endfacet
  facet normal 0 0 0
    outer loop
      vertex 0.000 152.000 31.000
      vertex 9.184 152.000 53.173
      vertex 13.334 152.000 50.955
    endloop
  endfacet
  facet normal 0 0 0
    outer loop
      vertex 0.000 172.000 31.000
      vertex 13.334 172.000 50.955
      vertex 9.184 172.000 53.173
    endloop
  endfacet
  facet normal 0 0 0
    outer loop
      vertex 9.184 152.000 53.173
      vertex 9.184 172.000 53.173
      vertex 4.682 172.000 54.539
    endloop
  endfacet
  facet normal 0 0 0
    outer loop
      vertex 9.184 152.000 53.173
      vertex 4.682 172.000 54.539
      vertex 4.682 152.000 54.539
    endloop
  endfacet
  facet normal 0 0 0
    outer loop
      vertex 0.000 152.000 31.000
      vertex 4.682 152.000 54.539
      vertex 9.184 152.000 53.173
    endloop
  endfacet
  facet normal 0 0 0
    outer loop
      vertex 0.000 172.000 31.000
      vertex 9.184 172.000 53.173
      vertex 4.682 172.000 54.539
    endloop
  endfacet
  facet normal 0 0 0
    outer loop
      vertex 4.682 152.000 54.539
      vertex 4.682 172.000 54.539
      vertex 0.000 172.000 55.000
    endloop
  endfacet
  facet normal 0 0 0
    outer loop
      vertex 4.682 152.000 54.539
      vertex 0.000 172.000 55.000
      vertex 0.000 152.000 55.000
    endloop
  endfacet
  facet normal 0 0 0
    outer loop
      vertex 0.000 152.000 31.000
      vertex 0.000 152.000 55.000
      vertex 4.682 152.000 54.539
    endloop
  endfacet
  facet normal 0 0 0
    outer loop
      vertex 0.000 172.000 31.000
      vertex 4.682 172.000 54.539
      vertex 0.000 172.000 55.000
    endloop
  endfacet
  facet normal 0 0 0
    outer loop
      vertex 0.000 152.000 55.000
      vertex 0.000 172.000 55.000
      vertex -4.682 172.000 54.539
    endloop
  endfacet
  facet normal 0 0 0
    outer loop
      vertex 0.000 152.000 55.000
      vertex -4.682 172.000 54.539
      vertex -4.682 152.000 54.539
    endloop
  endfacet
  facet normal 0 0 0
    outer loop
      vertex 0.000 152.000 31.000
      vertex -4.682 152.000 54.539
      vertex 0.000 152.000 55.000
    endloop
  endfacet
  facet normal 0 0 0
    outer loop
      vertex 0.000 172.000 31.000
      vertex 0.000 172.000 55.000
      vertex -4.682 172.000 54.539
    endloop
  endfacet
  facet normal 0 0 0
    outer loop
      vertex -4.682 152.000 54.539
      vertex -4.682 172.000 54.539
      vertex -9.184 172.000 53.173
    endloop
  endfacet
  facet normal 0 0 0
    outer loop
      vertex -4.682 152.000 54.539
      vertex -9.184 172.000 53.173
      vertex -9.184 152.000 53.173
    endloop
  endfacet
  facet normal 0 0 0
    outer loop
      vertex 0.000 152.000 31.000
      vertex -9.184 152.000 53.173
      vertex -4.682 152.000 54.539
    endloop
  endfacet
  facet normal 0 0 0
    outer loop
      vertex 0.000 172.000 31.000
      vertex -4.682 172.000 54.539
      vertex -9.184 172.000 53.173
    endloop
  endfacet
  facet normal 0 0 0
    outer loop
      vertex -9.184 152.000 53.173
      vertex -9.184 172.000 53.173
      vertex -13.334 172.000 50.955
    endloop
  endfacet
  facet normal 0 0 0
    outer loop
      vertex -9.184 152.000 53.173
      vertex -13.334 172.000 50.955
      vertex -13.334 152.000 50.955
    endloop
  endfacet
  facet normal 0 0 0
    outer loop
      vertex 0.000 152.000 31.000
      vertex -13.334 152.000 50.955
      vertex -9.184 152.000 53.173
    endloop
  endfacet
  facet normal 0 0 0
    outer loop
      vertex 0.000 172.000 31.000
      vertex -9.184 172.000 53.173
      vertex -13.334 172.000 50.955
    endloop
  endfacet
  facet normal 0 0 0
    outer loop
      vertex -13.334 152.000 50.955
      vertex -13.334 172.000 50.955
      vertex -16.971 172.000 47.971
    endloop
  endfacet
  facet normal 0 0 0
    outer loop
      vertex -13.334 152.000 50.955
      vertex -16.971 172.000 47.971
      vertex -16.971 152.000 47.971
    endloop
  endfacet
  facet normal 0 0 0
    outer loop
      vertex 0.000 152.000 31.000
      vertex -16.971 152.000 47.971
      vertex -13.334 152.000 50.955
    endloop
  endfacet
  facet normal 0 0 0
    outer loop
      vertex 0.000 172.000 31.000
      vertex -13.334 172.000 50.955
      vertex -16.971 172.000 47.971
    endloop
  endfacet
  facet normal 0 0 0
    outer loop
      vertex -16.971 152.000 47.971
      vertex -16.971 172.000 47.971
      vertex -19.955 172.000 44.334
    endloop
  endfacet
  facet normal 0 0 0
    outer loop
      vertex -16.971 152.000 47.971
      vertex -19.955 172.000 44.334
      vertex -19.955 152.000 44.334
    endloop
  endfacet
  facet normal 0 0 0
    outer loop
      vertex 0.000 152.000 31.000
      vertex -19.955 152.000 44.334
      vertex -16.971 152.000 47.971
    endloop
  endfacet
  facet normal 0 0 0
    outer loop
      vertex 0.000 172.000 31.000
      vertex -16.971 172.000 47.971
      vertex -19.955 172.000 44.334
    endloop
  endfacet
  facet normal 0 0 0
    outer loop
      vertex -19.955 152.000 44.334
      vertex -19.955 172.000 44.334
      vertex -22.173 172.000 40.184
    endloop
  endfacet
  facet normal 0 0 0
    outer loop
      vertex -19.955 152.000 44.334
      vertex -22.173 172.000 40.184
      vertex -22.173 152.000 40.184
    endloop
  endfacet
  facet normal 0 0 0
    outer loop
      vertex 0.000 152.000 31.000
      vertex -22.173 152.000 40.184
      vertex -19.955 152.000 44.334
    endloop
  endfacet
  facet normal 0 0 0
    outer loop
      vertex 0.000 172.000 31.000
      vertex -19.955 172.000 44.334
      vertex -22.173 172.000 40.184
    endloop
  endfacet
  facet normal 0 0 0
    outer loop
      vertex -22.173 152.000 40.184
      vertex -22.173 172.000 40.184
      vertex -23.539 172.000 35.682
    endloop
  endfacet
  facet normal 0 0 0
    outer loop
      vertex -22.173 152.000 40.184
      vertex -23.539 172.000 35.682
      vertex -23.539 152.000 35.682
    endloop
  endfacet
  facet normal 0 0 0
    outer loop
      vertex 0.000 152.000 31.000
      vertex -23.539 152.000 35.682
      vertex -22.173 152.000 40.184
    endloop
  endfacet
  facet normal 0 0 0
    outer loop
      vertex 0.000 172.000 31.000
      vertex -22.173 172.000 40.184
      vertex -23.539 172.000 35.682
    endloop
  endfacet
  facet normal 0 0 0
    outer loop
      vertex -23.539 152.000 35.682
      vertex -23.539 172.000 35.682
      vertex -24.000 172.000 31.000
    endloop
  endfacet
  facet normal 0 0 0
    outer loop
      vertex -23.539 152.000 35.682
      vertex -24.000 172.000 31.000
      vertex -24.000 152.000 31.000
    endloop
  endfacet
  facet normal 0 0 0
    outer loop
      vertex 0.000 152.000 31.000
      vertex -24.000 152.000 31.000
      vertex -23.539 152.000 35.682
    endloop
  endfacet
  facet normal 0 0 0
    outer loop
      vertex 0.000 172.000 31.000
      vertex -23.539 172.000 35.682
      vertex -24.000 172.000 31.000
    endloop
  endfacet
  facet normal 0 0 0
    outer loop
      vertex -24.000 152.000 31.000
      vertex -24.000 172.000 31.000
      vertex -23.539 172.000 26.318
    endloop
  endfacet
  facet normal 0 0 0
    outer loop
      vertex -24.000 152.000 31.000
      vertex -23.539 172.000 26.318
      vertex -23.539 152.000 26.318
    endloop
  endfacet
  facet normal 0 0 0
    outer loop
      vertex 0.000 152.000 31.000
      vertex -23.539 152.000 26.318
      vertex -24.000 152.000 31.000
    endloop
  endfacet
  facet normal 0 0 0
    outer loop
      vertex 0.000 172.000 31.000
      vertex -24.000 172.000 31.000
      vertex -23.539 172.000 26.318
    endloop
  endfacet
  facet normal 0 0 0
    outer loop
      vertex -23.539 152.000 26.318
      vertex -23.539 172.000 26.318
      vertex -22.173 172.000 21.816
    endloop
  endfacet
  facet normal 0 0 0
    outer loop
      vertex -23.539 152.000 26.318
      vertex -22.173 172.000 21.816
      vertex -22.173 152.000 21.816
    endloop
  endfacet
  facet normal 0 0 0
    outer loop
      vertex 0.000 152.000 31.000
      vertex -22.173 152.000 21.816
      vertex -23.539 152.000 26.318
    endloop
  endfacet
  facet normal 0 0 0
    outer loop
      vertex 0.000 172.000 31.000
      vertex -23.539 172.000 26.318
      vertex -22.173 172.000 21.816
    endloop
  endfacet
  facet normal 0 0 0
    outer loop
      vertex -22.173 152.000 21.816
      vertex -22.173 172.000 21.816
      vertex -19.955 172.000 17.666
    endloop
  endfacet
  facet normal 0 0 0
    outer loop
      vertex -22.173 152.000 21.816
      vertex -19.955 172.000 17.666
      vertex -19.955 152.000 17.666
    endloop
  endfacet
  facet normal 0 0 0
    outer loop
      vertex 0.000 152.000 31.000
      vertex -19.955 152.000 17.666
      vertex -22.173 152.000 21.816
    endloop
  endfacet
  facet normal 0 0 0
    outer loop
      vertex 0.000 172.000 31.000
      vertex -22.173 172.000 21.816
      vertex -19.955 172.000 17.666
    endloop
  endfacet
  facet normal 0 0 0
    outer loop
      vertex -19.955 152.000 17.666
      vertex -19.955 172.000 17.666
      vertex -16.971 172.000 14.029
    endloop
  endfacet
  facet normal 0 0 0
    outer loop
      vertex -19.955 152.000 17.666
      vertex -16.971 172.000 14.029
      vertex -16.971 152.000 14.029
    endloop
  endfacet
  facet normal 0 0 0
    outer loop
      vertex 0.000 152.000 31.000
      vertex -16.971 152.000 14.029
      vertex -19.955 152.000 17.666
    endloop
  endfacet
  facet normal 0 0 0
    outer loop
      vertex 0.000 172.000 31.000
      vertex -19.955 172.000 17.666
      vertex -16.971 172.000 14.029
    endloop
  endfacet
  facet normal 0 0 0
    outer loop
      vertex -16.971 152.000 14.029
      vertex -16.971 172.000 14.029
      vertex -13.334 172.000 11.045
    endloop
  endfacet
  facet normal 0 0 0
    outer loop
      vertex -16.971 152.000 14.029
      vertex -13.334 172.000 11.045
      vertex -13.334 152.000 11.045
    endloop
  endfacet
  facet normal 0 0 0
    outer loop
      vertex 0.000 152.000 31.000
      vertex -13.334 152.000 11.045
      vertex -16.971 152.000 14.029
    endloop
  endfacet
  facet normal 0 0 0
    outer loop
      vertex 0.000 172.000 31.000
      vertex -16.971 172.000 14.029
      vertex -13.334 172.000 11.045
    endloop
  endfacet
  facet normal 0 0 0
    outer loop
      vertex -13.334 152.000 11.045
      vertex -13.334 172.000 11.045
      vertex -9.184 172.000 8.827
    endloop
  endfacet
  facet normal 0 0 0
    outer loop
      vertex -13.334 152.000 11.045
      vertex -9.184 172.000 8.827
      vertex -9.184 152.000 8.827
    endloop
  endfacet
  facet normal 0 0 0
    outer loop
      vertex 0.000 152.000 31.000
      vertex -9.184 152.000 8.827
      vertex -13.334 152.000 11.045
    endloop
  endfacet
  facet normal 0 0 0
    outer loop
      vertex 0.000 172.000 31.000
      vertex -13.334 172.000 11.045
      vertex -9.184 172.000 8.827
    endloop
  endfacet
  facet normal 0 0 0
    outer loop
      vertex -9.184 152.000 8.827
      vertex -9.184 172.000 8.827
      vertex -4.682 172.000 7.461
    endloop
  endfacet
  facet normal 0 0 0
    outer loop
      vertex -9.184 152.000 8.827
      vertex -4.682 172.000 7.461
      vertex -4.682 152.000 7.461
    endloop
  endfacet
  facet normal 0 0 0
    outer loop
      vertex 0.000 152.000 31.000
      vertex -4.682 152.000 7.461
      vertex -9.184 152.000 8.827
    endloop
  endfacet
  facet normal 0 0 0
    outer loop
      vertex 0.000 172.000 31.000
      vertex -9.184 172.000 8.827
      vertex -4.682 172.000 7.461
    endloop
  endfacet
  facet normal 0 0 0
    outer loop
      vertex -4.682 152.000 7.461
      vertex -4.682 172.000 7.461
      vertex -0.000 172.000 7.000
    endloop
  endfacet
  facet normal 0 0 0
    outer loop
      vertex -4.682 152.000 7.461
      vertex -0.000 172.000 7.000
      vertex -0.000 152.000 7.000
    endloop
  endfacet
  facet normal 0 0 0
    outer loop
      vertex 0.000 152.000 31.000
      vertex -0.000 152.000 7.000
      vertex -4.682 152.000 7.461
    endloop
  endfacet
  facet normal 0 0 0
    outer loop
      vertex 0.000 172.000 31.000
      vertex -4.682 172.000 7.461
      vertex -0.000 172.000 7.000
    endloop
  endfacet
  facet normal 0 0 0
    outer loop
      vertex -0.000 152.000 7.000
      vertex -0.000 172.000 7.000
      vertex 4.682 172.000 7.461
    endloop
  endfacet
  facet normal 0 0 0
    outer loop
      vertex -0.000 152.000 7.000
      vertex 4.682 172.000 7.461
      vertex 4.682 152.000 7.461
    endloop
  endfacet
  facet normal 0 0 0
    outer loop
      vertex 0.000 152.000 31.000
      vertex 4.682 152.000 7.461
      vertex -0.000 152.000 7.000
    endloop
  endfacet
  facet normal 0 0 0
    outer loop
      vertex 0.000 172.000 31.000
      vertex -0.000 172.000 7.000
      vertex 4.682 172.000 7.461
    endloop
  endfacet
  facet normal 0 0 0
    outer loop
      vertex 4.682 152.000 7.461
      vertex 4.682 172.000 7.461
      vertex 9.184 172.000 8.827
    endloop
  endfacet
  facet normal 0 0 0
    outer loop
      vertex 4.682 152.000 7.461
      vertex 9.184 172.000 8.827
      vertex 9.184 152.000 8.827
    endloop
  endfacet
  facet normal 0 0 0
    outer loop
      vertex 0.000 152.000 31.000
      vertex 9.184 152.000 8.827
      vertex 4.682 152.000 7.461
    endloop
  endfacet
  facet normal 0 0 0
    outer loop
      vertex 0.000 172.000 31.000
      vertex 4.682 172.000 7.461
      vertex 9.184 172.000 8.827
    endloop
  endfacet
  facet normal 0 0 0
    outer loop
      vertex 9.184 152.000 8.827
      vertex 9.184 172.000 8.827
      vertex 13.334 172.000 11.045
    endloop
  endfacet
  facet normal 0 0 0
    outer loop
      vertex 9.184 152.000 8.827
      vertex 13.334 172.000 11.045
      vertex 13.334 152.000 11.045
    endloop
  endfacet
  facet normal 0 0 0
    outer loop
      vertex 0.000 152.000 31.000
      vertex 13.334 152.000 11.045
      vertex 9.184 152.000 8.827
    endloop
  endfacet
  facet normal 0 0 0
    outer loop
      vertex 0.000 172.000 31.000
      vertex 9.184 172.000 8.827
      vertex 13.334 172.000 11.045
    endloop
  endfacet
  facet normal 0 0 0
    outer loop
      vertex 13.334 152.000 11.045
      vertex 13.334 172.000 11.045
      vertex 16.971 172.000 14.029
    endloop
  endfacet
  facet normal 0 0 0
    outer loop
      vertex 13.334 152.000 11.045
      vertex 16.971 172.000 14.029
      vertex 16.971 152.000 14.029
    endloop
  endfacet
  facet normal 0 0 0
    outer loop
      vertex 0.000 152.000 31.000
      vertex 16.971 152.000 14.029
      vertex 13.334 152.000 11.045
    endloop
  endfacet
  facet normal 0 0 0
    outer loop
      vertex 0.000 172.000 31.000
      vertex 13.334 172.000 11.045
      vertex 16.971 172.000 14.029
    endloop
  endfacet
  facet normal 0 0 0
    outer loop
      vertex 16.971 152.000 14.029
      vertex 16.971 172.000 14.029
      vertex 19.955 172.000 17.666
    endloop
  endfacet
  facet normal 0 0 0
    outer loop
      vertex 16.971 152.000 14.029
      vertex 19.955 172.000 17.666
      vertex 19.955 152.000 17.666
    endloop
  endfacet
  facet normal 0 0 0
    outer loop
      vertex 0.000 152.000 31.000
      vertex 19.955 152.000 17.666
      vertex 16.971 152.000 14.029
    endloop
  endfacet
  facet normal 0 0 0
    outer loop
      vertex 0.000 172.000 31.000
      vertex 16.971 172.000 14.029
      vertex 19.955 172.000 17.666
    endloop
  endfacet
  facet normal 0 0 0
    outer loop
      vertex 19.955 152.000 17.666
      vertex 19.955 172.000 17.666
      vertex 22.173 172.000 21.816
    endloop
  endfacet
  facet normal 0 0 0
    outer loop
      vertex 19.955 152.000 17.666
      vertex 22.173 172.000 21.816
      vertex 22.173 152.000 21.816
    endloop
  endfacet
  facet normal 0 0 0
    outer loop
      vertex 0.000 152.000 31.000
      vertex 22.173 152.000 21.816
      vertex 19.955 152.000 17.666
    endloop
  endfacet
  facet normal 0 0 0
    outer loop
      vertex 0.000 172.000 31.000
      vertex 19.955 172.000 17.666
      vertex 22.173 172.000 21.816
    endloop
  endfacet
  facet normal 0 0 0
    outer loop
      vertex 22.173 152.000 21.816
      vertex 22.173 172.000 21.816
      vertex 23.539 172.000 26.318
    endloop
  endfacet
  facet normal 0 0 0
    outer loop
      vertex 22.173 152.000 21.816
      vertex 23.539 172.000 26.318
      vertex 23.539 152.000 26.318
    endloop
  endfacet
  facet normal 0 0 0
    outer loop
      vertex 0.000 152.000 31.000
      vertex 23.539 152.000 26.318
      vertex 22.173 152.000 21.816
    endloop
  endfacet
  facet normal 0 0 0
    outer loop
      vertex 0.000 172.000 31.000
      vertex 22.173 172.000 21.816
      vertex 23.539 172.000 26.318
    endloop
  endfacet
  facet normal 0 0 0
    outer loop
      vertex 23.539 152.000 26.318
      vertex 23.539 172.000 26.318
      vertex 24.000 172.000 31.000
    endloop
  endfacet
  facet normal 0 0 0
    outer loop
      vertex 23.539 152.000 26.318
      vertex 24.000 172.000 31.000
      vertex 24.000 152.000 31.000
    endloop
  endfacet
  facet normal 0 0 0
    outer loop
      vertex 0.000 152.000 31.000
      vertex 24.000 152.000 31.000
      vertex 23.539 152.000 26.318
    endloop
  endfacet
  facet normal 0 0 0
    outer loop
      vertex 0.000 172.000 31.000
      vertex 23.539 172.000 26.318
      vertex 24.000 172.000 31.000
    endloop
  endfacet
  // rodizio_traseiro_roda
  facet normal 0 0 0
    outer loop
      vertex 24.000 -172.000 31.000
      vertex 24.000 -152.000 31.000
      vertex 23.539 -152.000 35.682
    endloop
  endfacet
  facet normal 0 0 0
    outer loop
      vertex 24.000 -172.000 31.000
      vertex 23.539 -152.000 35.682
      vertex 23.539 -172.000 35.682
    endloop
  endfacet
  facet normal 0 0 0
    outer loop
      vertex 0.000 -172.000 31.000
      vertex 23.539 -172.000 35.682
      vertex 24.000 -172.000 31.000
    endloop
  endfacet
  facet normal 0 0 0
    outer loop
      vertex 0.000 -152.000 31.000
      vertex 24.000 -152.000 31.000
      vertex 23.539 -152.000 35.682
    endloop
  endfacet
  facet normal 0 0 0
    outer loop
      vertex 23.539 -172.000 35.682
      vertex 23.539 -152.000 35.682
      vertex 22.173 -152.000 40.184
    endloop
  endfacet
  facet normal 0 0 0
    outer loop
      vertex 23.539 -172.000 35.682
      vertex 22.173 -152.000 40.184
      vertex 22.173 -172.000 40.184
    endloop
  endfacet
  facet normal 0 0 0
    outer loop
      vertex 0.000 -172.000 31.000
      vertex 22.173 -172.000 40.184
      vertex 23.539 -172.000 35.682
    endloop
  endfacet
  facet normal 0 0 0
    outer loop
      vertex 0.000 -152.000 31.000
      vertex 23.539 -152.000 35.682
      vertex 22.173 -152.000 40.184
    endloop
  endfacet
  facet normal 0 0 0
    outer loop
      vertex 22.173 -172.000 40.184
      vertex 22.173 -152.000 40.184
      vertex 19.955 -152.000 44.334
    endloop
  endfacet
  facet normal 0 0 0
    outer loop
      vertex 22.173 -172.000 40.184
      vertex 19.955 -152.000 44.334
      vertex 19.955 -172.000 44.334
    endloop
  endfacet
  facet normal 0 0 0
    outer loop
      vertex 0.000 -172.000 31.000
      vertex 19.955 -172.000 44.334
      vertex 22.173 -172.000 40.184
    endloop
  endfacet
  facet normal 0 0 0
    outer loop
      vertex 0.000 -152.000 31.000
      vertex 22.173 -152.000 40.184
      vertex 19.955 -152.000 44.334
    endloop
  endfacet
  facet normal 0 0 0
    outer loop
      vertex 19.955 -172.000 44.334
      vertex 19.955 -152.000 44.334
      vertex 16.971 -152.000 47.971
    endloop
  endfacet
  facet normal 0 0 0
    outer loop
      vertex 19.955 -172.000 44.334
      vertex 16.971 -152.000 47.971
      vertex 16.971 -172.000 47.971
    endloop
  endfacet
  facet normal 0 0 0
    outer loop
      vertex 0.000 -172.000 31.000
      vertex 16.971 -172.000 47.971
      vertex 19.955 -172.000 44.334
    endloop
  endfacet
  facet normal 0 0 0
    outer loop
      vertex 0.000 -152.000 31.000
      vertex 19.955 -152.000 44.334
      vertex 16.971 -152.000 47.971
    endloop
  endfacet
  facet normal 0 0 0
    outer loop
      vertex 16.971 -172.000 47.971
      vertex 16.971 -152.000 47.971
      vertex 13.334 -152.000 50.955
    endloop
  endfacet
  facet normal 0 0 0
    outer loop
      vertex 16.971 -172.000 47.971
      vertex 13.334 -152.000 50.955
      vertex 13.334 -172.000 50.955
    endloop
  endfacet
  facet normal 0 0 0
    outer loop
      vertex 0.000 -172.000 31.000
      vertex 13.334 -172.000 50.955
      vertex 16.971 -172.000 47.971
    endloop
  endfacet
  facet normal 0 0 0
    outer loop
      vertex 0.000 -152.000 31.000
      vertex 16.971 -152.000 47.971
      vertex 13.334 -152.000 50.955
    endloop
  endfacet
  facet normal 0 0 0
    outer loop
      vertex 13.334 -172.000 50.955
      vertex 13.334 -152.000 50.955
      vertex 9.184 -152.000 53.173
    endloop
  endfacet
  facet normal 0 0 0
    outer loop
      vertex 13.334 -172.000 50.955
      vertex 9.184 -152.000 53.173
      vertex 9.184 -172.000 53.173
    endloop
  endfacet
  facet normal 0 0 0
    outer loop
      vertex 0.000 -172.000 31.000
      vertex 9.184 -172.000 53.173
      vertex 13.334 -172.000 50.955
    endloop
  endfacet
  facet normal 0 0 0
    outer loop
      vertex 0.000 -152.000 31.000
      vertex 13.334 -152.000 50.955
      vertex 9.184 -152.000 53.173
    endloop
  endfacet
  facet normal 0 0 0
    outer loop
      vertex 9.184 -172.000 53.173
      vertex 9.184 -152.000 53.173
      vertex 4.682 -152.000 54.539
    endloop
  endfacet
  facet normal 0 0 0
    outer loop
      vertex 9.184 -172.000 53.173
      vertex 4.682 -152.000 54.539
      vertex 4.682 -172.000 54.539
    endloop
  endfacet
  facet normal 0 0 0
    outer loop
      vertex 0.000 -172.000 31.000
      vertex 4.682 -172.000 54.539
      vertex 9.184 -172.000 53.173
    endloop
  endfacet
  facet normal 0 0 0
    outer loop
      vertex 0.000 -152.000 31.000
      vertex 9.184 -152.000 53.173
      vertex 4.682 -152.000 54.539
    endloop
  endfacet
  facet normal 0 0 0
    outer loop
      vertex 4.682 -172.000 54.539
      vertex 4.682 -152.000 54.539
      vertex 0.000 -152.000 55.000
    endloop
  endfacet
  facet normal 0 0 0
    outer loop
      vertex 4.682 -172.000 54.539
      vertex 0.000 -152.000 55.000
      vertex 0.000 -172.000 55.000
    endloop
  endfacet
  facet normal 0 0 0
    outer loop
      vertex 0.000 -172.000 31.000
      vertex 0.000 -172.000 55.000
      vertex 4.682 -172.000 54.539
    endloop
  endfacet
  facet normal 0 0 0
    outer loop
      vertex 0.000 -152.000 31.000
      vertex 4.682 -152.000 54.539
      vertex 0.000 -152.000 55.000
    endloop
  endfacet
  facet normal 0 0 0
    outer loop
      vertex 0.000 -172.000 55.000
      vertex 0.000 -152.000 55.000
      vertex -4.682 -152.000 54.539
    endloop
  endfacet
  facet normal 0 0 0
    outer loop
      vertex 0.000 -172.000 55.000
      vertex -4.682 -152.000 54.539
      vertex -4.682 -172.000 54.539
    endloop
  endfacet
  facet normal 0 0 0
    outer loop
      vertex 0.000 -172.000 31.000
      vertex -4.682 -172.000 54.539
      vertex 0.000 -172.000 55.000
    endloop
  endfacet
  facet normal 0 0 0
    outer loop
      vertex 0.000 -152.000 31.000
      vertex 0.000 -152.000 55.000
      vertex -4.682 -152.000 54.539
    endloop
  endfacet
  facet normal 0 0 0
    outer loop
      vertex -4.682 -172.000 54.539
      vertex -4.682 -152.000 54.539
      vertex -9.184 -152.000 53.173
    endloop
  endfacet
  facet normal 0 0 0
    outer loop
      vertex -4.682 -172.000 54.539
      vertex -9.184 -152.000 53.173
      vertex -9.184 -172.000 53.173
    endloop
  endfacet
  facet normal 0 0 0
    outer loop
      vertex 0.000 -172.000 31.000
      vertex -9.184 -172.000 53.173
      vertex -4.682 -172.000 54.539
    endloop
  endfacet
  facet normal 0 0 0
    outer loop
      vertex 0.000 -152.000 31.000
      vertex -4.682 -152.000 54.539
      vertex -9.184 -152.000 53.173
    endloop
  endfacet
  facet normal 0 0 0
    outer loop
      vertex -9.184 -172.000 53.173
      vertex -9.184 -152.000 53.173
      vertex -13.334 -152.000 50.955
    endloop
  endfacet
  facet normal 0 0 0
    outer loop
      vertex -9.184 -172.000 53.173
      vertex -13.334 -152.000 50.955
      vertex -13.334 -172.000 50.955
    endloop
  endfacet
  facet normal 0 0 0
    outer loop
      vertex 0.000 -172.000 31.000
      vertex -13.334 -172.000 50.955
      vertex -9.184 -172.000 53.173
    endloop
  endfacet
  facet normal 0 0 0
    outer loop
      vertex 0.000 -152.000 31.000
      vertex -9.184 -152.000 53.173
      vertex -13.334 -152.000 50.955
    endloop
  endfacet
  facet normal 0 0 0
    outer loop
      vertex -13.334 -172.000 50.955
      vertex -13.334 -152.000 50.955
      vertex -16.971 -152.000 47.971
    endloop
  endfacet
  facet normal 0 0 0
    outer loop
      vertex -13.334 -172.000 50.955
      vertex -16.971 -152.000 47.971
      vertex -16.971 -172.000 47.971
    endloop
  endfacet
  facet normal 0 0 0
    outer loop
      vertex 0.000 -172.000 31.000
      vertex -16.971 -172.000 47.971
      vertex -13.334 -172.000 50.955
    endloop
  endfacet
  facet normal 0 0 0
    outer loop
      vertex 0.000 -152.000 31.000
      vertex -13.334 -152.000 50.955
      vertex -16.971 -152.000 47.971
    endloop
  endfacet
  facet normal 0 0 0
    outer loop
      vertex -16.971 -172.000 47.971
      vertex -16.971 -152.000 47.971
      vertex -19.955 -152.000 44.334
    endloop
  endfacet
  facet normal 0 0 0
    outer loop
      vertex -16.971 -172.000 47.971
      vertex -19.955 -152.000 44.334
      vertex -19.955 -172.000 44.334
    endloop
  endfacet
  facet normal 0 0 0
    outer loop
      vertex 0.000 -172.000 31.000
      vertex -19.955 -172.000 44.334
      vertex -16.971 -172.000 47.971
    endloop
  endfacet
  facet normal 0 0 0
    outer loop
      vertex 0.000 -152.000 31.000
      vertex -16.971 -152.000 47.971
      vertex -19.955 -152.000 44.334
    endloop
  endfacet
  facet normal 0 0 0
    outer loop
      vertex -19.955 -172.000 44.334
      vertex -19.955 -152.000 44.334
      vertex -22.173 -152.000 40.184
    endloop
  endfacet
  facet normal 0 0 0
    outer loop
      vertex -19.955 -172.000 44.334
      vertex -22.173 -152.000 40.184
      vertex -22.173 -172.000 40.184
    endloop
  endfacet
  facet normal 0 0 0
    outer loop
      vertex 0.000 -172.000 31.000
      vertex -22.173 -172.000 40.184
      vertex -19.955 -172.000 44.334
    endloop
  endfacet
  facet normal 0 0 0
    outer loop
      vertex 0.000 -152.000 31.000
      vertex -19.955 -152.000 44.334
      vertex -22.173 -152.000 40.184
    endloop
  endfacet
  facet normal 0 0 0
    outer loop
      vertex -22.173 -172.000 40.184
      vertex -22.173 -152.000 40.184
      vertex -23.539 -152.000 35.682
    endloop
  endfacet
  facet normal 0 0 0
    outer loop
      vertex -22.173 -172.000 40.184
      vertex -23.539 -152.000 35.682
      vertex -23.539 -172.000 35.682
    endloop
  endfacet
  facet normal 0 0 0
    outer loop
      vertex 0.000 -172.000 31.000
      vertex -23.539 -172.000 35.682
      vertex -22.173 -172.000 40.184
    endloop
  endfacet
  facet normal 0 0 0
    outer loop
      vertex 0.000 -152.000 31.000
      vertex -22.173 -152.000 40.184
      vertex -23.539 -152.000 35.682
    endloop
  endfacet
  facet normal 0 0 0
    outer loop
      vertex -23.539 -172.000 35.682
      vertex -23.539 -152.000 35.682
      vertex -24.000 -152.000 31.000
    endloop
  endfacet
  facet normal 0 0 0
    outer loop
      vertex -23.539 -172.000 35.682
      vertex -24.000 -152.000 31.000
      vertex -24.000 -172.000 31.000
    endloop
  endfacet
  facet normal 0 0 0
    outer loop
      vertex 0.000 -172.000 31.000
      vertex -24.000 -172.000 31.000
      vertex -23.539 -172.000 35.682
    endloop
  endfacet
  facet normal 0 0 0
    outer loop
      vertex 0.000 -152.000 31.000
      vertex -23.539 -152.000 35.682
      vertex -24.000 -152.000 31.000
    endloop
  endfacet
  facet normal 0 0 0
    outer loop
      vertex -24.000 -172.000 31.000
      vertex -24.000 -152.000 31.000
      vertex -23.539 -152.000 26.318
    endloop
  endfacet
  facet normal 0 0 0
    outer loop
      vertex -24.000 -172.000 31.000
      vertex -23.539 -152.000 26.318
      vertex -23.539 -172.000 26.318
    endloop
  endfacet
  facet normal 0 0 0
    outer loop
      vertex 0.000 -172.000 31.000
      vertex -23.539 -172.000 26.318
      vertex -24.000 -172.000 31.000
    endloop
  endfacet
  facet normal 0 0 0
    outer loop
      vertex 0.000 -152.000 31.000
      vertex -24.000 -152.000 31.000
      vertex -23.539 -152.000 26.318
    endloop
  endfacet
  facet normal 0 0 0
    outer loop
      vertex -23.539 -172.000 26.318
      vertex -23.539 -152.000 26.318
      vertex -22.173 -152.000 21.816
    endloop
  endfacet
  facet normal 0 0 0
    outer loop
      vertex -23.539 -172.000 26.318
      vertex -22.173 -152.000 21.816
      vertex -22.173 -172.000 21.816
    endloop
  endfacet
  facet normal 0 0 0
    outer loop
      vertex 0.000 -172.000 31.000
      vertex -22.173 -172.000 21.816
      vertex -23.539 -172.000 26.318
    endloop
  endfacet
  facet normal 0 0 0
    outer loop
      vertex 0.000 -152.000 31.000
      vertex -23.539 -152.000 26.318
      vertex -22.173 -152.000 21.816
    endloop
  endfacet
  facet normal 0 0 0
    outer loop
      vertex -22.173 -172.000 21.816
      vertex -22.173 -152.000 21.816
      vertex -19.955 -152.000 17.666
    endloop
  endfacet
  facet normal 0 0 0
    outer loop
      vertex -22.173 -172.000 21.816
      vertex -19.955 -152.000 17.666
      vertex -19.955 -172.000 17.666
    endloop
  endfacet
  facet normal 0 0 0
    outer loop
      vertex 0.000 -172.000 31.000
      vertex -19.955 -172.000 17.666
      vertex -22.173 -172.000 21.816
    endloop
  endfacet
  facet normal 0 0 0
    outer loop
      vertex 0.000 -152.000 31.000
      vertex -22.173 -152.000 21.816
      vertex -19.955 -152.000 17.666
    endloop
  endfacet
  facet normal 0 0 0
    outer loop
      vertex -19.955 -172.000 17.666
      vertex -19.955 -152.000 17.666
      vertex -16.971 -152.000 14.029
    endloop
  endfacet
  facet normal 0 0 0
    outer loop
      vertex -19.955 -172.000 17.666
      vertex -16.971 -152.000 14.029
      vertex -16.971 -172.000 14.029
    endloop
  endfacet
  facet normal 0 0 0
    outer loop
      vertex 0.000 -172.000 31.000
      vertex -16.971 -172.000 14.029
      vertex -19.955 -172.000 17.666
    endloop
  endfacet
  facet normal 0 0 0
    outer loop
      vertex 0.000 -152.000 31.000
      vertex -19.955 -152.000 17.666
      vertex -16.971 -152.000 14.029
    endloop
  endfacet
  facet normal 0 0 0
    outer loop
      vertex -16.971 -172.000 14.029
      vertex -16.971 -152.000 14.029
      vertex -13.334 -152.000 11.045
    endloop
  endfacet
  facet normal 0 0 0
    outer loop
      vertex -16.971 -172.000 14.029
      vertex -13.334 -152.000 11.045
      vertex -13.334 -172.000 11.045
    endloop
  endfacet
  facet normal 0 0 0
    outer loop
      vertex 0.000 -172.000 31.000
      vertex -13.334 -172.000 11.045
      vertex -16.971 -172.000 14.029
    endloop
  endfacet
  facet normal 0 0 0
    outer loop
      vertex 0.000 -152.000 31.000
      vertex -16.971 -152.000 14.029
      vertex -13.334 -152.000 11.045
    endloop
  endfacet
  facet normal 0 0 0
    outer loop
      vertex -13.334 -172.000 11.045
      vertex -13.334 -152.000 11.045
      vertex -9.184 -152.000 8.827
    endloop
  endfacet
  facet normal 0 0 0
    outer loop
      vertex -13.334 -172.000 11.045
      vertex -9.184 -152.000 8.827
      vertex -9.184 -172.000 8.827
    endloop
  endfacet
  facet normal 0 0 0
    outer loop
      vertex 0.000 -172.000 31.000
      vertex -9.184 -172.000 8.827
      vertex -13.334 -172.000 11.045
    endloop
  endfacet
  facet normal 0 0 0
    outer loop
      vertex 0.000 -152.000 31.000
      vertex -13.334 -152.000 11.045
      vertex -9.184 -152.000 8.827
    endloop
  endfacet
  facet normal 0 0 0
    outer loop
      vertex -9.184 -172.000 8.827
      vertex -9.184 -152.000 8.827
      vertex -4.682 -152.000 7.461
    endloop
  endfacet
  facet normal 0 0 0
    outer loop
      vertex -9.184 -172.000 8.827
      vertex -4.682 -152.000 7.461
      vertex -4.682 -172.000 7.461
    endloop
  endfacet
  facet normal 0 0 0
    outer loop
      vertex 0.000 -172.000 31.000
      vertex -4.682 -172.000 7.461
      vertex -9.184 -172.000 8.827
    endloop
  endfacet
  facet normal 0 0 0
    outer loop
      vertex 0.000 -152.000 31.000
      vertex -9.184 -152.000 8.827
      vertex -4.682 -152.000 7.461
    endloop
  endfacet
  facet normal 0 0 0
    outer loop
      vertex -4.682 -172.000 7.461
      vertex -4.682 -152.000 7.461
      vertex -0.000 -152.000 7.000
    endloop
  endfacet
  facet normal 0 0 0
    outer loop
      vertex -4.682 -172.000 7.461
      vertex -0.000 -152.000 7.000
      vertex -0.000 -172.000 7.000
    endloop
  endfacet
  facet normal 0 0 0
    outer loop
      vertex 0.000 -172.000 31.000
      vertex -0.000 -172.000 7.000
      vertex -4.682 -172.000 7.461
    endloop
  endfacet
  facet normal 0 0 0
    outer loop
      vertex 0.000 -152.000 31.000
      vertex -4.682 -152.000 7.461
      vertex -0.000 -152.000 7.000
    endloop
  endfacet
  facet normal 0 0 0
    outer loop
      vertex -0.000 -172.000 7.000
      vertex -0.000 -152.000 7.000
      vertex 4.682 -152.000 7.461
    endloop
  endfacet
  facet normal 0 0 0
    outer loop
      vertex -0.000 -172.000 7.000
      vertex 4.682 -152.000 7.461
      vertex 4.682 -172.000 7.461
    endloop
  endfacet
  facet normal 0 0 0
    outer loop
      vertex 0.000 -172.000 31.000
      vertex 4.682 -172.000 7.461
      vertex -0.000 -172.000 7.000
    endloop
  endfacet
  facet normal 0 0 0
    outer loop
      vertex 0.000 -152.000 31.000
      vertex -0.000 -152.000 7.000
      vertex 4.682 -152.000 7.461
    endloop
  endfacet
  facet normal 0 0 0
    outer loop
      vertex 4.682 -172.000 7.461
      vertex 4.682 -152.000 7.461
      vertex 9.184 -152.000 8.827
    endloop
  endfacet
  facet normal 0 0 0
    outer loop
      vertex 4.682 -172.000 7.461
      vertex 9.184 -152.000 8.827
      vertex 9.184 -172.000 8.827
    endloop
  endfacet
  facet normal 0 0 0
    outer loop
      vertex 0.000 -172.000 31.000
      vertex 9.184 -172.000 8.827
      vertex 4.682 -172.000 7.461
    endloop
  endfacet
  facet normal 0 0 0
    outer loop
      vertex 0.000 -152.000 31.000
      vertex 4.682 -152.000 7.461
      vertex 9.184 -152.000 8.827
    endloop
  endfacet
  facet normal 0 0 0
    outer loop
      vertex 9.184 -172.000 8.827
      vertex 9.184 -152.000 8.827
      vertex 13.334 -152.000 11.045
    endloop
  endfacet
  facet normal 0 0 0
    outer loop
      vertex 9.184 -172.000 8.827
      vertex 13.334 -152.000 11.045
      vertex 13.334 -172.000 11.045
    endloop
  endfacet
  facet normal 0 0 0
    outer loop
      vertex 0.000 -172.000 31.000
      vertex 13.334 -172.000 11.045
      vertex 9.184 -172.000 8.827
    endloop
  endfacet
  facet normal 0 0 0
    outer loop
      vertex 0.000 -152.000 31.000
      vertex 9.184 -152.000 8.827
      vertex 13.334 -152.000 11.045
    endloop
  endfacet
  facet normal 0 0 0
    outer loop
      vertex 13.334 -172.000 11.045
      vertex 13.334 -152.000 11.045
      vertex 16.971 -152.000 14.029
    endloop
  endfacet
  facet normal 0 0 0
    outer loop
      vertex 13.334 -172.000 11.045
      vertex 16.971 -152.000 14.029
      vertex 16.971 -172.000 14.029
    endloop
  endfacet
  facet normal 0 0 0
    outer loop
      vertex 0.000 -172.000 31.000
      vertex 16.971 -172.000 14.029
      vertex 13.334 -172.000 11.045
    endloop
  endfacet
  facet normal 0 0 0
    outer loop
      vertex 0.000 -152.000 31.000
      vertex 13.334 -152.000 11.045
      vertex 16.971 -152.000 14.029
    endloop
  endfacet
  facet normal 0 0 0
    outer loop
      vertex 16.971 -172.000 14.029
      vertex 16.971 -152.000 14.029
      vertex 19.955 -152.000 17.666
    endloop
  endfacet
  facet normal 0 0 0
    outer loop
      vertex 16.971 -172.000 14.029
      vertex 19.955 -152.000 17.666
      vertex 19.955 -172.000 17.666
    endloop
  endfacet
  facet normal 0 0 0
    outer loop
      vertex 0.000 -172.000 31.000
      vertex 19.955 -172.000 17.666
      vertex 16.971 -172.000 14.029
    endloop
  endfacet
  facet normal 0 0 0
    outer loop
      vertex 0.000 -152.000 31.000
      vertex 16.971 -152.000 14.029
      vertex 19.955 -152.000 17.666
    endloop
  endfacet
  facet normal 0 0 0
    outer loop
      vertex 19.955 -172.000 17.666
      vertex 19.955 -152.000 17.666
      vertex 22.173 -152.000 21.816
    endloop
  endfacet
  facet normal 0 0 0
    outer loop
      vertex 19.955 -172.000 17.666
      vertex 22.173 -152.000 21.816
      vertex 22.173 -172.000 21.816
    endloop
  endfacet
  facet normal 0 0 0
    outer loop
      vertex 0.000 -172.000 31.000
      vertex 22.173 -172.000 21.816
      vertex 19.955 -172.000 17.666
    endloop
  endfacet
  facet normal 0 0 0
    outer loop
      vertex 0.000 -152.000 31.000
      vertex 19.955 -152.000 17.666
      vertex 22.173 -152.000 21.816
    endloop
  endfacet
  facet normal 0 0 0
    outer loop
      vertex 22.173 -172.000 21.816
      vertex 22.173 -152.000 21.816
      vertex 23.539 -152.000 26.318
    endloop
  endfacet
  facet normal 0 0 0
    outer loop
      vertex 22.173 -172.000 21.816
      vertex 23.539 -152.000 26.318
      vertex 23.539 -172.000 26.318
    endloop
  endfacet
  facet normal 0 0 0
    outer loop
      vertex 0.000 -172.000 31.000
      vertex 23.539 -172.000 26.318
      vertex 22.173 -172.000 21.816
    endloop
  endfacet
  facet normal 0 0 0
    outer loop
      vertex 0.000 -152.000 31.000
      vertex 22.173 -152.000 21.816
      vertex 23.539 -152.000 26.318
    endloop
  endfacet
  facet normal 0 0 0
    outer loop
      vertex 23.539 -172.000 26.318
      vertex 23.539 -152.000 26.318
      vertex 24.000 -152.000 31.000
    endloop
  endfacet
  facet normal 0 0 0
    outer loop
      vertex 23.539 -172.000 26.318
      vertex 24.000 -152.000 31.000
      vertex 24.000 -172.000 31.000
    endloop
  endfacet
  facet normal 0 0 0
    outer loop
      vertex 0.000 -172.000 31.000
      vertex 24.000 -172.000 31.000
      vertex 23.539 -172.000 26.318
    endloop
  endfacet
  facet normal 0 0 0
    outer loop
      vertex 0.000 -152.000 31.000
      vertex 23.539 -152.000 26.318
      vertex 24.000 -152.000 31.000
    endloop
  endfacet
  // pino_giro_rodizio_frontal
  facet normal 0 0 0
    outer loop
      vertex 7.000 135.000 16.000
      vertex 7.000 135.000 46.000
      vertex 6.761 136.812 46.000
    endloop
  endfacet
  facet normal 0 0 0
    outer loop
      vertex 7.000 135.000 16.000
      vertex 6.761 136.812 46.000
      vertex 6.761 136.812 16.000
    endloop
  endfacet
  facet normal 0 0 0
    outer loop
      vertex 0.000 135.000 16.000
      vertex 6.761 136.812 16.000
      vertex 7.000 135.000 16.000
    endloop
  endfacet
  facet normal 0 0 0
    outer loop
      vertex 0.000 135.000 46.000
      vertex 7.000 135.000 46.000
      vertex 6.761 136.812 46.000
    endloop
  endfacet
  facet normal 0 0 0
    outer loop
      vertex 6.761 136.812 16.000
      vertex 6.761 136.812 46.000
      vertex 6.062 138.500 46.000
    endloop
  endfacet
  facet normal 0 0 0
    outer loop
      vertex 6.761 136.812 16.000
      vertex 6.062 138.500 46.000
      vertex 6.062 138.500 16.000
    endloop
  endfacet
  facet normal 0 0 0
    outer loop
      vertex 0.000 135.000 16.000
      vertex 6.062 138.500 16.000
      vertex 6.761 136.812 16.000
    endloop
  endfacet
  facet normal 0 0 0
    outer loop
      vertex 0.000 135.000 46.000
      vertex 6.761 136.812 46.000
      vertex 6.062 138.500 46.000
    endloop
  endfacet
  facet normal 0 0 0
    outer loop
      vertex 6.062 138.500 16.000
      vertex 6.062 138.500 46.000
      vertex 4.950 139.950 46.000
    endloop
  endfacet
  facet normal 0 0 0
    outer loop
      vertex 6.062 138.500 16.000
      vertex 4.950 139.950 46.000
      vertex 4.950 139.950 16.000
    endloop
  endfacet
  facet normal 0 0 0
    outer loop
      vertex 0.000 135.000 16.000
      vertex 4.950 139.950 16.000
      vertex 6.062 138.500 16.000
    endloop
  endfacet
  facet normal 0 0 0
    outer loop
      vertex 0.000 135.000 46.000
      vertex 6.062 138.500 46.000
      vertex 4.950 139.950 46.000
    endloop
  endfacet
  facet normal 0 0 0
    outer loop
      vertex 4.950 139.950 16.000
      vertex 4.950 139.950 46.000
      vertex 3.500 141.062 46.000
    endloop
  endfacet
  facet normal 0 0 0
    outer loop
      vertex 4.950 139.950 16.000
      vertex 3.500 141.062 46.000
      vertex 3.500 141.062 16.000
    endloop
  endfacet
  facet normal 0 0 0
    outer loop
      vertex 0.000 135.000 16.000
      vertex 3.500 141.062 16.000
      vertex 4.950 139.950 16.000
    endloop
  endfacet
  facet normal 0 0 0
    outer loop
      vertex 0.000 135.000 46.000
      vertex 4.950 139.950 46.000
      vertex 3.500 141.062 46.000
    endloop
  endfacet
  facet normal 0 0 0
    outer loop
      vertex 3.500 141.062 16.000
      vertex 3.500 141.062 46.000
      vertex 1.812 141.761 46.000
    endloop
  endfacet
  facet normal 0 0 0
    outer loop
      vertex 3.500 141.062 16.000
      vertex 1.812 141.761 46.000
      vertex 1.812 141.761 16.000
    endloop
  endfacet
  facet normal 0 0 0
    outer loop
      vertex 0.000 135.000 16.000
      vertex 1.812 141.761 16.000
      vertex 3.500 141.062 16.000
    endloop
  endfacet
  facet normal 0 0 0
    outer loop
      vertex 0.000 135.000 46.000
      vertex 3.500 141.062 46.000
      vertex 1.812 141.761 46.000
    endloop
  endfacet
  facet normal 0 0 0
    outer loop
      vertex 1.812 141.761 16.000
      vertex 1.812 141.761 46.000
      vertex 0.000 142.000 46.000
    endloop
  endfacet
  facet normal 0 0 0
    outer loop
      vertex 1.812 141.761 16.000
      vertex 0.000 142.000 46.000
      vertex 0.000 142.000 16.000
    endloop
  endfacet
  facet normal 0 0 0
    outer loop
      vertex 0.000 135.000 16.000
      vertex 0.000 142.000 16.000
      vertex 1.812 141.761 16.000
    endloop
  endfacet
  facet normal 0 0 0
    outer loop
      vertex 0.000 135.000 46.000
      vertex 1.812 141.761 46.000
      vertex 0.000 142.000 46.000
    endloop
  endfacet
  facet normal 0 0 0
    outer loop
      vertex 0.000 142.000 16.000
      vertex 0.000 142.000 46.000
      vertex -1.812 141.761 46.000
    endloop
  endfacet
  facet normal 0 0 0
    outer loop
      vertex 0.000 142.000 16.000
      vertex -1.812 141.761 46.000
      vertex -1.812 141.761 16.000
    endloop
  endfacet
  facet normal 0 0 0
    outer loop
      vertex 0.000 135.000 16.000
      vertex -1.812 141.761 16.000
      vertex 0.000 142.000 16.000
    endloop
  endfacet
  facet normal 0 0 0
    outer loop
      vertex 0.000 135.000 46.000
      vertex 0.000 142.000 46.000
      vertex -1.812 141.761 46.000
    endloop
  endfacet
  facet normal 0 0 0
    outer loop
      vertex -1.812 141.761 16.000
      vertex -1.812 141.761 46.000
      vertex -3.500 141.062 46.000
    endloop
  endfacet
  facet normal 0 0 0
    outer loop
      vertex -1.812 141.761 16.000
      vertex -3.500 141.062 46.000
      vertex -3.500 141.062 16.000
    endloop
  endfacet
  facet normal 0 0 0
    outer loop
      vertex 0.000 135.000 16.000
      vertex -3.500 141.062 16.000
      vertex -1.812 141.761 16.000
    endloop
  endfacet
  facet normal 0 0 0
    outer loop
      vertex 0.000 135.000 46.000
      vertex -1.812 141.761 46.000
      vertex -3.500 141.062 46.000
    endloop
  endfacet
  facet normal 0 0 0
    outer loop
      vertex -3.500 141.062 16.000
      vertex -3.500 141.062 46.000
      vertex -4.950 139.950 46.000
    endloop
  endfacet
  facet normal 0 0 0
    outer loop
      vertex -3.500 141.062 16.000
      vertex -4.950 139.950 46.000
      vertex -4.950 139.950 16.000
    endloop
  endfacet
  facet normal 0 0 0
    outer loop
      vertex 0.000 135.000 16.000
      vertex -4.950 139.950 16.000
      vertex -3.500 141.062 16.000
    endloop
  endfacet
  facet normal 0 0 0
    outer loop
      vertex 0.000 135.000 46.000
      vertex -3.500 141.062 46.000
      vertex -4.950 139.950 46.000
    endloop
  endfacet
  facet normal 0 0 0
    outer loop
      vertex -4.950 139.950 16.000
      vertex -4.950 139.950 46.000
      vertex -6.062 138.500 46.000
    endloop
  endfacet
  facet normal 0 0 0
    outer loop
      vertex -4.950 139.950 16.000
      vertex -6.062 138.500 46.000
      vertex -6.062 138.500 16.000
    endloop
  endfacet
  facet normal 0 0 0
    outer loop
      vertex 0.000 135.000 16.000
      vertex -6.062 138.500 16.000
      vertex -4.950 139.950 16.000
    endloop
  endfacet
  facet normal 0 0 0
    outer loop
      vertex 0.000 135.000 46.000
      vertex -4.950 139.950 46.000
      vertex -6.062 138.500 46.000
    endloop
  endfacet
  facet normal 0 0 0
    outer loop
      vertex -6.062 138.500 16.000
      vertex -6.062 138.500 46.000
      vertex -6.761 136.812 46.000
    endloop
  endfacet
  facet normal 0 0 0
    outer loop
      vertex -6.062 138.500 16.000
      vertex -6.761 136.812 46.000
      vertex -6.761 136.812 16.000
    endloop
  endfacet
  facet normal 0 0 0
    outer loop
      vertex 0.000 135.000 16.000
      vertex -6.761 136.812 16.000
      vertex -6.062 138.500 16.000
    endloop
  endfacet
  facet normal 0 0 0
    outer loop
      vertex 0.000 135.000 46.000
      vertex -6.062 138.500 46.000
      vertex -6.761 136.812 46.000
    endloop
  endfacet
  facet normal 0 0 0
    outer loop
      vertex -6.761 136.812 16.000
      vertex -6.761 136.812 46.000
      vertex -7.000 135.000 46.000
    endloop
  endfacet
  facet normal 0 0 0
    outer loop
      vertex -6.761 136.812 16.000
      vertex -7.000 135.000 46.000
      vertex -7.000 135.000 16.000
    endloop
  endfacet
  facet normal 0 0 0
    outer loop
      vertex 0.000 135.000 16.000
      vertex -7.000 135.000 16.000
      vertex -6.761 136.812 16.000
    endloop
  endfacet
  facet normal 0 0 0
    outer loop
      vertex 0.000 135.000 46.000
      vertex -6.761 136.812 46.000
      vertex -7.000 135.000 46.000
    endloop
  endfacet
  facet normal 0 0 0
    outer loop
      vertex -7.000 135.000 16.000
      vertex -7.000 135.000 46.000
      vertex -6.761 133.188 46.000
    endloop
  endfacet
  facet normal 0 0 0
    outer loop
      vertex -7.000 135.000 16.000
      vertex -6.761 133.188 46.000
      vertex -6.761 133.188 16.000
    endloop
  endfacet
  facet normal 0 0 0
    outer loop
      vertex 0.000 135.000 16.000
      vertex -6.761 133.188 16.000
      vertex -7.000 135.000 16.000
    endloop
  endfacet
  facet normal 0 0 0
    outer loop
      vertex 0.000 135.000 46.000
      vertex -7.000 135.000 46.000
      vertex -6.761 133.188 46.000
    endloop
  endfacet
  facet normal 0 0 0
    outer loop
      vertex -6.761 133.188 16.000
      vertex -6.761 133.188 46.000
      vertex -6.062 131.500 46.000
    endloop
  endfacet
  facet normal 0 0 0
    outer loop
      vertex -6.761 133.188 16.000
      vertex -6.062 131.500 46.000
      vertex -6.062 131.500 16.000
    endloop
  endfacet
  facet normal 0 0 0
    outer loop
      vertex 0.000 135.000 16.000
      vertex -6.062 131.500 16.000
      vertex -6.761 133.188 16.000
    endloop
  endfacet
  facet normal 0 0 0
    outer loop
      vertex 0.000 135.000 46.000
      vertex -6.761 133.188 46.000
      vertex -6.062 131.500 46.000
    endloop
  endfacet
  facet normal 0 0 0
    outer loop
      vertex -6.062 131.500 16.000
      vertex -6.062 131.500 46.000
      vertex -4.950 130.050 46.000
    endloop
  endfacet
  facet normal 0 0 0
    outer loop
      vertex -6.062 131.500 16.000
      vertex -4.950 130.050 46.000
      vertex -4.950 130.050 16.000
    endloop
  endfacet
  facet normal 0 0 0
    outer loop
      vertex 0.000 135.000 16.000
      vertex -4.950 130.050 16.000
      vertex -6.062 131.500 16.000
    endloop
  endfacet
  facet normal 0 0 0
    outer loop
      vertex 0.000 135.000 46.000
      vertex -6.062 131.500 46.000
      vertex -4.950 130.050 46.000
    endloop
  endfacet
  facet normal 0 0 0
    outer loop
      vertex -4.950 130.050 16.000
      vertex -4.950 130.050 46.000
      vertex -3.500 128.938 46.000
    endloop
  endfacet
  facet normal 0 0 0
    outer loop
      vertex -4.950 130.050 16.000
      vertex -3.500 128.938 46.000
      vertex -3.500 128.938 16.000
    endloop
  endfacet
  facet normal 0 0 0
    outer loop
      vertex 0.000 135.000 16.000
      vertex -3.500 128.938 16.000
      vertex -4.950 130.050 16.000
    endloop
  endfacet
  facet normal 0 0 0
    outer loop
      vertex 0.000 135.000 46.000
      vertex -4.950 130.050 46.000
      vertex -3.500 128.938 46.000
    endloop
  endfacet
  facet normal 0 0 0
    outer loop
      vertex -3.500 128.938 16.000
      vertex -3.500 128.938 46.000
      vertex -1.812 128.239 46.000
    endloop
  endfacet
  facet normal 0 0 0
    outer loop
      vertex -3.500 128.938 16.000
      vertex -1.812 128.239 46.000
      vertex -1.812 128.239 16.000
    endloop
  endfacet
  facet normal 0 0 0
    outer loop
      vertex 0.000 135.000 16.000
      vertex -1.812 128.239 16.000
      vertex -3.500 128.938 16.000
    endloop
  endfacet
  facet normal 0 0 0
    outer loop
      vertex 0.000 135.000 46.000
      vertex -3.500 128.938 46.000
      vertex -1.812 128.239 46.000
    endloop
  endfacet
  facet normal 0 0 0
    outer loop
      vertex -1.812 128.239 16.000
      vertex -1.812 128.239 46.000
      vertex -0.000 128.000 46.000
    endloop
  endfacet
  facet normal 0 0 0
    outer loop
      vertex -1.812 128.239 16.000
      vertex -0.000 128.000 46.000
      vertex -0.000 128.000 16.000
    endloop
  endfacet
  facet normal 0 0 0
    outer loop
      vertex 0.000 135.000 16.000
      vertex -0.000 128.000 16.000
      vertex -1.812 128.239 16.000
    endloop
  endfacet
  facet normal 0 0 0
    outer loop
      vertex 0.000 135.000 46.000
      vertex -1.812 128.239 46.000
      vertex -0.000 128.000 46.000
    endloop
  endfacet
  facet normal 0 0 0
    outer loop
      vertex -0.000 128.000 16.000
      vertex -0.000 128.000 46.000
      vertex 1.812 128.239 46.000
    endloop
  endfacet
  facet normal 0 0 0
    outer loop
      vertex -0.000 128.000 16.000
      vertex 1.812 128.239 46.000
      vertex 1.812 128.239 16.000
    endloop
  endfacet
  facet normal 0 0 0
    outer loop
      vertex 0.000 135.000 16.000
      vertex 1.812 128.239 16.000
      vertex -0.000 128.000 16.000
    endloop
  endfacet
  facet normal 0 0 0
    outer loop
      vertex 0.000 135.000 46.000
      vertex -0.000 128.000 46.000
      vertex 1.812 128.239 46.000
    endloop
  endfacet
  facet normal 0 0 0
    outer loop
      vertex 1.812 128.239 16.000
      vertex 1.812 128.239 46.000
      vertex 3.500 128.938 46.000
    endloop
  endfacet
  facet normal 0 0 0
    outer loop
      vertex 1.812 128.239 16.000
      vertex 3.500 128.938 46.000
      vertex 3.500 128.938 16.000
    endloop
  endfacet
  facet normal 0 0 0
    outer loop
      vertex 0.000 135.000 16.000
      vertex 3.500 128.938 16.000
      vertex 1.812 128.239 16.000
    endloop
  endfacet
  facet normal 0 0 0
    outer loop
      vertex 0.000 135.000 46.000
      vertex 1.812 128.239 46.000
      vertex 3.500 128.938 46.000
    endloop
  endfacet
  facet normal 0 0 0
    outer loop
      vertex 3.500 128.938 16.000
      vertex 3.500 128.938 46.000
      vertex 4.950 130.050 46.000
    endloop
  endfacet
  facet normal 0 0 0
    outer loop
      vertex 3.500 128.938 16.000
      vertex 4.950 130.050 46.000
      vertex 4.950 130.050 16.000
    endloop
  endfacet
  facet normal 0 0 0
    outer loop
      vertex 0.000 135.000 16.000
      vertex 4.950 130.050 16.000
      vertex 3.500 128.938 16.000
    endloop
  endfacet
  facet normal 0 0 0
    outer loop
      vertex 0.000 135.000 46.000
      vertex 3.500 128.938 46.000
      vertex 4.950 130.050 46.000
    endloop
  endfacet
  facet normal 0 0 0
    outer loop
      vertex 4.950 130.050 16.000
      vertex 4.950 130.050 46.000
      vertex 6.062 131.500 46.000
    endloop
  endfacet
  facet normal 0 0 0
    outer loop
      vertex 4.950 130.050 16.000
      vertex 6.062 131.500 46.000
      vertex 6.062 131.500 16.000
    endloop
  endfacet
  facet normal 0 0 0
    outer loop
      vertex 0.000 135.000 16.000
      vertex 6.062 131.500 16.000
      vertex 4.950 130.050 16.000
    endloop
  endfacet
  facet normal 0 0 0
    outer loop
      vertex 0.000 135.000 46.000
      vertex 4.950 130.050 46.000
      vertex 6.062 131.500 46.000
    endloop
  endfacet
  facet normal 0 0 0
    outer loop
      vertex 6.062 131.500 16.000
      vertex 6.062 131.500 46.000
      vertex 6.761 133.188 46.000
    endloop
  endfacet
  facet normal 0 0 0
    outer loop
      vertex 6.062 131.500 16.000
      vertex 6.761 133.188 46.000
      vertex 6.761 133.188 16.000
    endloop
  endfacet
  facet normal 0 0 0
    outer loop
      vertex 0.000 135.000 16.000
      vertex 6.761 133.188 16.000
      vertex 6.062 131.500 16.000
    endloop
  endfacet
  facet normal 0 0 0
    outer loop
      vertex 0.000 135.000 46.000
      vertex 6.062 131.500 46.000
      vertex 6.761 133.188 46.000
    endloop
  endfacet
  facet normal 0 0 0
    outer loop
      vertex 6.761 133.188 16.000
      vertex 6.761 133.188 46.000
      vertex 7.000 135.000 46.000
    endloop
  endfacet
  facet normal 0 0 0
    outer loop
      vertex 6.761 133.188 16.000
      vertex 7.000 135.000 46.000
      vertex 7.000 135.000 16.000
    endloop
  endfacet
  facet normal 0 0 0
    outer loop
      vertex 0.000 135.000 16.000
      vertex 7.000 135.000 16.000
      vertex 6.761 133.188 16.000
    endloop
  endfacet
  facet normal 0 0 0
    outer loop
      vertex 0.000 135.000 46.000
      vertex 6.761 133.188 46.000
      vertex 7.000 135.000 46.000
    endloop
  endfacet
  // pino_giro_rodizio_traseiro
  facet normal 0 0 0
    outer loop
      vertex 7.000 -135.000 16.000
      vertex 7.000 -135.000 46.000
      vertex 6.761 -133.188 46.000
    endloop
  endfacet
  facet normal 0 0 0
    outer loop
      vertex 7.000 -135.000 16.000
      vertex 6.761 -133.188 46.000
      vertex 6.761 -133.188 16.000
    endloop
  endfacet
  facet normal 0 0 0
    outer loop
      vertex 0.000 -135.000 16.000
      vertex 6.761 -133.188 16.000
      vertex 7.000 -135.000 16.000
    endloop
  endfacet
  facet normal 0 0 0
    outer loop
      vertex 0.000 -135.000 46.000
      vertex 7.000 -135.000 46.000
      vertex 6.761 -133.188 46.000
    endloop
  endfacet
  facet normal 0 0 0
    outer loop
      vertex 6.761 -133.188 16.000
      vertex 6.761 -133.188 46.000
      vertex 6.062 -131.500 46.000
    endloop
  endfacet
  facet normal 0 0 0
    outer loop
      vertex 6.761 -133.188 16.000
      vertex 6.062 -131.500 46.000
      vertex 6.062 -131.500 16.000
    endloop
  endfacet
  facet normal 0 0 0
    outer loop
      vertex 0.000 -135.000 16.000
      vertex 6.062 -131.500 16.000
      vertex 6.761 -133.188 16.000
    endloop
  endfacet
  facet normal 0 0 0
    outer loop
      vertex 0.000 -135.000 46.000
      vertex 6.761 -133.188 46.000
      vertex 6.062 -131.500 46.000
    endloop
  endfacet
  facet normal 0 0 0
    outer loop
      vertex 6.062 -131.500 16.000
      vertex 6.062 -131.500 46.000
      vertex 4.950 -130.050 46.000
    endloop
  endfacet
  facet normal 0 0 0
    outer loop
      vertex 6.062 -131.500 16.000
      vertex 4.950 -130.050 46.000
      vertex 4.950 -130.050 16.000
    endloop
  endfacet
  facet normal 0 0 0
    outer loop
      vertex 0.000 -135.000 16.000
      vertex 4.950 -130.050 16.000
      vertex 6.062 -131.500 16.000
    endloop
  endfacet
  facet normal 0 0 0
    outer loop
      vertex 0.000 -135.000 46.000
      vertex 6.062 -131.500 46.000
      vertex 4.950 -130.050 46.000
    endloop
  endfacet
  facet normal 0 0 0
    outer loop
      vertex 4.950 -130.050 16.000
      vertex 4.950 -130.050 46.000
      vertex 3.500 -128.938 46.000
    endloop
  endfacet
  facet normal 0 0 0
    outer loop
      vertex 4.950 -130.050 16.000
      vertex 3.500 -128.938 46.000
      vertex 3.500 -128.938 16.000
    endloop
  endfacet
  facet normal 0 0 0
    outer loop
      vertex 0.000 -135.000 16.000
      vertex 3.500 -128.938 16.000
      vertex 4.950 -130.050 16.000
    endloop
  endfacet
  facet normal 0 0 0
    outer loop
      vertex 0.000 -135.000 46.000
      vertex 4.950 -130.050 46.000
      vertex 3.500 -128.938 46.000
    endloop
  endfacet
  facet normal 0 0 0
    outer loop
      vertex 3.500 -128.938 16.000
      vertex 3.500 -128.938 46.000
      vertex 1.812 -128.239 46.000
    endloop
  endfacet
  facet normal 0 0 0
    outer loop
      vertex 3.500 -128.938 16.000
      vertex 1.812 -128.239 46.000
      vertex 1.812 -128.239 16.000
    endloop
  endfacet
  facet normal 0 0 0
    outer loop
      vertex 0.000 -135.000 16.000
      vertex 1.812 -128.239 16.000
      vertex 3.500 -128.938 16.000
    endloop
  endfacet
  facet normal 0 0 0
    outer loop
      vertex 0.000 -135.000 46.000
      vertex 3.500 -128.938 46.000
      vertex 1.812 -128.239 46.000
    endloop
  endfacet
  facet normal 0 0 0
    outer loop
      vertex 1.812 -128.239 16.000
      vertex 1.812 -128.239 46.000
      vertex 0.000 -128.000 46.000
    endloop
  endfacet
  facet normal 0 0 0
    outer loop
      vertex 1.812 -128.239 16.000
      vertex 0.000 -128.000 46.000
      vertex 0.000 -128.000 16.000
    endloop
  endfacet
  facet normal 0 0 0
    outer loop
      vertex 0.000 -135.000 16.000
      vertex 0.000 -128.000 16.000
      vertex 1.812 -128.239 16.000
    endloop
  endfacet
  facet normal 0 0 0
    outer loop
      vertex 0.000 -135.000 46.000
      vertex 1.812 -128.239 46.000
      vertex 0.000 -128.000 46.000
    endloop
  endfacet
  facet normal 0 0 0
    outer loop
      vertex 0.000 -128.000 16.000
      vertex 0.000 -128.000 46.000
      vertex -1.812 -128.239 46.000
    endloop
  endfacet
  facet normal 0 0 0
    outer loop
      vertex 0.000 -128.000 16.000
      vertex -1.812 -128.239 46.000
      vertex -1.812 -128.239 16.000
    endloop
  endfacet
  facet normal 0 0 0
    outer loop
      vertex 0.000 -135.000 16.000
      vertex -1.812 -128.239 16.000
      vertex 0.000 -128.000 16.000
    endloop
  endfacet
  facet normal 0 0 0
    outer loop
      vertex 0.000 -135.000 46.000
      vertex 0.000 -128.000 46.000
      vertex -1.812 -128.239 46.000
    endloop
  endfacet
  facet normal 0 0 0
    outer loop
      vertex -1.812 -128.239 16.000
      vertex -1.812 -128.239 46.000
      vertex -3.500 -128.938 46.000
    endloop
  endfacet
  facet normal 0 0 0
    outer loop
      vertex -1.812 -128.239 16.000
      vertex -3.500 -128.938 46.000
      vertex -3.500 -128.938 16.000
    endloop
  endfacet
  facet normal 0 0 0
    outer loop
      vertex 0.000 -135.000 16.000
      vertex -3.500 -128.938 16.000
      vertex -1.812 -128.239 16.000
    endloop
  endfacet
  facet normal 0 0 0
    outer loop
      vertex 0.000 -135.000 46.000
      vertex -1.812 -128.239 46.000
      vertex -3.500 -128.938 46.000
    endloop
  endfacet
  facet normal 0 0 0
    outer loop
      vertex -3.500 -128.938 16.000
      vertex -3.500 -128.938 46.000
      vertex -4.950 -130.050 46.000
    endloop
  endfacet
  facet normal 0 0 0
    outer loop
      vertex -3.500 -128.938 16.000
      vertex -4.950 -130.050 46.000
      vertex -4.950 -130.050 16.000
    endloop
  endfacet
  facet normal 0 0 0
    outer loop
      vertex 0.000 -135.000 16.000
      vertex -4.950 -130.050 16.000
      vertex -3.500 -128.938 16.000
    endloop
  endfacet
  facet normal 0 0 0
    outer loop
      vertex 0.000 -135.000 46.000
      vertex -3.500 -128.938 46.000
      vertex -4.950 -130.050 46.000
    endloop
  endfacet
  facet normal 0 0 0
    outer loop
      vertex -4.950 -130.050 16.000
      vertex -4.950 -130.050 46.000
      vertex -6.062 -131.500 46.000
    endloop
  endfacet
  facet normal 0 0 0
    outer loop
      vertex -4.950 -130.050 16.000
      vertex -6.062 -131.500 46.000
      vertex -6.062 -131.500 16.000
    endloop
  endfacet
  facet normal 0 0 0
    outer loop
      vertex 0.000 -135.000 16.000
      vertex -6.062 -131.500 16.000
      vertex -4.950 -130.050 16.000
    endloop
  endfacet
  facet normal 0 0 0
    outer loop
      vertex 0.000 -135.000 46.000
      vertex -4.950 -130.050 46.000
      vertex -6.062 -131.500 46.000
    endloop
  endfacet
  facet normal 0 0 0
    outer loop
      vertex -6.062 -131.500 16.000
      vertex -6.062 -131.500 46.000
      vertex -6.761 -133.188 46.000
    endloop
  endfacet
  facet normal 0 0 0
    outer loop
      vertex -6.062 -131.500 16.000
      vertex -6.761 -133.188 46.000
      vertex -6.761 -133.188 16.000
    endloop
  endfacet
  facet normal 0 0 0
    outer loop
      vertex 0.000 -135.000 16.000
      vertex -6.761 -133.188 16.000
      vertex -6.062 -131.500 16.000
    endloop
  endfacet
  facet normal 0 0 0
    outer loop
      vertex 0.000 -135.000 46.000
      vertex -6.062 -131.500 46.000
      vertex -6.761 -133.188 46.000
    endloop
  endfacet
  facet normal 0 0 0
    outer loop
      vertex -6.761 -133.188 16.000
      vertex -6.761 -133.188 46.000
      vertex -7.000 -135.000 46.000
    endloop
  endfacet
  facet normal 0 0 0
    outer loop
      vertex -6.761 -133.188 16.000
      vertex -7.000 -135.000 46.000
      vertex -7.000 -135.000 16.000
    endloop
  endfacet
  facet normal 0 0 0
    outer loop
      vertex 0.000 -135.000 16.000
      vertex -7.000 -135.000 16.000
      vertex -6.761 -133.188 16.000
    endloop
  endfacet
  facet normal 0 0 0
    outer loop
      vertex 0.000 -135.000 46.000
      vertex -6.761 -133.188 46.000
      vertex -7.000 -135.000 46.000
    endloop
  endfacet
  facet normal 0 0 0
    outer loop
      vertex -7.000 -135.000 16.000
      vertex -7.000 -135.000 46.000
      vertex -6.761 -136.812 46.000
    endloop
  endfacet
  facet normal 0 0 0
    outer loop
      vertex -7.000 -135.000 16.000
      vertex -6.761 -136.812 46.000
      vertex -6.761 -136.812 16.000
    endloop
  endfacet
  facet normal 0 0 0
    outer loop
      vertex 0.000 -135.000 16.000
      vertex -6.761 -136.812 16.000
      vertex -7.000 -135.000 16.000
    endloop
  endfacet
  facet normal 0 0 0
    outer loop
      vertex 0.000 -135.000 46.000
      vertex -7.000 -135.000 46.000
      vertex -6.761 -136.812 46.000
    endloop
  endfacet
  facet normal 0 0 0
    outer loop
      vertex -6.761 -136.812 16.000
      vertex -6.761 -136.812 46.000
      vertex -6.062 -138.500 46.000
    endloop
  endfacet
  facet normal 0 0 0
    outer loop
      vertex -6.761 -136.812 16.000
      vertex -6.062 -138.500 46.000
      vertex -6.062 -138.500 16.000
    endloop
  endfacet
  facet normal 0 0 0
    outer loop
      vertex 0.000 -135.000 16.000
      vertex -6.062 -138.500 16.000
      vertex -6.761 -136.812 16.000
    endloop
  endfacet
  facet normal 0 0 0
    outer loop
      vertex 0.000 -135.000 46.000
      vertex -6.761 -136.812 46.000
      vertex -6.062 -138.500 46.000
    endloop
  endfacet
  facet normal 0 0 0
    outer loop
      vertex -6.062 -138.500 16.000
      vertex -6.062 -138.500 46.000
      vertex -4.950 -139.950 46.000
    endloop
  endfacet
  facet normal 0 0 0
    outer loop
      vertex -6.062 -138.500 16.000
      vertex -4.950 -139.950 46.000
      vertex -4.950 -139.950 16.000
    endloop
  endfacet
  facet normal 0 0 0
    outer loop
      vertex 0.000 -135.000 16.000
      vertex -4.950 -139.950 16.000
      vertex -6.062 -138.500 16.000
    endloop
  endfacet
  facet normal 0 0 0
    outer loop
      vertex 0.000 -135.000 46.000
      vertex -6.062 -138.500 46.000
      vertex -4.950 -139.950 46.000
    endloop
  endfacet
  facet normal 0 0 0
    outer loop
      vertex -4.950 -139.950 16.000
      vertex -4.950 -139.950 46.000
      vertex -3.500 -141.062 46.000
    endloop
  endfacet
  facet normal 0 0 0
    outer loop
      vertex -4.950 -139.950 16.000
      vertex -3.500 -141.062 46.000
      vertex -3.500 -141.062 16.000
    endloop
  endfacet
  facet normal 0 0 0
    outer loop
      vertex 0.000 -135.000 16.000
      vertex -3.500 -141.062 16.000
      vertex -4.950 -139.950 16.000
    endloop
  endfacet
  facet normal 0 0 0
    outer loop
      vertex 0.000 -135.000 46.000
      vertex -4.950 -139.950 46.000
      vertex -3.500 -141.062 46.000
    endloop
  endfacet
  facet normal 0 0 0
    outer loop
      vertex -3.500 -141.062 16.000
      vertex -3.500 -141.062 46.000
      vertex -1.812 -141.761 46.000
    endloop
  endfacet
  facet normal 0 0 0
    outer loop
      vertex -3.500 -141.062 16.000
      vertex -1.812 -141.761 46.000
      vertex -1.812 -141.761 16.000
    endloop
  endfacet
  facet normal 0 0 0
    outer loop
      vertex 0.000 -135.000 16.000
      vertex -1.812 -141.761 16.000
      vertex -3.500 -141.062 16.000
    endloop
  endfacet
  facet normal 0 0 0
    outer loop
      vertex 0.000 -135.000 46.000
      vertex -3.500 -141.062 46.000
      vertex -1.812 -141.761 46.000
    endloop
  endfacet
  facet normal 0 0 0
    outer loop
      vertex -1.812 -141.761 16.000
      vertex -1.812 -141.761 46.000
      vertex -0.000 -142.000 46.000
    endloop
  endfacet
  facet normal 0 0 0
    outer loop
      vertex -1.812 -141.761 16.000
      vertex -0.000 -142.000 46.000
      vertex -0.000 -142.000 16.000
    endloop
  endfacet
  facet normal 0 0 0
    outer loop
      vertex 0.000 -135.000 16.000
      vertex -0.000 -142.000 16.000
      vertex -1.812 -141.761 16.000
    endloop
  endfacet
  facet normal 0 0 0
    outer loop
      vertex 0.000 -135.000 46.000
      vertex -1.812 -141.761 46.000
      vertex -0.000 -142.000 46.000
    endloop
  endfacet
  facet normal 0 0 0
    outer loop
      vertex -0.000 -142.000 16.000
      vertex -0.000 -142.000 46.000
      vertex 1.812 -141.761 46.000
    endloop
  endfacet
  facet normal 0 0 0
    outer loop
      vertex -0.000 -142.000 16.000
      vertex 1.812 -141.761 46.000
      vertex 1.812 -141.761 16.000
    endloop
  endfacet
  facet normal 0 0 0
    outer loop
      vertex 0.000 -135.000 16.000
      vertex 1.812 -141.761 16.000
      vertex -0.000 -142.000 16.000
    endloop
  endfacet
  facet normal 0 0 0
    outer loop
      vertex 0.000 -135.000 46.000
      vertex -0.000 -142.000 46.000
      vertex 1.812 -141.761 46.000
    endloop
  endfacet
  facet normal 0 0 0
    outer loop
      vertex 1.812 -141.761 16.000
      vertex 1.812 -141.761 46.000
      vertex 3.500 -141.062 46.000
    endloop
  endfacet
  facet normal 0 0 0
    outer loop
      vertex 1.812 -141.761 16.000
      vertex 3.500 -141.062 46.000
      vertex 3.500 -141.062 16.000
    endloop
  endfacet
  facet normal 0 0 0
    outer loop
      vertex 0.000 -135.000 16.000
      vertex 3.500 -141.062 16.000
      vertex 1.812 -141.761 16.000
    endloop
  endfacet
  facet normal 0 0 0
    outer loop
      vertex 0.000 -135.000 46.000
      vertex 1.812 -141.761 46.000
      vertex 3.500 -141.062 46.000
    endloop
  endfacet
  facet normal 0 0 0
    outer loop
      vertex 3.500 -141.062 16.000
      vertex 3.500 -141.062 46.000
      vertex 4.950 -139.950 46.000
    endloop
  endfacet
  facet normal 0 0 0
    outer loop
      vertex 3.500 -141.062 16.000
      vertex 4.950 -139.950 46.000
      vertex 4.950 -139.950 16.000
    endloop
  endfacet
  facet normal 0 0 0
    outer loop
      vertex 0.000 -135.000 16.000
      vertex 4.950 -139.950 16.000
      vertex 3.500 -141.062 16.000
    endloop
  endfacet
  facet normal 0 0 0
    outer loop
      vertex 0.000 -135.000 46.000
      vertex 3.500 -141.062 46.000
      vertex 4.950 -139.950 46.000
    endloop
  endfacet
  facet normal 0 0 0
    outer loop
      vertex 4.950 -139.950 16.000
      vertex 4.950 -139.950 46.000
      vertex 6.062 -138.500 46.000
    endloop
  endfacet
  facet normal 0 0 0
    outer loop
      vertex 4.950 -139.950 16.000
      vertex 6.062 -138.500 46.000
      vertex 6.062 -138.500 16.000
    endloop
  endfacet
  facet normal 0 0 0
    outer loop
      vertex 0.000 -135.000 16.000
      vertex 6.062 -138.500 16.000
      vertex 4.950 -139.950 16.000
    endloop
  endfacet
  facet normal 0 0 0
    outer loop
      vertex 0.000 -135.000 46.000
      vertex 4.950 -139.950 46.000
      vertex 6.062 -138.500 46.000
    endloop
  endfacet
  facet normal 0 0 0
    outer loop
      vertex 6.062 -138.500 16.000
      vertex 6.062 -138.500 46.000
      vertex 6.761 -136.812 46.000
    endloop
  endfacet
  facet normal 0 0 0
    outer loop
      vertex 6.062 -138.500 16.000
      vertex 6.761 -136.812 46.000
      vertex 6.761 -136.812 16.000
    endloop
  endfacet
  facet normal 0 0 0
    outer loop
      vertex 0.000 -135.000 16.000
      vertex 6.761 -136.812 16.000
      vertex 6.062 -138.500 16.000
    endloop
  endfacet
  facet normal 0 0 0
    outer loop
      vertex 0.000 -135.000 46.000
      vertex 6.062 -138.500 46.000
      vertex 6.761 -136.812 46.000
    endloop
  endfacet
  facet normal 0 0 0
    outer loop
      vertex 6.761 -136.812 16.000
      vertex 6.761 -136.812 46.000
      vertex 7.000 -135.000 46.000
    endloop
  endfacet
  facet normal 0 0 0
    outer loop
      vertex 6.761 -136.812 16.000
      vertex 7.000 -135.000 46.000
      vertex 7.000 -135.000 16.000
    endloop
  endfacet
  facet normal 0 0 0
    outer loop
      vertex 0.000 -135.000 16.000
      vertex 7.000 -135.000 16.000
      vertex 6.761 -136.812 16.000
    endloop
  endfacet
  facet normal 0 0 0
    outer loop
      vertex 0.000 -135.000 46.000
      vertex 6.761 -136.812 46.000
      vertex 7.000 -135.000 46.000
    endloop
  endfacet
  // bateria_12v_ou_powerbank
  facet normal 0 0 0
    outer loop
      vertex -85.000 -70.000 57.000
      vertex 35.000 -70.000 57.000
      vertex 35.000 0.000 57.000
    endloop
  endfacet
  facet normal 0 0 0
    outer loop
      vertex -85.000 -70.000 57.000
      vertex 35.000 0.000 57.000
      vertex -85.000 0.000 57.000
    endloop
  endfacet
  facet normal 0 0 0
    outer loop
      vertex -85.000 -70.000 13.000
      vertex -85.000 0.000 13.000
      vertex 35.000 0.000 13.000
    endloop
  endfacet
  facet normal 0 0 0
    outer loop
      vertex -85.000 -70.000 13.000
      vertex 35.000 0.000 13.000
      vertex 35.000 -70.000 13.000
    endloop
  endfacet
  facet normal 0 0 0
    outer loop
      vertex -85.000 -70.000 13.000
      vertex 35.000 -70.000 13.000
      vertex 35.000 -70.000 57.000
    endloop
  endfacet
  facet normal 0 0 0
    outer loop
      vertex -85.000 -70.000 13.000
      vertex 35.000 -70.000 57.000
      vertex -85.000 -70.000 57.000
    endloop
  endfacet
  facet normal 0 0 0
    outer loop
      vertex 35.000 -70.000 13.000
      vertex 35.000 0.000 13.000
      vertex 35.000 0.000 57.000
    endloop
  endfacet
  facet normal 0 0 0
    outer loop
      vertex 35.000 -70.000 13.000
      vertex 35.000 0.000 57.000
      vertex 35.000 -70.000 57.000
    endloop
  endfacet
  facet normal 0 0 0
    outer loop
      vertex 35.000 0.000 13.000
      vertex -85.000 0.000 13.000
      vertex -85.000 0.000 57.000
    endloop
  endfacet
  facet normal 0 0 0
    outer loop
      vertex 35.000 0.000 13.000
      vertex -85.000 0.000 57.000
      vertex 35.000 0.000 57.000
    endloop
  endfacet
  facet normal 0 0 0
    outer loop
      vertex -85.000 0.000 13.000
      vertex -85.000 -70.000 13.000
      vertex -85.000 -70.000 57.000
    endloop
  endfacet
  facet normal 0 0 0
    outer loop
      vertex -85.000 0.000 13.000
      vertex -85.000 -70.000 57.000
      vertex -85.000 0.000 57.000
    endloop
  endfacet
  // placa_controladora
  facet normal 0 0 0
    outer loop
      vertex -2.500 12.500 19.500
      vertex 92.500 12.500 19.500
      vertex 92.500 77.500 19.500
    endloop
  endfacet
  facet normal 0 0 0
    outer loop
      vertex -2.500 12.500 19.500
      vertex 92.500 77.500 19.500
      vertex -2.500 77.500 19.500
    endloop
  endfacet
  facet normal 0 0 0
    outer loop
      vertex -2.500 12.500 14.500
      vertex -2.500 77.500 14.500
      vertex 92.500 77.500 14.500
    endloop
  endfacet
  facet normal 0 0 0
    outer loop
      vertex -2.500 12.500 14.500
      vertex 92.500 77.500 14.500
      vertex 92.500 12.500 14.500
    endloop
  endfacet
  facet normal 0 0 0
    outer loop
      vertex -2.500 12.500 14.500
      vertex 92.500 12.500 14.500
      vertex 92.500 12.500 19.500
    endloop
  endfacet
  facet normal 0 0 0
    outer loop
      vertex -2.500 12.500 14.500
      vertex 92.500 12.500 19.500
      vertex -2.500 12.500 19.500
    endloop
  endfacet
  facet normal 0 0 0
    outer loop
      vertex 92.500 12.500 14.500
      vertex 92.500 77.500 14.500
      vertex 92.500 77.500 19.500
    endloop
  endfacet
  facet normal 0 0 0
    outer loop
      vertex 92.500 12.500 14.500
      vertex 92.500 77.500 19.500
      vertex 92.500 12.500 19.500
    endloop
  endfacet
  facet normal 0 0 0
    outer loop
      vertex 92.500 77.500 14.500
      vertex -2.500 77.500 14.500
      vertex -2.500 77.500 19.500
    endloop
  endfacet
  facet normal 0 0 0
    outer loop
      vertex 92.500 77.500 14.500
      vertex -2.500 77.500 19.500
      vertex 92.500 77.500 19.500
    endloop
  endfacet
  facet normal 0 0 0
    outer loop
      vertex -2.500 77.500 14.500
      vertex -2.500 12.500 14.500
      vertex -2.500 12.500 19.500
    endloop
  endfacet
  facet normal 0 0 0
    outer loop
      vertex -2.500 77.500 14.500
      vertex -2.500 12.500 19.500
      vertex -2.500 77.500 19.500
    endloop
  endfacet
  // raspberry_ou_mini_pc_referencia
  facet normal 0 0 0
    outer loop
      vertex 12.500 22.500 30.000
      vertex 77.500 22.500 30.000
      vertex 77.500 67.500 30.000
    endloop
  endfacet
  facet normal 0 0 0
    outer loop
      vertex 12.500 22.500 30.000
      vertex 77.500 67.500 30.000
      vertex 12.500 67.500 30.000
    endloop
  endfacet
  facet normal 0 0 0
    outer loop
      vertex 12.500 22.500 20.000
      vertex 12.500 67.500 20.000
      vertex 77.500 67.500 20.000
    endloop
  endfacet
  facet normal 0 0 0
    outer loop
      vertex 12.500 22.500 20.000
      vertex 77.500 67.500 20.000
      vertex 77.500 22.500 20.000
    endloop
  endfacet
  facet normal 0 0 0
    outer loop
      vertex 12.500 22.500 20.000
      vertex 77.500 22.500 20.000
      vertex 77.500 22.500 30.000
    endloop
  endfacet
  facet normal 0 0 0
    outer loop
      vertex 12.500 22.500 20.000
      vertex 77.500 22.500 30.000
      vertex 12.500 22.500 30.000
    endloop
  endfacet
  facet normal 0 0 0
    outer loop
      vertex 77.500 22.500 20.000
      vertex 77.500 67.500 20.000
      vertex 77.500 67.500 30.000
    endloop
  endfacet
  facet normal 0 0 0
    outer loop
      vertex 77.500 22.500 20.000
      vertex 77.500 67.500 30.000
      vertex 77.500 22.500 30.000
    endloop
  endfacet
  facet normal 0 0 0
    outer loop
      vertex 77.500 67.500 20.000
      vertex 12.500 67.500 20.000
      vertex 12.500 67.500 30.000
    endloop
  endfacet
  facet normal 0 0 0
    outer loop
      vertex 77.500 67.500 20.000
      vertex 12.500 67.500 30.000
      vertex 77.500 67.500 30.000
    endloop
  endfacet
  facet normal 0 0 0
    outer loop
      vertex 12.500 67.500 20.000
      vertex 12.500 22.500 20.000
      vertex 12.500 22.500 30.000
    endloop
  endfacet
  facet normal 0 0 0
    outer loop
      vertex 12.500 67.500 20.000
      vertex 12.500 22.500 30.000
      vertex 12.500 67.500 30.000
    endloop
  endfacet
  // hub_cabos
  facet normal 0 0 0
    outer loop
      vertex -97.000 37.500 27.000
      vertex -43.000 37.500 27.000
      vertex -43.000 72.500 27.000
    endloop
  endfacet
  facet normal 0 0 0
    outer loop
      vertex -97.000 37.500 27.000
      vertex -43.000 72.500 27.000
      vertex -97.000 72.500 27.000
    endloop
  endfacet
  facet normal 0 0 0
    outer loop
      vertex -97.000 37.500 13.000
      vertex -97.000 72.500 13.000
      vertex -43.000 72.500 13.000
    endloop
  endfacet
  facet normal 0 0 0
    outer loop
      vertex -97.000 37.500 13.000
      vertex -43.000 72.500 13.000
      vertex -43.000 37.500 13.000
    endloop
  endfacet
  facet normal 0 0 0
    outer loop
      vertex -97.000 37.500 13.000
      vertex -43.000 37.500 13.000
      vertex -43.000 37.500 27.000
    endloop
  endfacet
  facet normal 0 0 0
    outer loop
      vertex -97.000 37.500 13.000
      vertex -43.000 37.500 27.000
      vertex -97.000 37.500 27.000
    endloop
  endfacet
  facet normal 0 0 0
    outer loop
      vertex -43.000 37.500 13.000
      vertex -43.000 72.500 13.000
      vertex -43.000 72.500 27.000
    endloop
  endfacet
  facet normal 0 0 0
    outer loop
      vertex -43.000 37.500 13.000
      vertex -43.000 72.500 27.000
      vertex -43.000 37.500 27.000
    endloop
  endfacet
  facet normal 0 0 0
    outer loop
      vertex -43.000 72.500 13.000
      vertex -97.000 72.500 13.000
      vertex -97.000 72.500 27.000
    endloop
  endfacet
  facet normal 0 0 0
    outer loop
      vertex -43.000 72.500 13.000
      vertex -97.000 72.500 27.000
      vertex -43.000 72.500 27.000
    endloop
  endfacet
  facet normal 0 0 0
    outer loop
      vertex -97.000 72.500 13.000
      vertex -97.000 37.500 13.000
      vertex -97.000 37.500 27.000
    endloop
  endfacet
  facet normal 0 0 0
    outer loop
      vertex -97.000 72.500 13.000
      vertex -97.000 37.500 27.000
      vertex -97.000 72.500 27.000
    endloop
  endfacet
  // base_torre_tela
  facet normal 0 0 0
    outer loop
      vertex -60.000 -50.000 30.000
      vertex 60.000 -50.000 30.000
      vertex 60.000 50.000 30.000
    endloop
  endfacet
  facet normal 0 0 0
    outer loop
      vertex -60.000 -50.000 30.000
      vertex 60.000 50.000 30.000
      vertex -60.000 50.000 30.000
    endloop
  endfacet
  facet normal 0 0 0
    outer loop
      vertex -60.000 -50.000 12.000
      vertex -60.000 50.000 12.000
      vertex 60.000 50.000 12.000
    endloop
  endfacet
  facet normal 0 0 0
    outer loop
      vertex -60.000 -50.000 12.000
      vertex 60.000 50.000 12.000
      vertex 60.000 -50.000 12.000
    endloop
  endfacet
  facet normal 0 0 0
    outer loop
      vertex -60.000 -50.000 12.000
      vertex 60.000 -50.000 12.000
      vertex 60.000 -50.000 30.000
    endloop
  endfacet
  facet normal 0 0 0
    outer loop
      vertex -60.000 -50.000 12.000
      vertex 60.000 -50.000 30.000
      vertex -60.000 -50.000 30.000
    endloop
  endfacet
  facet normal 0 0 0
    outer loop
      vertex 60.000 -50.000 12.000
      vertex 60.000 50.000 12.000
      vertex 60.000 50.000 30.000
    endloop
  endfacet
  facet normal 0 0 0
    outer loop
      vertex 60.000 -50.000 12.000
      vertex 60.000 50.000 30.000
      vertex 60.000 -50.000 30.000
    endloop
  endfacet
  facet normal 0 0 0
    outer loop
      vertex 60.000 50.000 12.000
      vertex -60.000 50.000 12.000
      vertex -60.000 50.000 30.000
    endloop
  endfacet
  facet normal 0 0 0
    outer loop
      vertex 60.000 50.000 12.000
      vertex -60.000 50.000 30.000
      vertex 60.000 50.000 30.000
    endloop
  endfacet
  facet normal 0 0 0
    outer loop
      vertex -60.000 50.000 12.000
      vertex -60.000 -50.000 12.000
      vertex -60.000 -50.000 30.000
    endloop
  endfacet
  facet normal 0 0 0
    outer loop
      vertex -60.000 50.000 12.000
      vertex -60.000 -50.000 30.000
      vertex -60.000 50.000 30.000
    endloop
  endfacet
  // coluna_torre_referencia
  facet normal 0 0 0
    outer loop
      vertex -39.000 -27.000 200.000
      vertex 39.000 -27.000 200.000
      vertex 39.000 27.000 200.000
    endloop
  endfacet
  facet normal 0 0 0
    outer loop
      vertex -39.000 -27.000 200.000
      vertex 39.000 27.000 200.000
      vertex -39.000 27.000 200.000
    endloop
  endfacet
  facet normal 0 0 0
    outer loop
      vertex -39.000 -27.000 30.000
      vertex -39.000 27.000 30.000
      vertex 39.000 27.000 30.000
    endloop
  endfacet
  facet normal 0 0 0
    outer loop
      vertex -39.000 -27.000 30.000
      vertex 39.000 27.000 30.000
      vertex 39.000 -27.000 30.000
    endloop
  endfacet
  facet normal 0 0 0
    outer loop
      vertex -39.000 -27.000 30.000
      vertex 39.000 -27.000 30.000
      vertex 39.000 -27.000 200.000
    endloop
  endfacet
  facet normal 0 0 0
    outer loop
      vertex -39.000 -27.000 30.000
      vertex 39.000 -27.000 200.000
      vertex -39.000 -27.000 200.000
    endloop
  endfacet
  facet normal 0 0 0
    outer loop
      vertex 39.000 -27.000 30.000
      vertex 39.000 27.000 30.000
      vertex 39.000 27.000 200.000
    endloop
  endfacet
  facet normal 0 0 0
    outer loop
      vertex 39.000 -27.000 30.000
      vertex 39.000 27.000 200.000
      vertex 39.000 -27.000 200.000
    endloop
  endfacet
  facet normal 0 0 0
    outer loop
      vertex 39.000 27.000 30.000
      vertex -39.000 27.000 30.000
      vertex -39.000 27.000 200.000
    endloop
  endfacet
  facet normal 0 0 0
    outer loop
      vertex 39.000 27.000 30.000
      vertex -39.000 27.000 200.000
      vertex 39.000 27.000 200.000
    endloop
  endfacet
  facet normal 0 0 0
    outer loop
      vertex -39.000 27.000 30.000
      vertex -39.000 -27.000 30.000
      vertex -39.000 -27.000 200.000
    endloop
  endfacet
  facet normal 0 0 0
    outer loop
      vertex -39.000 27.000 30.000
      vertex -39.000 -27.000 200.000
      vertex -39.000 27.000 200.000
    endloop
  endfacet
  // placa_tela_referencia
  facet normal 0 0 0
    outer loop
      vertex -85.000 23.000 277.500
      vertex 85.000 23.000 277.500
      vertex 85.000 41.000 277.500
    endloop
  endfacet
  facet normal 0 0 0
    outer loop
      vertex -85.000 23.000 277.500
      vertex 85.000 41.000 277.500
      vertex -85.000 41.000 277.500
    endloop
  endfacet
  facet normal 0 0 0
    outer loop
      vertex -85.000 23.000 172.500
      vertex -85.000 41.000 172.500
      vertex 85.000 41.000 172.500
    endloop
  endfacet
  facet normal 0 0 0
    outer loop
      vertex -85.000 23.000 172.500
      vertex 85.000 41.000 172.500
      vertex 85.000 23.000 172.500
    endloop
  endfacet
  facet normal 0 0 0
    outer loop
      vertex -85.000 23.000 172.500
      vertex 85.000 23.000 172.500
      vertex 85.000 23.000 277.500
    endloop
  endfacet
  facet normal 0 0 0
    outer loop
      vertex -85.000 23.000 172.500
      vertex 85.000 23.000 277.500
      vertex -85.000 23.000 277.500
    endloop
  endfacet
  facet normal 0 0 0
    outer loop
      vertex 85.000 23.000 172.500
      vertex 85.000 41.000 172.500
      vertex 85.000 41.000 277.500
    endloop
  endfacet
  facet normal 0 0 0
    outer loop
      vertex 85.000 23.000 172.500
      vertex 85.000 41.000 277.500
      vertex 85.000 23.000 277.500
    endloop
  endfacet
  facet normal 0 0 0
    outer loop
      vertex 85.000 41.000 172.500
      vertex -85.000 41.000 172.500
      vertex -85.000 41.000 277.500
    endloop
  endfacet
  facet normal 0 0 0
    outer loop
      vertex 85.000 41.000 172.500
      vertex -85.000 41.000 277.500
      vertex 85.000 41.000 277.500
    endloop
  endfacet
  facet normal 0 0 0
    outer loop
      vertex -85.000 41.000 172.500
      vertex -85.000 23.000 172.500
      vertex -85.000 23.000 277.500
    endloop
  endfacet
  facet normal 0 0 0
    outer loop
      vertex -85.000 41.000 172.500
      vertex -85.000 23.000 277.500
      vertex -85.000 41.000 277.500
    endloop
  endfacet
  // espacador_torre_-45_-35
  facet normal 0 0 0
    outer loop
      vertex -41.000 -35.000 30.000
      vertex -41.000 -35.000 66.000
      vertex -41.136 -33.965 66.000
    endloop
  endfacet
  facet normal 0 0 0
    outer loop
      vertex -41.000 -35.000 30.000
      vertex -41.136 -33.965 66.000
      vertex -41.136 -33.965 30.000
    endloop
  endfacet
  facet normal 0 0 0
    outer loop
      vertex -45.000 -35.000 30.000
      vertex -41.136 -33.965 30.000
      vertex -41.000 -35.000 30.000
    endloop
  endfacet
  facet normal 0 0 0
    outer loop
      vertex -45.000 -35.000 66.000
      vertex -41.000 -35.000 66.000
      vertex -41.136 -33.965 66.000
    endloop
  endfacet
  facet normal 0 0 0
    outer loop
      vertex -41.136 -33.965 30.000
      vertex -41.136 -33.965 66.000
      vertex -41.536 -33.000 66.000
    endloop
  endfacet
  facet normal 0 0 0
    outer loop
      vertex -41.136 -33.965 30.000
      vertex -41.536 -33.000 66.000
      vertex -41.536 -33.000 30.000
    endloop
  endfacet
  facet normal 0 0 0
    outer loop
      vertex -45.000 -35.000 30.000
      vertex -41.536 -33.000 30.000
      vertex -41.136 -33.965 30.000
    endloop
  endfacet
  facet normal 0 0 0
    outer loop
      vertex -45.000 -35.000 66.000
      vertex -41.136 -33.965 66.000
      vertex -41.536 -33.000 66.000
    endloop
  endfacet
  facet normal 0 0 0
    outer loop
      vertex -41.536 -33.000 30.000
      vertex -41.536 -33.000 66.000
      vertex -42.172 -32.172 66.000
    endloop
  endfacet
  facet normal 0 0 0
    outer loop
      vertex -41.536 -33.000 30.000
      vertex -42.172 -32.172 66.000
      vertex -42.172 -32.172 30.000
    endloop
  endfacet
  facet normal 0 0 0
    outer loop
      vertex -45.000 -35.000 30.000
      vertex -42.172 -32.172 30.000
      vertex -41.536 -33.000 30.000
    endloop
  endfacet
  facet normal 0 0 0
    outer loop
      vertex -45.000 -35.000 66.000
      vertex -41.536 -33.000 66.000
      vertex -42.172 -32.172 66.000
    endloop
  endfacet
  facet normal 0 0 0
    outer loop
      vertex -42.172 -32.172 30.000
      vertex -42.172 -32.172 66.000
      vertex -43.000 -31.536 66.000
    endloop
  endfacet
  facet normal 0 0 0
    outer loop
      vertex -42.172 -32.172 30.000
      vertex -43.000 -31.536 66.000
      vertex -43.000 -31.536 30.000
    endloop
  endfacet
  facet normal 0 0 0
    outer loop
      vertex -45.000 -35.000 30.000
      vertex -43.000 -31.536 30.000
      vertex -42.172 -32.172 30.000
    endloop
  endfacet
  facet normal 0 0 0
    outer loop
      vertex -45.000 -35.000 66.000
      vertex -42.172 -32.172 66.000
      vertex -43.000 -31.536 66.000
    endloop
  endfacet
  facet normal 0 0 0
    outer loop
      vertex -43.000 -31.536 30.000
      vertex -43.000 -31.536 66.000
      vertex -43.965 -31.136 66.000
    endloop
  endfacet
  facet normal 0 0 0
    outer loop
      vertex -43.000 -31.536 30.000
      vertex -43.965 -31.136 66.000
      vertex -43.965 -31.136 30.000
    endloop
  endfacet
  facet normal 0 0 0
    outer loop
      vertex -45.000 -35.000 30.000
      vertex -43.965 -31.136 30.000
      vertex -43.000 -31.536 30.000
    endloop
  endfacet
  facet normal 0 0 0
    outer loop
      vertex -45.000 -35.000 66.000
      vertex -43.000 -31.536 66.000
      vertex -43.965 -31.136 66.000
    endloop
  endfacet
  facet normal 0 0 0
    outer loop
      vertex -43.965 -31.136 30.000
      vertex -43.965 -31.136 66.000
      vertex -45.000 -31.000 66.000
    endloop
  endfacet
  facet normal 0 0 0
    outer loop
      vertex -43.965 -31.136 30.000
      vertex -45.000 -31.000 66.000
      vertex -45.000 -31.000 30.000
    endloop
  endfacet
  facet normal 0 0 0
    outer loop
      vertex -45.000 -35.000 30.000
      vertex -45.000 -31.000 30.000
      vertex -43.965 -31.136 30.000
    endloop
  endfacet
  facet normal 0 0 0
    outer loop
      vertex -45.000 -35.000 66.000
      vertex -43.965 -31.136 66.000
      vertex -45.000 -31.000 66.000
    endloop
  endfacet
  facet normal 0 0 0
    outer loop
      vertex -45.000 -31.000 30.000
      vertex -45.000 -31.000 66.000
      vertex -46.035 -31.136 66.000
    endloop
  endfacet
  facet normal 0 0 0
    outer loop
      vertex -45.000 -31.000 30.000
      vertex -46.035 -31.136 66.000
      vertex -46.035 -31.136 30.000
    endloop
  endfacet
  facet normal 0 0 0
    outer loop
      vertex -45.000 -35.000 30.000
      vertex -46.035 -31.136 30.000
      vertex -45.000 -31.000 30.000
    endloop
  endfacet
  facet normal 0 0 0
    outer loop
      vertex -45.000 -35.000 66.000
      vertex -45.000 -31.000 66.000
      vertex -46.035 -31.136 66.000
    endloop
  endfacet
  facet normal 0 0 0
    outer loop
      vertex -46.035 -31.136 30.000
      vertex -46.035 -31.136 66.000
      vertex -47.000 -31.536 66.000
    endloop
  endfacet
  facet normal 0 0 0
    outer loop
      vertex -46.035 -31.136 30.000
      vertex -47.000 -31.536 66.000
      vertex -47.000 -31.536 30.000
    endloop
  endfacet
  facet normal 0 0 0
    outer loop
      vertex -45.000 -35.000 30.000
      vertex -47.000 -31.536 30.000
      vertex -46.035 -31.136 30.000
    endloop
  endfacet
  facet normal 0 0 0
    outer loop
      vertex -45.000 -35.000 66.000
      vertex -46.035 -31.136 66.000
      vertex -47.000 -31.536 66.000
    endloop
  endfacet
  facet normal 0 0 0
    outer loop
      vertex -47.000 -31.536 30.000
      vertex -47.000 -31.536 66.000
      vertex -47.828 -32.172 66.000
    endloop
  endfacet
  facet normal 0 0 0
    outer loop
      vertex -47.000 -31.536 30.000
      vertex -47.828 -32.172 66.000
      vertex -47.828 -32.172 30.000
    endloop
  endfacet
  facet normal 0 0 0
    outer loop
      vertex -45.000 -35.000 30.000
      vertex -47.828 -32.172 30.000
      vertex -47.000 -31.536 30.000
    endloop
  endfacet
  facet normal 0 0 0
    outer loop
      vertex -45.000 -35.000 66.000
      vertex -47.000 -31.536 66.000
      vertex -47.828 -32.172 66.000
    endloop
  endfacet
  facet normal 0 0 0
    outer loop
      vertex -47.828 -32.172 30.000
      vertex -47.828 -32.172 66.000
      vertex -48.464 -33.000 66.000
    endloop
  endfacet
  facet normal 0 0 0
    outer loop
      vertex -47.828 -32.172 30.000
      vertex -48.464 -33.000 66.000
      vertex -48.464 -33.000 30.000
    endloop
  endfacet
  facet normal 0 0 0
    outer loop
      vertex -45.000 -35.000 30.000
      vertex -48.464 -33.000 30.000
      vertex -47.828 -32.172 30.000
    endloop
  endfacet
  facet normal 0 0 0
    outer loop
      vertex -45.000 -35.000 66.000
      vertex -47.828 -32.172 66.000
      vertex -48.464 -33.000 66.000
    endloop
  endfacet
  facet normal 0 0 0
    outer loop
      vertex -48.464 -33.000 30.000
      vertex -48.464 -33.000 66.000
      vertex -48.864 -33.965 66.000
    endloop
  endfacet
  facet normal 0 0 0
    outer loop
      vertex -48.464 -33.000 30.000
      vertex -48.864 -33.965 66.000
      vertex -48.864 -33.965 30.000
    endloop
  endfacet
  facet normal 0 0 0
    outer loop
      vertex -45.000 -35.000 30.000
      vertex -48.864 -33.965 30.000
      vertex -48.464 -33.000 30.000
    endloop
  endfacet
  facet normal 0 0 0
    outer loop
      vertex -45.000 -35.000 66.000
      vertex -48.464 -33.000 66.000
      vertex -48.864 -33.965 66.000
    endloop
  endfacet
  facet normal 0 0 0
    outer loop
      vertex -48.864 -33.965 30.000
      vertex -48.864 -33.965 66.000
      vertex -49.000 -35.000 66.000
    endloop
  endfacet
  facet normal 0 0 0
    outer loop
      vertex -48.864 -33.965 30.000
      vertex -49.000 -35.000 66.000
      vertex -49.000 -35.000 30.000
    endloop
  endfacet
  facet normal 0 0 0
    outer loop
      vertex -45.000 -35.000 30.000
      vertex -49.000 -35.000 30.000
      vertex -48.864 -33.965 30.000
    endloop
  endfacet
  facet normal 0 0 0
    outer loop
      vertex -45.000 -35.000 66.000
      vertex -48.864 -33.965 66.000
      vertex -49.000 -35.000 66.000
    endloop
  endfacet
  facet normal 0 0 0
    outer loop
      vertex -49.000 -35.000 30.000
      vertex -49.000 -35.000 66.000
      vertex -48.864 -36.035 66.000
    endloop
  endfacet
  facet normal 0 0 0
    outer loop
      vertex -49.000 -35.000 30.000
      vertex -48.864 -36.035 66.000
      vertex -48.864 -36.035 30.000
    endloop
  endfacet
  facet normal 0 0 0
    outer loop
      vertex -45.000 -35.000 30.000
      vertex -48.864 -36.035 30.000
      vertex -49.000 -35.000 30.000
    endloop
  endfacet
  facet normal 0 0 0
    outer loop
      vertex -45.000 -35.000 66.000
      vertex -49.000 -35.000 66.000
      vertex -48.864 -36.035 66.000
    endloop
  endfacet
  facet normal 0 0 0
    outer loop
      vertex -48.864 -36.035 30.000
      vertex -48.864 -36.035 66.000
      vertex -48.464 -37.000 66.000
    endloop
  endfacet
  facet normal 0 0 0
    outer loop
      vertex -48.864 -36.035 30.000
      vertex -48.464 -37.000 66.000
      vertex -48.464 -37.000 30.000
    endloop
  endfacet
  facet normal 0 0 0
    outer loop
      vertex -45.000 -35.000 30.000
      vertex -48.464 -37.000 30.000
      vertex -48.864 -36.035 30.000
    endloop
  endfacet
  facet normal 0 0 0
    outer loop
      vertex -45.000 -35.000 66.000
      vertex -48.864 -36.035 66.000
      vertex -48.464 -37.000 66.000
    endloop
  endfacet
  facet normal 0 0 0
    outer loop
      vertex -48.464 -37.000 30.000
      vertex -48.464 -37.000 66.000
      vertex -47.828 -37.828 66.000
    endloop
  endfacet
  facet normal 0 0 0
    outer loop
      vertex -48.464 -37.000 30.000
      vertex -47.828 -37.828 66.000
      vertex -47.828 -37.828 30.000
    endloop
  endfacet
  facet normal 0 0 0
    outer loop
      vertex -45.000 -35.000 30.000
      vertex -47.828 -37.828 30.000
      vertex -48.464 -37.000 30.000
    endloop
  endfacet
  facet normal 0 0 0
    outer loop
      vertex -45.000 -35.000 66.000
      vertex -48.464 -37.000 66.000
      vertex -47.828 -37.828 66.000
    endloop
  endfacet
  facet normal 0 0 0
    outer loop
      vertex -47.828 -37.828 30.000
      vertex -47.828 -37.828 66.000
      vertex -47.000 -38.464 66.000
    endloop
  endfacet
  facet normal 0 0 0
    outer loop
      vertex -47.828 -37.828 30.000
      vertex -47.000 -38.464 66.000
      vertex -47.000 -38.464 30.000
    endloop
  endfacet
  facet normal 0 0 0
    outer loop
      vertex -45.000 -35.000 30.000
      vertex -47.000 -38.464 30.000
      vertex -47.828 -37.828 30.000
    endloop
  endfacet
  facet normal 0 0 0
    outer loop
      vertex -45.000 -35.000 66.000
      vertex -47.828 -37.828 66.000
      vertex -47.000 -38.464 66.000
    endloop
  endfacet
  facet normal 0 0 0
    outer loop
      vertex -47.000 -38.464 30.000
      vertex -47.000 -38.464 66.000
      vertex -46.035 -38.864 66.000
    endloop
  endfacet
  facet normal 0 0 0
    outer loop
      vertex -47.000 -38.464 30.000
      vertex -46.035 -38.864 66.000
      vertex -46.035 -38.864 30.000
    endloop
  endfacet
  facet normal 0 0 0
    outer loop
      vertex -45.000 -35.000 30.000
      vertex -46.035 -38.864 30.000
      vertex -47.000 -38.464 30.000
    endloop
  endfacet
  facet normal 0 0 0
    outer loop
      vertex -45.000 -35.000 66.000
      vertex -47.000 -38.464 66.000
      vertex -46.035 -38.864 66.000
    endloop
  endfacet
  facet normal 0 0 0
    outer loop
      vertex -46.035 -38.864 30.000
      vertex -46.035 -38.864 66.000
      vertex -45.000 -39.000 66.000
    endloop
  endfacet
  facet normal 0 0 0
    outer loop
      vertex -46.035 -38.864 30.000
      vertex -45.000 -39.000 66.000
      vertex -45.000 -39.000 30.000
    endloop
  endfacet
  facet normal 0 0 0
    outer loop
      vertex -45.000 -35.000 30.000
      vertex -45.000 -39.000 30.000
      vertex -46.035 -38.864 30.000
    endloop
  endfacet
  facet normal 0 0 0
    outer loop
      vertex -45.000 -35.000 66.000
      vertex -46.035 -38.864 66.000
      vertex -45.000 -39.000 66.000
    endloop
  endfacet
  facet normal 0 0 0
    outer loop
      vertex -45.000 -39.000 30.000
      vertex -45.000 -39.000 66.000
      vertex -43.965 -38.864 66.000
    endloop
  endfacet
  facet normal 0 0 0
    outer loop
      vertex -45.000 -39.000 30.000
      vertex -43.965 -38.864 66.000
      vertex -43.965 -38.864 30.000
    endloop
  endfacet
  facet normal 0 0 0
    outer loop
      vertex -45.000 -35.000 30.000
      vertex -43.965 -38.864 30.000
      vertex -45.000 -39.000 30.000
    endloop
  endfacet
  facet normal 0 0 0
    outer loop
      vertex -45.000 -35.000 66.000
      vertex -45.000 -39.000 66.000
      vertex -43.965 -38.864 66.000
    endloop
  endfacet
  facet normal 0 0 0
    outer loop
      vertex -43.965 -38.864 30.000
      vertex -43.965 -38.864 66.000
      vertex -43.000 -38.464 66.000
    endloop
  endfacet
  facet normal 0 0 0
    outer loop
      vertex -43.965 -38.864 30.000
      vertex -43.000 -38.464 66.000
      vertex -43.000 -38.464 30.000
    endloop
  endfacet
  facet normal 0 0 0
    outer loop
      vertex -45.000 -35.000 30.000
      vertex -43.000 -38.464 30.000
      vertex -43.965 -38.864 30.000
    endloop
  endfacet
  facet normal 0 0 0
    outer loop
      vertex -45.000 -35.000 66.000
      vertex -43.965 -38.864 66.000
      vertex -43.000 -38.464 66.000
    endloop
  endfacet
  facet normal 0 0 0
    outer loop
      vertex -43.000 -38.464 30.000
      vertex -43.000 -38.464 66.000
      vertex -42.172 -37.828 66.000
    endloop
  endfacet
  facet normal 0 0 0
    outer loop
      vertex -43.000 -38.464 30.000
      vertex -42.172 -37.828 66.000
      vertex -42.172 -37.828 30.000
    endloop
  endfacet
  facet normal 0 0 0
    outer loop
      vertex -45.000 -35.000 30.000
      vertex -42.172 -37.828 30.000
      vertex -43.000 -38.464 30.000
    endloop
  endfacet
  facet normal 0 0 0
    outer loop
      vertex -45.000 -35.000 66.000
      vertex -43.000 -38.464 66.000
      vertex -42.172 -37.828 66.000
    endloop
  endfacet
  facet normal 0 0 0
    outer loop
      vertex -42.172 -37.828 30.000
      vertex -42.172 -37.828 66.000
      vertex -41.536 -37.000 66.000
    endloop
  endfacet
  facet normal 0 0 0
    outer loop
      vertex -42.172 -37.828 30.000
      vertex -41.536 -37.000 66.000
      vertex -41.536 -37.000 30.000
    endloop
  endfacet
  facet normal 0 0 0
    outer loop
      vertex -45.000 -35.000 30.000
      vertex -41.536 -37.000 30.000
      vertex -42.172 -37.828 30.000
    endloop
  endfacet
  facet normal 0 0 0
    outer loop
      vertex -45.000 -35.000 66.000
      vertex -42.172 -37.828 66.000
      vertex -41.536 -37.000 66.000
    endloop
  endfacet
  facet normal 0 0 0
    outer loop
      vertex -41.536 -37.000 30.000
      vertex -41.536 -37.000 66.000
      vertex -41.136 -36.035 66.000
    endloop
  endfacet
  facet normal 0 0 0
    outer loop
      vertex -41.536 -37.000 30.000
      vertex -41.136 -36.035 66.000
      vertex -41.136 -36.035 30.000
    endloop
  endfacet
  facet normal 0 0 0
    outer loop
      vertex -45.000 -35.000 30.000
      vertex -41.136 -36.035 30.000
      vertex -41.536 -37.000 30.000
    endloop
  endfacet
  facet normal 0 0 0
    outer loop
      vertex -45.000 -35.000 66.000
      vertex -41.536 -37.000 66.000
      vertex -41.136 -36.035 66.000
    endloop
  endfacet
  facet normal 0 0 0
    outer loop
      vertex -41.136 -36.035 30.000
      vertex -41.136 -36.035 66.000
      vertex -41.000 -35.000 66.000
    endloop
  endfacet
  facet normal 0 0 0
    outer loop
      vertex -41.136 -36.035 30.000
      vertex -41.000 -35.000 66.000
      vertex -41.000 -35.000 30.000
    endloop
  endfacet
  facet normal 0 0 0
    outer loop
      vertex -45.000 -35.000 30.000
      vertex -41.000 -35.000 30.000
      vertex -41.136 -36.035 30.000
    endloop
  endfacet
  facet normal 0 0 0
    outer loop
      vertex -45.000 -35.000 66.000
      vertex -41.136 -36.035 66.000
      vertex -41.000 -35.000 66.000
    endloop
  endfacet
  // espacador_torre_-45_35
  facet normal 0 0 0
    outer loop
      vertex -41.000 35.000 30.000
      vertex -41.000 35.000 66.000
      vertex -41.136 36.035 66.000
    endloop
  endfacet
  facet normal 0 0 0
    outer loop
      vertex -41.000 35.000 30.000
      vertex -41.136 36.035 66.000
      vertex -41.136 36.035 30.000
    endloop
  endfacet
  facet normal 0 0 0
    outer loop
      vertex -45.000 35.000 30.000
      vertex -41.136 36.035 30.000
      vertex -41.000 35.000 30.000
    endloop
  endfacet
  facet normal 0 0 0
    outer loop
      vertex -45.000 35.000 66.000
      vertex -41.000 35.000 66.000
      vertex -41.136 36.035 66.000
    endloop
  endfacet
  facet normal 0 0 0
    outer loop
      vertex -41.136 36.035 30.000
      vertex -41.136 36.035 66.000
      vertex -41.536 37.000 66.000
    endloop
  endfacet
  facet normal 0 0 0
    outer loop
      vertex -41.136 36.035 30.000
      vertex -41.536 37.000 66.000
      vertex -41.536 37.000 30.000
    endloop
  endfacet
  facet normal 0 0 0
    outer loop
      vertex -45.000 35.000 30.000
      vertex -41.536 37.000 30.000
      vertex -41.136 36.035 30.000
    endloop
  endfacet
  facet normal 0 0 0
    outer loop
      vertex -45.000 35.000 66.000
      vertex -41.136 36.035 66.000
      vertex -41.536 37.000 66.000
    endloop
  endfacet
  facet normal 0 0 0
    outer loop
      vertex -41.536 37.000 30.000
      vertex -41.536 37.000 66.000
      vertex -42.172 37.828 66.000
    endloop
  endfacet
  facet normal 0 0 0
    outer loop
      vertex -41.536 37.000 30.000
      vertex -42.172 37.828 66.000
      vertex -42.172 37.828 30.000
    endloop
  endfacet
  facet normal 0 0 0
    outer loop
      vertex -45.000 35.000 30.000
      vertex -42.172 37.828 30.000
      vertex -41.536 37.000 30.000
    endloop
  endfacet
  facet normal 0 0 0
    outer loop
      vertex -45.000 35.000 66.000
      vertex -41.536 37.000 66.000
      vertex -42.172 37.828 66.000
    endloop
  endfacet
  facet normal 0 0 0
    outer loop
      vertex -42.172 37.828 30.000
      vertex -42.172 37.828 66.000
      vertex -43.000 38.464 66.000
    endloop
  endfacet
  facet normal 0 0 0
    outer loop
      vertex -42.172 37.828 30.000
      vertex -43.000 38.464 66.000
      vertex -43.000 38.464 30.000
    endloop
  endfacet
  facet normal 0 0 0
    outer loop
      vertex -45.000 35.000 30.000
      vertex -43.000 38.464 30.000
      vertex -42.172 37.828 30.000
    endloop
  endfacet
  facet normal 0 0 0
    outer loop
      vertex -45.000 35.000 66.000
      vertex -42.172 37.828 66.000
      vertex -43.000 38.464 66.000
    endloop
  endfacet
  facet normal 0 0 0
    outer loop
      vertex -43.000 38.464 30.000
      vertex -43.000 38.464 66.000
      vertex -43.965 38.864 66.000
    endloop
  endfacet
  facet normal 0 0 0
    outer loop
      vertex -43.000 38.464 30.000
      vertex -43.965 38.864 66.000
      vertex -43.965 38.864 30.000
    endloop
  endfacet
  facet normal 0 0 0
    outer loop
      vertex -45.000 35.000 30.000
      vertex -43.965 38.864 30.000
      vertex -43.000 38.464 30.000
    endloop
  endfacet
  facet normal 0 0 0
    outer loop
      vertex -45.000 35.000 66.000
      vertex -43.000 38.464 66.000
      vertex -43.965 38.864 66.000
    endloop
  endfacet
  facet normal 0 0 0
    outer loop
      vertex -43.965 38.864 30.000
      vertex -43.965 38.864 66.000
      vertex -45.000 39.000 66.000
    endloop
  endfacet
  facet normal 0 0 0
    outer loop
      vertex -43.965 38.864 30.000
      vertex -45.000 39.000 66.000
      vertex -45.000 39.000 30.000
    endloop
  endfacet
  facet normal 0 0 0
    outer loop
      vertex -45.000 35.000 30.000
      vertex -45.000 39.000 30.000
      vertex -43.965 38.864 30.000
    endloop
  endfacet
  facet normal 0 0 0
    outer loop
      vertex -45.000 35.000 66.000
      vertex -43.965 38.864 66.000
      vertex -45.000 39.000 66.000
    endloop
  endfacet
  facet normal 0 0 0
    outer loop
      vertex -45.000 39.000 30.000
      vertex -45.000 39.000 66.000
      vertex -46.035 38.864 66.000
    endloop
  endfacet
  facet normal 0 0 0
    outer loop
      vertex -45.000 39.000 30.000
      vertex -46.035 38.864 66.000
      vertex -46.035 38.864 30.000
    endloop
  endfacet
  facet normal 0 0 0
    outer loop
      vertex -45.000 35.000 30.000
      vertex -46.035 38.864 30.000
      vertex -45.000 39.000 30.000
    endloop
  endfacet
  facet normal 0 0 0
    outer loop
      vertex -45.000 35.000 66.000
      vertex -45.000 39.000 66.000
      vertex -46.035 38.864 66.000
    endloop
  endfacet
  facet normal 0 0 0
    outer loop
      vertex -46.035 38.864 30.000
      vertex -46.035 38.864 66.000
      vertex -47.000 38.464 66.000
    endloop
  endfacet
  facet normal 0 0 0
    outer loop
      vertex -46.035 38.864 30.000
      vertex -47.000 38.464 66.000
      vertex -47.000 38.464 30.000
    endloop
  endfacet
  facet normal 0 0 0
    outer loop
      vertex -45.000 35.000 30.000
      vertex -47.000 38.464 30.000
      vertex -46.035 38.864 30.000
    endloop
  endfacet
  facet normal 0 0 0
    outer loop
      vertex -45.000 35.000 66.000
      vertex -46.035 38.864 66.000
      vertex -47.000 38.464 66.000
    endloop
  endfacet
  facet normal 0 0 0
    outer loop
      vertex -47.000 38.464 30.000
      vertex -47.000 38.464 66.000
      vertex -47.828 37.828 66.000
    endloop
  endfacet
  facet normal 0 0 0
    outer loop
      vertex -47.000 38.464 30.000
      vertex -47.828 37.828 66.000
      vertex -47.828 37.828 30.000
    endloop
  endfacet
  facet normal 0 0 0
    outer loop
      vertex -45.000 35.000 30.000
      vertex -47.828 37.828 30.000
      vertex -47.000 38.464 30.000
    endloop
  endfacet
  facet normal 0 0 0
    outer loop
      vertex -45.000 35.000 66.000
      vertex -47.000 38.464 66.000
      vertex -47.828 37.828 66.000
    endloop
  endfacet
  facet normal 0 0 0
    outer loop
      vertex -47.828 37.828 30.000
      vertex -47.828 37.828 66.000
      vertex -48.464 37.000 66.000
    endloop
  endfacet
  facet normal 0 0 0
    outer loop
      vertex -47.828 37.828 30.000
      vertex -48.464 37.000 66.000
      vertex -48.464 37.000 30.000
    endloop
  endfacet
  facet normal 0 0 0
    outer loop
      vertex -45.000 35.000 30.000
      vertex -48.464 37.000 30.000
      vertex -47.828 37.828 30.000
    endloop
  endfacet
  facet normal 0 0 0
    outer loop
      vertex -45.000 35.000 66.000
      vertex -47.828 37.828 66.000
      vertex -48.464 37.000 66.000
    endloop
  endfacet
  facet normal 0 0 0
    outer loop
      vertex -48.464 37.000 30.000
      vertex -48.464 37.000 66.000
      vertex -48.864 36.035 66.000
    endloop
  endfacet
  facet normal 0 0 0
    outer loop
      vertex -48.464 37.000 30.000
      vertex -48.864 36.035 66.000
      vertex -48.864 36.035 30.000
    endloop
  endfacet
  facet normal 0 0 0
    outer loop
      vertex -45.000 35.000 30.000
      vertex -48.864 36.035 30.000
      vertex -48.464 37.000 30.000
    endloop
  endfacet
  facet normal 0 0 0
    outer loop
      vertex -45.000 35.000 66.000
      vertex -48.464 37.000 66.000
      vertex -48.864 36.035 66.000
    endloop
  endfacet
  facet normal 0 0 0
    outer loop
      vertex -48.864 36.035 30.000
      vertex -48.864 36.035 66.000
      vertex -49.000 35.000 66.000
    endloop
  endfacet
  facet normal 0 0 0
    outer loop
      vertex -48.864 36.035 30.000
      vertex -49.000 35.000 66.000
      vertex -49.000 35.000 30.000
    endloop
  endfacet
  facet normal 0 0 0
    outer loop
      vertex -45.000 35.000 30.000
      vertex -49.000 35.000 30.000
      vertex -48.864 36.035 30.000
    endloop
  endfacet
  facet normal 0 0 0
    outer loop
      vertex -45.000 35.000 66.000
      vertex -48.864 36.035 66.000
      vertex -49.000 35.000 66.000
    endloop
  endfacet
  facet normal 0 0 0
    outer loop
      vertex -49.000 35.000 30.000
      vertex -49.000 35.000 66.000
      vertex -48.864 33.965 66.000
    endloop
  endfacet
  facet normal 0 0 0
    outer loop
      vertex -49.000 35.000 30.000
      vertex -48.864 33.965 66.000
      vertex -48.864 33.965 30.000
    endloop
  endfacet
  facet normal 0 0 0
    outer loop
      vertex -45.000 35.000 30.000
      vertex -48.864 33.965 30.000
      vertex -49.000 35.000 30.000
    endloop
  endfacet
  facet normal 0 0 0
    outer loop
      vertex -45.000 35.000 66.000
      vertex -49.000 35.000 66.000
      vertex -48.864 33.965 66.000
    endloop
  endfacet
  facet normal 0 0 0
    outer loop
      vertex -48.864 33.965 30.000
      vertex -48.864 33.965 66.000
      vertex -48.464 33.000 66.000
    endloop
  endfacet
  facet normal 0 0 0
    outer loop
      vertex -48.864 33.965 30.000
      vertex -48.464 33.000 66.000
      vertex -48.464 33.000 30.000
    endloop
  endfacet
  facet normal 0 0 0
    outer loop
      vertex -45.000 35.000 30.000
      vertex -48.464 33.000 30.000
      vertex -48.864 33.965 30.000
    endloop
  endfacet
  facet normal 0 0 0
    outer loop
      vertex -45.000 35.000 66.000
      vertex -48.864 33.965 66.000
      vertex -48.464 33.000 66.000
    endloop
  endfacet
  facet normal 0 0 0
    outer loop
      vertex -48.464 33.000 30.000
      vertex -48.464 33.000 66.000
      vertex -47.828 32.172 66.000
    endloop
  endfacet
  facet normal 0 0 0
    outer loop
      vertex -48.464 33.000 30.000
      vertex -47.828 32.172 66.000
      vertex -47.828 32.172 30.000
    endloop
  endfacet
  facet normal 0 0 0
    outer loop
      vertex -45.000 35.000 30.000
      vertex -47.828 32.172 30.000
      vertex -48.464 33.000 30.000
    endloop
  endfacet
  facet normal 0 0 0
    outer loop
      vertex -45.000 35.000 66.000
      vertex -48.464 33.000 66.000
      vertex -47.828 32.172 66.000
    endloop
  endfacet
  facet normal 0 0 0
    outer loop
      vertex -47.828 32.172 30.000
      vertex -47.828 32.172 66.000
      vertex -47.000 31.536 66.000
    endloop
  endfacet
  facet normal 0 0 0
    outer loop
      vertex -47.828 32.172 30.000
      vertex -47.000 31.536 66.000
      vertex -47.000 31.536 30.000
    endloop
  endfacet
  facet normal 0 0 0
    outer loop
      vertex -45.000 35.000 30.000
      vertex -47.000 31.536 30.000
      vertex -47.828 32.172 30.000
    endloop
  endfacet
  facet normal 0 0 0
    outer loop
      vertex -45.000 35.000 66.000
      vertex -47.828 32.172 66.000
      vertex -47.000 31.536 66.000
    endloop
  endfacet
  facet normal 0 0 0
    outer loop
      vertex -47.000 31.536 30.000
      vertex -47.000 31.536 66.000
      vertex -46.035 31.136 66.000
    endloop
  endfacet
  facet normal 0 0 0
    outer loop
      vertex -47.000 31.536 30.000
      vertex -46.035 31.136 66.000
      vertex -46.035 31.136 30.000
    endloop
  endfacet
  facet normal 0 0 0
    outer loop
      vertex -45.000 35.000 30.000
      vertex -46.035 31.136 30.000
      vertex -47.000 31.536 30.000
    endloop
  endfacet
  facet normal 0 0 0
    outer loop
      vertex -45.000 35.000 66.000
      vertex -47.000 31.536 66.000
      vertex -46.035 31.136 66.000
    endloop
  endfacet
  facet normal 0 0 0
    outer loop
      vertex -46.035 31.136 30.000
      vertex -46.035 31.136 66.000
      vertex -45.000 31.000 66.000
    endloop
  endfacet
  facet normal 0 0 0
    outer loop
      vertex -46.035 31.136 30.000
      vertex -45.000 31.000 66.000
      vertex -45.000 31.000 30.000
    endloop
  endfacet
  facet normal 0 0 0
    outer loop
      vertex -45.000 35.000 30.000
      vertex -45.000 31.000 30.000
      vertex -46.035 31.136 30.000
    endloop
  endfacet
  facet normal 0 0 0
    outer loop
      vertex -45.000 35.000 66.000
      vertex -46.035 31.136 66.000
      vertex -45.000 31.000 66.000
    endloop
  endfacet
  facet normal 0 0 0
    outer loop
      vertex -45.000 31.000 30.000
      vertex -45.000 31.000 66.000
      vertex -43.965 31.136 66.000
    endloop
  endfacet
  facet normal 0 0 0
    outer loop
      vertex -45.000 31.000 30.000
      vertex -43.965 31.136 66.000
      vertex -43.965 31.136 30.000
    endloop
  endfacet
  facet normal 0 0 0
    outer loop
      vertex -45.000 35.000 30.000
      vertex -43.965 31.136 30.000
      vertex -45.000 31.000 30.000
    endloop
  endfacet
  facet normal 0 0 0
    outer loop
      vertex -45.000 35.000 66.000
      vertex -45.000 31.000 66.000
      vertex -43.965 31.136 66.000
    endloop
  endfacet
  facet normal 0 0 0
    outer loop
      vertex -43.965 31.136 30.000
      vertex -43.965 31.136 66.000
      vertex -43.000 31.536 66.000
    endloop
  endfacet
  facet normal 0 0 0
    outer loop
      vertex -43.965 31.136 30.000
      vertex -43.000 31.536 66.000
      vertex -43.000 31.536 30.000
    endloop
  endfacet
  facet normal 0 0 0
    outer loop
      vertex -45.000 35.000 30.000
      vertex -43.000 31.536 30.000
      vertex -43.965 31.136 30.000
    endloop
  endfacet
  facet normal 0 0 0
    outer loop
      vertex -45.000 35.000 66.000
      vertex -43.965 31.136 66.000
      vertex -43.000 31.536 66.000
    endloop
  endfacet
  facet normal 0 0 0
    outer loop
      vertex -43.000 31.536 30.000
      vertex -43.000 31.536 66.000
      vertex -42.172 32.172 66.000
    endloop
  endfacet
  facet normal 0 0 0
    outer loop
      vertex -43.000 31.536 30.000
      vertex -42.172 32.172 66.000
      vertex -42.172 32.172 30.000
    endloop
  endfacet
  facet normal 0 0 0
    outer loop
      vertex -45.000 35.000 30.000
      vertex -42.172 32.172 30.000
      vertex -43.000 31.536 30.000
    endloop
  endfacet
  facet normal 0 0 0
    outer loop
      vertex -45.000 35.000 66.000
      vertex -43.000 31.536 66.000
      vertex -42.172 32.172 66.000
    endloop
  endfacet
  facet normal 0 0 0
    outer loop
      vertex -42.172 32.172 30.000
      vertex -42.172 32.172 66.000
      vertex -41.536 33.000 66.000
    endloop
  endfacet
  facet normal 0 0 0
    outer loop
      vertex -42.172 32.172 30.000
      vertex -41.536 33.000 66.000
      vertex -41.536 33.000 30.000
    endloop
  endfacet
  facet normal 0 0 0
    outer loop
      vertex -45.000 35.000 30.000
      vertex -41.536 33.000 30.000
      vertex -42.172 32.172 30.000
    endloop
  endfacet
  facet normal 0 0 0
    outer loop
      vertex -45.000 35.000 66.000
      vertex -42.172 32.172 66.000
      vertex -41.536 33.000 66.000
    endloop
  endfacet
  facet normal 0 0 0
    outer loop
      vertex -41.536 33.000 30.000
      vertex -41.536 33.000 66.000
      vertex -41.136 33.965 66.000
    endloop
  endfacet
  facet normal 0 0 0
    outer loop
      vertex -41.536 33.000 30.000
      vertex -41.136 33.965 66.000
      vertex -41.136 33.965 30.000
    endloop
  endfacet
  facet normal 0 0 0
    outer loop
      vertex -45.000 35.000 30.000
      vertex -41.136 33.965 30.000
      vertex -41.536 33.000 30.000
    endloop
  endfacet
  facet normal 0 0 0
    outer loop
      vertex -45.000 35.000 66.000
      vertex -41.536 33.000 66.000
      vertex -41.136 33.965 66.000
    endloop
  endfacet
  facet normal 0 0 0
    outer loop
      vertex -41.136 33.965 30.000
      vertex -41.136 33.965 66.000
      vertex -41.000 35.000 66.000
    endloop
  endfacet
  facet normal 0 0 0
    outer loop
      vertex -41.136 33.965 30.000
      vertex -41.000 35.000 66.000
      vertex -41.000 35.000 30.000
    endloop
  endfacet
  facet normal 0 0 0
    outer loop
      vertex -45.000 35.000 30.000
      vertex -41.000 35.000 30.000
      vertex -41.136 33.965 30.000
    endloop
  endfacet
  facet normal 0 0 0
    outer loop
      vertex -45.000 35.000 66.000
      vertex -41.136 33.965 66.000
      vertex -41.000 35.000 66.000
    endloop
  endfacet
  // espacador_torre_45_-35
  facet normal 0 0 0
    outer loop
      vertex 49.000 -35.000 30.000
      vertex 49.000 -35.000 66.000
      vertex 48.864 -33.965 66.000
    endloop
  endfacet
  facet normal 0 0 0
    outer loop
      vertex 49.000 -35.000 30.000
      vertex 48.864 -33.965 66.000
      vertex 48.864 -33.965 30.000
    endloop
  endfacet
  facet normal 0 0 0
    outer loop
      vertex 45.000 -35.000 30.000
      vertex 48.864 -33.965 30.000
      vertex 49.000 -35.000 30.000
    endloop
  endfacet
  facet normal 0 0 0
    outer loop
      vertex 45.000 -35.000 66.000
      vertex 49.000 -35.000 66.000
      vertex 48.864 -33.965 66.000
    endloop
  endfacet
  facet normal 0 0 0
    outer loop
      vertex 48.864 -33.965 30.000
      vertex 48.864 -33.965 66.000
      vertex 48.464 -33.000 66.000
    endloop
  endfacet
  facet normal 0 0 0
    outer loop
      vertex 48.864 -33.965 30.000
      vertex 48.464 -33.000 66.000
      vertex 48.464 -33.000 30.000
    endloop
  endfacet
  facet normal 0 0 0
    outer loop
      vertex 45.000 -35.000 30.000
      vertex 48.464 -33.000 30.000
      vertex 48.864 -33.965 30.000
    endloop
  endfacet
  facet normal 0 0 0
    outer loop
      vertex 45.000 -35.000 66.000
      vertex 48.864 -33.965 66.000
      vertex 48.464 -33.000 66.000
    endloop
  endfacet
  facet normal 0 0 0
    outer loop
      vertex 48.464 -33.000 30.000
      vertex 48.464 -33.000 66.000
      vertex 47.828 -32.172 66.000
    endloop
  endfacet
  facet normal 0 0 0
    outer loop
      vertex 48.464 -33.000 30.000
      vertex 47.828 -32.172 66.000
      vertex 47.828 -32.172 30.000
    endloop
  endfacet
  facet normal 0 0 0
    outer loop
      vertex 45.000 -35.000 30.000
      vertex 47.828 -32.172 30.000
      vertex 48.464 -33.000 30.000
    endloop
  endfacet
  facet normal 0 0 0
    outer loop
      vertex 45.000 -35.000 66.000
      vertex 48.464 -33.000 66.000
      vertex 47.828 -32.172 66.000
    endloop
  endfacet
  facet normal 0 0 0
    outer loop
      vertex 47.828 -32.172 30.000
      vertex 47.828 -32.172 66.000
      vertex 47.000 -31.536 66.000
    endloop
  endfacet
  facet normal 0 0 0
    outer loop
      vertex 47.828 -32.172 30.000
      vertex 47.000 -31.536 66.000
      vertex 47.000 -31.536 30.000
    endloop
  endfacet
  facet normal 0 0 0
    outer loop
      vertex 45.000 -35.000 30.000
      vertex 47.000 -31.536 30.000
      vertex 47.828 -32.172 30.000
    endloop
  endfacet
  facet normal 0 0 0
    outer loop
      vertex 45.000 -35.000 66.000
      vertex 47.828 -32.172 66.000
      vertex 47.000 -31.536 66.000
    endloop
  endfacet
  facet normal 0 0 0
    outer loop
      vertex 47.000 -31.536 30.000
      vertex 47.000 -31.536 66.000
      vertex 46.035 -31.136 66.000
    endloop
  endfacet
  facet normal 0 0 0
    outer loop
      vertex 47.000 -31.536 30.000
      vertex 46.035 -31.136 66.000
      vertex 46.035 -31.136 30.000
    endloop
  endfacet
  facet normal 0 0 0
    outer loop
      vertex 45.000 -35.000 30.000
      vertex 46.035 -31.136 30.000
      vertex 47.000 -31.536 30.000
    endloop
  endfacet
  facet normal 0 0 0
    outer loop
      vertex 45.000 -35.000 66.000
      vertex 47.000 -31.536 66.000
      vertex 46.035 -31.136 66.000
    endloop
  endfacet
  facet normal 0 0 0
    outer loop
      vertex 46.035 -31.136 30.000
      vertex 46.035 -31.136 66.000
      vertex 45.000 -31.000 66.000
    endloop
  endfacet
  facet normal 0 0 0
    outer loop
      vertex 46.035 -31.136 30.000
      vertex 45.000 -31.000 66.000
      vertex 45.000 -31.000 30.000
    endloop
  endfacet
  facet normal 0 0 0
    outer loop
      vertex 45.000 -35.000 30.000
      vertex 45.000 -31.000 30.000
      vertex 46.035 -31.136 30.000
    endloop
  endfacet
  facet normal 0 0 0
    outer loop
      vertex 45.000 -35.000 66.000
      vertex 46.035 -31.136 66.000
      vertex 45.000 -31.000 66.000
    endloop
  endfacet
  facet normal 0 0 0
    outer loop
      vertex 45.000 -31.000 30.000
      vertex 45.000 -31.000 66.000
      vertex 43.965 -31.136 66.000
    endloop
  endfacet
  facet normal 0 0 0
    outer loop
      vertex 45.000 -31.000 30.000
      vertex 43.965 -31.136 66.000
      vertex 43.965 -31.136 30.000
    endloop
  endfacet
  facet normal 0 0 0
    outer loop
      vertex 45.000 -35.000 30.000
      vertex 43.965 -31.136 30.000
      vertex 45.000 -31.000 30.000
    endloop
  endfacet
  facet normal 0 0 0
    outer loop
      vertex 45.000 -35.000 66.000
      vertex 45.000 -31.000 66.000
      vertex 43.965 -31.136 66.000
    endloop
  endfacet
  facet normal 0 0 0
    outer loop
      vertex 43.965 -31.136 30.000
      vertex 43.965 -31.136 66.000
      vertex 43.000 -31.536 66.000
    endloop
  endfacet
  facet normal 0 0 0
    outer loop
      vertex 43.965 -31.136 30.000
      vertex 43.000 -31.536 66.000
      vertex 43.000 -31.536 30.000
    endloop
  endfacet
  facet normal 0 0 0
    outer loop
      vertex 45.000 -35.000 30.000
      vertex 43.000 -31.536 30.000
      vertex 43.965 -31.136 30.000
    endloop
  endfacet
  facet normal 0 0 0
    outer loop
      vertex 45.000 -35.000 66.000
      vertex 43.965 -31.136 66.000
      vertex 43.000 -31.536 66.000
    endloop
  endfacet
  facet normal 0 0 0
    outer loop
      vertex 43.000 -31.536 30.000
      vertex 43.000 -31.536 66.000
      vertex 42.172 -32.172 66.000
    endloop
  endfacet
  facet normal 0 0 0
    outer loop
      vertex 43.000 -31.536 30.000
      vertex 42.172 -32.172 66.000
      vertex 42.172 -32.172 30.000
    endloop
  endfacet
  facet normal 0 0 0
    outer loop
      vertex 45.000 -35.000 30.000
      vertex 42.172 -32.172 30.000
      vertex 43.000 -31.536 30.000
    endloop
  endfacet
  facet normal 0 0 0
    outer loop
      vertex 45.000 -35.000 66.000
      vertex 43.000 -31.536 66.000
      vertex 42.172 -32.172 66.000
    endloop
  endfacet
  facet normal 0 0 0
    outer loop
      vertex 42.172 -32.172 30.000
      vertex 42.172 -32.172 66.000
      vertex 41.536 -33.000 66.000
    endloop
  endfacet
  facet normal 0 0 0
    outer loop
      vertex 42.172 -32.172 30.000
      vertex 41.536 -33.000 66.000
      vertex 41.536 -33.000 30.000
    endloop
  endfacet
  facet normal 0 0 0
    outer loop
      vertex 45.000 -35.000 30.000
      vertex 41.536 -33.000 30.000
      vertex 42.172 -32.172 30.000
    endloop
  endfacet
  facet normal 0 0 0
    outer loop
      vertex 45.000 -35.000 66.000
      vertex 42.172 -32.172 66.000
      vertex 41.536 -33.000 66.000
    endloop
  endfacet
  facet normal 0 0 0
    outer loop
      vertex 41.536 -33.000 30.000
      vertex 41.536 -33.000 66.000
      vertex 41.136 -33.965 66.000
    endloop
  endfacet
  facet normal 0 0 0
    outer loop
      vertex 41.536 -33.000 30.000
      vertex 41.136 -33.965 66.000
      vertex 41.136 -33.965 30.000
    endloop
  endfacet
  facet normal 0 0 0
    outer loop
      vertex 45.000 -35.000 30.000
      vertex 41.136 -33.965 30.000
      vertex 41.536 -33.000 30.000
    endloop
  endfacet
  facet normal 0 0 0
    outer loop
      vertex 45.000 -35.000 66.000
      vertex 41.536 -33.000 66.000
      vertex 41.136 -33.965 66.000
    endloop
  endfacet
  facet normal 0 0 0
    outer loop
      vertex 41.136 -33.965 30.000
      vertex 41.136 -33.965 66.000
      vertex 41.000 -35.000 66.000
    endloop
  endfacet
  facet normal 0 0 0
    outer loop
      vertex 41.136 -33.965 30.000
      vertex 41.000 -35.000 66.000
      vertex 41.000 -35.000 30.000
    endloop
  endfacet
  facet normal 0 0 0
    outer loop
      vertex 45.000 -35.000 30.000
      vertex 41.000 -35.000 30.000
      vertex 41.136 -33.965 30.000
    endloop
  endfacet
  facet normal 0 0 0
    outer loop
      vertex 45.000 -35.000 66.000
      vertex 41.136 -33.965 66.000
      vertex 41.000 -35.000 66.000
    endloop
  endfacet
  facet normal 0 0 0
    outer loop
      vertex 41.000 -35.000 30.000
      vertex 41.000 -35.000 66.000
      vertex 41.136 -36.035 66.000
    endloop
  endfacet
  facet normal 0 0 0
    outer loop
      vertex 41.000 -35.000 30.000
      vertex 41.136 -36.035 66.000
      vertex 41.136 -36.035 30.000
    endloop
  endfacet
  facet normal 0 0 0
    outer loop
      vertex 45.000 -35.000 30.000
      vertex 41.136 -36.035 30.000
      vertex 41.000 -35.000 30.000
    endloop
  endfacet
  facet normal 0 0 0
    outer loop
      vertex 45.000 -35.000 66.000
      vertex 41.000 -35.000 66.000
      vertex 41.136 -36.035 66.000
    endloop
  endfacet
  facet normal 0 0 0
    outer loop
      vertex 41.136 -36.035 30.000
      vertex 41.136 -36.035 66.000
      vertex 41.536 -37.000 66.000
    endloop
  endfacet
  facet normal 0 0 0
    outer loop
      vertex 41.136 -36.035 30.000
      vertex 41.536 -37.000 66.000
      vertex 41.536 -37.000 30.000
    endloop
  endfacet
  facet normal 0 0 0
    outer loop
      vertex 45.000 -35.000 30.000
      vertex 41.536 -37.000 30.000
      vertex 41.136 -36.035 30.000
    endloop
  endfacet
  facet normal 0 0 0
    outer loop
      vertex 45.000 -35.000 66.000
      vertex 41.136 -36.035 66.000
      vertex 41.536 -37.000 66.000
    endloop
  endfacet
  facet normal 0 0 0
    outer loop
      vertex 41.536 -37.000 30.000
      vertex 41.536 -37.000 66.000
      vertex 42.172 -37.828 66.000
    endloop
  endfacet
  facet normal 0 0 0
    outer loop
      vertex 41.536 -37.000 30.000
      vertex 42.172 -37.828 66.000
      vertex 42.172 -37.828 30.000
    endloop
  endfacet
  facet normal 0 0 0
    outer loop
      vertex 45.000 -35.000 30.000
      vertex 42.172 -37.828 30.000
      vertex 41.536 -37.000 30.000
    endloop
  endfacet
  facet normal 0 0 0
    outer loop
      vertex 45.000 -35.000 66.000
      vertex 41.536 -37.000 66.000
      vertex 42.172 -37.828 66.000
    endloop
  endfacet
  facet normal 0 0 0
    outer loop
      vertex 42.172 -37.828 30.000
      vertex 42.172 -37.828 66.000
      vertex 43.000 -38.464 66.000
    endloop
  endfacet
  facet normal 0 0 0
    outer loop
      vertex 42.172 -37.828 30.000
      vertex 43.000 -38.464 66.000
      vertex 43.000 -38.464 30.000
    endloop
  endfacet
  facet normal 0 0 0
    outer loop
      vertex 45.000 -35.000 30.000
      vertex 43.000 -38.464 30.000
      vertex 42.172 -37.828 30.000
    endloop
  endfacet
  facet normal 0 0 0
    outer loop
      vertex 45.000 -35.000 66.000
      vertex 42.172 -37.828 66.000
      vertex 43.000 -38.464 66.000
    endloop
  endfacet
  facet normal 0 0 0
    outer loop
      vertex 43.000 -38.464 30.000
      vertex 43.000 -38.464 66.000
      vertex 43.965 -38.864 66.000
    endloop
  endfacet
  facet normal 0 0 0
    outer loop
      vertex 43.000 -38.464 30.000
      vertex 43.965 -38.864 66.000
      vertex 43.965 -38.864 30.000
    endloop
  endfacet
  facet normal 0 0 0
    outer loop
      vertex 45.000 -35.000 30.000
      vertex 43.965 -38.864 30.000
      vertex 43.000 -38.464 30.000
    endloop
  endfacet
  facet normal 0 0 0
    outer loop
      vertex 45.000 -35.000 66.000
      vertex 43.000 -38.464 66.000
      vertex 43.965 -38.864 66.000
    endloop
  endfacet
  facet normal 0 0 0
    outer loop
      vertex 43.965 -38.864 30.000
      vertex 43.965 -38.864 66.000
      vertex 45.000 -39.000 66.000
    endloop
  endfacet
  facet normal 0 0 0
    outer loop
      vertex 43.965 -38.864 30.000
      vertex 45.000 -39.000 66.000
      vertex 45.000 -39.000 30.000
    endloop
  endfacet
  facet normal 0 0 0
    outer loop
      vertex 45.000 -35.000 30.000
      vertex 45.000 -39.000 30.000
      vertex 43.965 -38.864 30.000
    endloop
  endfacet
  facet normal 0 0 0
    outer loop
      vertex 45.000 -35.000 66.000
      vertex 43.965 -38.864 66.000
      vertex 45.000 -39.000 66.000
    endloop
  endfacet
  facet normal 0 0 0
    outer loop
      vertex 45.000 -39.000 30.000
      vertex 45.000 -39.000 66.000
      vertex 46.035 -38.864 66.000
    endloop
  endfacet
  facet normal 0 0 0
    outer loop
      vertex 45.000 -39.000 30.000
      vertex 46.035 -38.864 66.000
      vertex 46.035 -38.864 30.000
    endloop
  endfacet
  facet normal 0 0 0
    outer loop
      vertex 45.000 -35.000 30.000
      vertex 46.035 -38.864 30.000
      vertex 45.000 -39.000 30.000
    endloop
  endfacet
  facet normal 0 0 0
    outer loop
      vertex 45.000 -35.000 66.000
      vertex 45.000 -39.000 66.000
      vertex 46.035 -38.864 66.000
    endloop
  endfacet
  facet normal 0 0 0
    outer loop
      vertex 46.035 -38.864 30.000
      vertex 46.035 -38.864 66.000
      vertex 47.000 -38.464 66.000
    endloop
  endfacet
  facet normal 0 0 0
    outer loop
      vertex 46.035 -38.864 30.000
      vertex 47.000 -38.464 66.000
      vertex 47.000 -38.464 30.000
    endloop
  endfacet
  facet normal 0 0 0
    outer loop
      vertex 45.000 -35.000 30.000
      vertex 47.000 -38.464 30.000
      vertex 46.035 -38.864 30.000
    endloop
  endfacet
  facet normal 0 0 0
    outer loop
      vertex 45.000 -35.000 66.000
      vertex 46.035 -38.864 66.000
      vertex 47.000 -38.464 66.000
    endloop
  endfacet
  facet normal 0 0 0
    outer loop
      vertex 47.000 -38.464 30.000
      vertex 47.000 -38.464 66.000
      vertex 47.828 -37.828 66.000
    endloop
  endfacet
  facet normal 0 0 0
    outer loop
      vertex 47.000 -38.464 30.000
      vertex 47.828 -37.828 66.000
      vertex 47.828 -37.828 30.000
    endloop
  endfacet
  facet normal 0 0 0
    outer loop
      vertex 45.000 -35.000 30.000
      vertex 47.828 -37.828 30.000
      vertex 47.000 -38.464 30.000
    endloop
  endfacet
  facet normal 0 0 0
    outer loop
      vertex 45.000 -35.000 66.000
      vertex 47.000 -38.464 66.000
      vertex 47.828 -37.828 66.000
    endloop
  endfacet
  facet normal 0 0 0
    outer loop
      vertex 47.828 -37.828 30.000
      vertex 47.828 -37.828 66.000
      vertex 48.464 -37.000 66.000
    endloop
  endfacet
  facet normal 0 0 0
    outer loop
      vertex 47.828 -37.828 30.000
      vertex 48.464 -37.000 66.000
      vertex 48.464 -37.000 30.000
    endloop
  endfacet
  facet normal 0 0 0
    outer loop
      vertex 45.000 -35.000 30.000
      vertex 48.464 -37.000 30.000
      vertex 47.828 -37.828 30.000
    endloop
  endfacet
  facet normal 0 0 0
    outer loop
      vertex 45.000 -35.000 66.000
      vertex 47.828 -37.828 66.000
      vertex 48.464 -37.000 66.000
    endloop
  endfacet
  facet normal 0 0 0
    outer loop
      vertex 48.464 -37.000 30.000
      vertex 48.464 -37.000 66.000
      vertex 48.864 -36.035 66.000
    endloop
  endfacet
  facet normal 0 0 0
    outer loop
      vertex 48.464 -37.000 30.000
      vertex 48.864 -36.035 66.000
      vertex 48.864 -36.035 30.000
    endloop
  endfacet
  facet normal 0 0 0
    outer loop
      vertex 45.000 -35.000 30.000
      vertex 48.864 -36.035 30.000
      vertex 48.464 -37.000 30.000
    endloop
  endfacet
  facet normal 0 0 0
    outer loop
      vertex 45.000 -35.000 66.000
      vertex 48.464 -37.000 66.000
      vertex 48.864 -36.035 66.000
    endloop
  endfacet
  facet normal 0 0 0
    outer loop
      vertex 48.864 -36.035 30.000
      vertex 48.864 -36.035 66.000
      vertex 49.000 -35.000 66.000
    endloop
  endfacet
  facet normal 0 0 0
    outer loop
      vertex 48.864 -36.035 30.000
      vertex 49.000 -35.000 66.000
      vertex 49.000 -35.000 30.000
    endloop
  endfacet
  facet normal 0 0 0
    outer loop
      vertex 45.000 -35.000 30.000
      vertex 49.000 -35.000 30.000
      vertex 48.864 -36.035 30.000
    endloop
  endfacet
  facet normal 0 0 0
    outer loop
      vertex 45.000 -35.000 66.000
      vertex 48.864 -36.035 66.000
      vertex 49.000 -35.000 66.000
    endloop
  endfacet
  // espacador_torre_45_35
  facet normal 0 0 0
    outer loop
      vertex 49.000 35.000 30.000
      vertex 49.000 35.000 66.000
      vertex 48.864 36.035 66.000
    endloop
  endfacet
  facet normal 0 0 0
    outer loop
      vertex 49.000 35.000 30.000
      vertex 48.864 36.035 66.000
      vertex 48.864 36.035 30.000
    endloop
  endfacet
  facet normal 0 0 0
    outer loop
      vertex 45.000 35.000 30.000
      vertex 48.864 36.035 30.000
      vertex 49.000 35.000 30.000
    endloop
  endfacet
  facet normal 0 0 0
    outer loop
      vertex 45.000 35.000 66.000
      vertex 49.000 35.000 66.000
      vertex 48.864 36.035 66.000
    endloop
  endfacet
  facet normal 0 0 0
    outer loop
      vertex 48.864 36.035 30.000
      vertex 48.864 36.035 66.000
      vertex 48.464 37.000 66.000
    endloop
  endfacet
  facet normal 0 0 0
    outer loop
      vertex 48.864 36.035 30.000
      vertex 48.464 37.000 66.000
      vertex 48.464 37.000 30.000
    endloop
  endfacet
  facet normal 0 0 0
    outer loop
      vertex 45.000 35.000 30.000
      vertex 48.464 37.000 30.000
      vertex 48.864 36.035 30.000
    endloop
  endfacet
  facet normal 0 0 0
    outer loop
      vertex 45.000 35.000 66.000
      vertex 48.864 36.035 66.000
      vertex 48.464 37.000 66.000
    endloop
  endfacet
  facet normal 0 0 0
    outer loop
      vertex 48.464 37.000 30.000
      vertex 48.464 37.000 66.000
      vertex 47.828 37.828 66.000
    endloop
  endfacet
  facet normal 0 0 0
    outer loop
      vertex 48.464 37.000 30.000
      vertex 47.828 37.828 66.000
      vertex 47.828 37.828 30.000
    endloop
  endfacet
  facet normal 0 0 0
    outer loop
      vertex 45.000 35.000 30.000
      vertex 47.828 37.828 30.000
      vertex 48.464 37.000 30.000
    endloop
  endfacet
  facet normal 0 0 0
    outer loop
      vertex 45.000 35.000 66.000
      vertex 48.464 37.000 66.000
      vertex 47.828 37.828 66.000
    endloop
  endfacet
  facet normal 0 0 0
    outer loop
      vertex 47.828 37.828 30.000
      vertex 47.828 37.828 66.000
      vertex 47.000 38.464 66.000
    endloop
  endfacet
  facet normal 0 0 0
    outer loop
      vertex 47.828 37.828 30.000
      vertex 47.000 38.464 66.000
      vertex 47.000 38.464 30.000
    endloop
  endfacet
  facet normal 0 0 0
    outer loop
      vertex 45.000 35.000 30.000
      vertex 47.000 38.464 30.000
      vertex 47.828 37.828 30.000
    endloop
  endfacet
  facet normal 0 0 0
    outer loop
      vertex 45.000 35.000 66.000
      vertex 47.828 37.828 66.000
      vertex 47.000 38.464 66.000
    endloop
  endfacet
  facet normal 0 0 0
    outer loop
      vertex 47.000 38.464 30.000
      vertex 47.000 38.464 66.000
      vertex 46.035 38.864 66.000
    endloop
  endfacet
  facet normal 0 0 0
    outer loop
      vertex 47.000 38.464 30.000
      vertex 46.035 38.864 66.000
      vertex 46.035 38.864 30.000
    endloop
  endfacet
  facet normal 0 0 0
    outer loop
      vertex 45.000 35.000 30.000
      vertex 46.035 38.864 30.000
      vertex 47.000 38.464 30.000
    endloop
  endfacet
  facet normal 0 0 0
    outer loop
      vertex 45.000 35.000 66.000
      vertex 47.000 38.464 66.000
      vertex 46.035 38.864 66.000
    endloop
  endfacet
  facet normal 0 0 0
    outer loop
      vertex 46.035 38.864 30.000
      vertex 46.035 38.864 66.000
      vertex 45.000 39.000 66.000
    endloop
  endfacet
  facet normal 0 0 0
    outer loop
      vertex 46.035 38.864 30.000
      vertex 45.000 39.000 66.000
      vertex 45.000 39.000 30.000
    endloop
  endfacet
  facet normal 0 0 0
    outer loop
      vertex 45.000 35.000 30.000
      vertex 45.000 39.000 30.000
      vertex 46.035 38.864 30.000
    endloop
  endfacet
  facet normal 0 0 0
    outer loop
      vertex 45.000 35.000 66.000
      vertex 46.035 38.864 66.000
      vertex 45.000 39.000 66.000
    endloop
  endfacet
  facet normal 0 0 0
    outer loop
      vertex 45.000 39.000 30.000
      vertex 45.000 39.000 66.000
      vertex 43.965 38.864 66.000
    endloop
  endfacet
  facet normal 0 0 0
    outer loop
      vertex 45.000 39.000 30.000
      vertex 43.965 38.864 66.000
      vertex 43.965 38.864 30.000
    endloop
  endfacet
  facet normal 0 0 0
    outer loop
      vertex 45.000 35.000 30.000
      vertex 43.965 38.864 30.000
      vertex 45.000 39.000 30.000
    endloop
  endfacet
  facet normal 0 0 0
    outer loop
      vertex 45.000 35.000 66.000
      vertex 45.000 39.000 66.000
      vertex 43.965 38.864 66.000
    endloop
  endfacet
  facet normal 0 0 0
    outer loop
      vertex 43.965 38.864 30.000
      vertex 43.965 38.864 66.000
      vertex 43.000 38.464 66.000
    endloop
  endfacet
  facet normal 0 0 0
    outer loop
      vertex 43.965 38.864 30.000
      vertex 43.000 38.464 66.000
      vertex 43.000 38.464 30.000
    endloop
  endfacet
  facet normal 0 0 0
    outer loop
      vertex 45.000 35.000 30.000
      vertex 43.000 38.464 30.000
      vertex 43.965 38.864 30.000
    endloop
  endfacet
  facet normal 0 0 0
    outer loop
      vertex 45.000 35.000 66.000
      vertex 43.965 38.864 66.000
      vertex 43.000 38.464 66.000
    endloop
  endfacet
  facet normal 0 0 0
    outer loop
      vertex 43.000 38.464 30.000
      vertex 43.000 38.464 66.000
      vertex 42.172 37.828 66.000
    endloop
  endfacet
  facet normal 0 0 0
    outer loop
      vertex 43.000 38.464 30.000
      vertex 42.172 37.828 66.000
      vertex 42.172 37.828 30.000
    endloop
  endfacet
  facet normal 0 0 0
    outer loop
      vertex 45.000 35.000 30.000
      vertex 42.172 37.828 30.000
      vertex 43.000 38.464 30.000
    endloop
  endfacet
  facet normal 0 0 0
    outer loop
      vertex 45.000 35.000 66.000
      vertex 43.000 38.464 66.000
      vertex 42.172 37.828 66.000
    endloop
  endfacet
  facet normal 0 0 0
    outer loop
      vertex 42.172 37.828 30.000
      vertex 42.172 37.828 66.000
      vertex 41.536 37.000 66.000
    endloop
  endfacet
  facet normal 0 0 0
    outer loop
      vertex 42.172 37.828 30.000
      vertex 41.536 37.000 66.000
      vertex 41.536 37.000 30.000
    endloop
  endfacet
  facet normal 0 0 0
    outer loop
      vertex 45.000 35.000 30.000
      vertex 41.536 37.000 30.000
      vertex 42.172 37.828 30.000
    endloop
  endfacet
  facet normal 0 0 0
    outer loop
      vertex 45.000 35.000 66.000
      vertex 42.172 37.828 66.000
      vertex 41.536 37.000 66.000
    endloop
  endfacet
  facet normal 0 0 0
    outer loop
      vertex 41.536 37.000 30.000
      vertex 41.536 37.000 66.000
      vertex 41.136 36.035 66.000
    endloop
  endfacet
  facet normal 0 0 0
    outer loop
      vertex 41.536 37.000 30.000
      vertex 41.136 36.035 66.000
      vertex 41.136 36.035 30.000
    endloop
  endfacet
  facet normal 0 0 0
    outer loop
      vertex 45.000 35.000 30.000
      vertex 41.136 36.035 30.000
      vertex 41.536 37.000 30.000
    endloop
  endfacet
  facet normal 0 0 0
    outer loop
      vertex 45.000 35.000 66.000
      vertex 41.536 37.000 66.000
      vertex 41.136 36.035 66.000
    endloop
  endfacet
  facet normal 0 0 0
    outer loop
      vertex 41.136 36.035 30.000
      vertex 41.136 36.035 66.000
      vertex 41.000 35.000 66.000
    endloop
  endfacet
  facet normal 0 0 0
    outer loop
      vertex 41.136 36.035 30.000
      vertex 41.000 35.000 66.000
      vertex 41.000 35.000 30.000
    endloop
  endfacet
  facet normal 0 0 0
    outer loop
      vertex 45.000 35.000 30.000
      vertex 41.000 35.000 30.000
      vertex 41.136 36.035 30.000
    endloop
  endfacet
  facet normal 0 0 0
    outer loop
      vertex 45.000 35.000 66.000
      vertex 41.136 36.035 66.000
      vertex 41.000 35.000 66.000
    endloop
  endfacet
  facet normal 0 0 0
    outer loop
      vertex 41.000 35.000 30.000
      vertex 41.000 35.000 66.000
      vertex 41.136 33.965 66.000
    endloop
  endfacet
  facet normal 0 0 0
    outer loop
      vertex 41.000 35.000 30.000
      vertex 41.136 33.965 66.000
      vertex 41.136 33.965 30.000
    endloop
  endfacet
  facet normal 0 0 0
    outer loop
      vertex 45.000 35.000 30.000
      vertex 41.136 33.965 30.000
      vertex 41.000 35.000 30.000
    endloop
  endfacet
  facet normal 0 0 0
    outer loop
      vertex 45.000 35.000 66.000
      vertex 41.000 35.000 66.000
      vertex 41.136 33.965 66.000
    endloop
  endfacet
  facet normal 0 0 0
    outer loop
      vertex 41.136 33.965 30.000
      vertex 41.136 33.965 66.000
      vertex 41.536 33.000 66.000
    endloop
  endfacet
  facet normal 0 0 0
    outer loop
      vertex 41.136 33.965 30.000
      vertex 41.536 33.000 66.000
      vertex 41.536 33.000 30.000
    endloop
  endfacet
  facet normal 0 0 0
    outer loop
      vertex 45.000 35.000 30.000
      vertex 41.536 33.000 30.000
      vertex 41.136 33.965 30.000
    endloop
  endfacet
  facet normal 0 0 0
    outer loop
      vertex 45.000 35.000 66.000
      vertex 41.136 33.965 66.000
      vertex 41.536 33.000 66.000
    endloop
  endfacet
  facet normal 0 0 0
    outer loop
      vertex 41.536 33.000 30.000
      vertex 41.536 33.000 66.000
      vertex 42.172 32.172 66.000
    endloop
  endfacet
  facet normal 0 0 0
    outer loop
      vertex 41.536 33.000 30.000
      vertex 42.172 32.172 66.000
      vertex 42.172 32.172 30.000
    endloop
  endfacet
  facet normal 0 0 0
    outer loop
      vertex 45.000 35.000 30.000
      vertex 42.172 32.172 30.000
      vertex 41.536 33.000 30.000
    endloop
  endfacet
  facet normal 0 0 0
    outer loop
      vertex 45.000 35.000 66.000
      vertex 41.536 33.000 66.000
      vertex 42.172 32.172 66.000
    endloop
  endfacet
  facet normal 0 0 0
    outer loop
      vertex 42.172 32.172 30.000
      vertex 42.172 32.172 66.000
      vertex 43.000 31.536 66.000
    endloop
  endfacet
  facet normal 0 0 0
    outer loop
      vertex 42.172 32.172 30.000
      vertex 43.000 31.536 66.000
      vertex 43.000 31.536 30.000
    endloop
  endfacet
  facet normal 0 0 0
    outer loop
      vertex 45.000 35.000 30.000
      vertex 43.000 31.536 30.000
      vertex 42.172 32.172 30.000
    endloop
  endfacet
  facet normal 0 0 0
    outer loop
      vertex 45.000 35.000 66.000
      vertex 42.172 32.172 66.000
      vertex 43.000 31.536 66.000
    endloop
  endfacet
  facet normal 0 0 0
    outer loop
      vertex 43.000 31.536 30.000
      vertex 43.000 31.536 66.000
      vertex 43.965 31.136 66.000
    endloop
  endfacet
  facet normal 0 0 0
    outer loop
      vertex 43.000 31.536 30.000
      vertex 43.965 31.136 66.000
      vertex 43.965 31.136 30.000
    endloop
  endfacet
  facet normal 0 0 0
    outer loop
      vertex 45.000 35.000 30.000
      vertex 43.965 31.136 30.000
      vertex 43.000 31.536 30.000
    endloop
  endfacet
  facet normal 0 0 0
    outer loop
      vertex 45.000 35.000 66.000
      vertex 43.000 31.536 66.000
      vertex 43.965 31.136 66.000
    endloop
  endfacet
  facet normal 0 0 0
    outer loop
      vertex 43.965 31.136 30.000
      vertex 43.965 31.136 66.000
      vertex 45.000 31.000 66.000
    endloop
  endfacet
  facet normal 0 0 0
    outer loop
      vertex 43.965 31.136 30.000
      vertex 45.000 31.000 66.000
      vertex 45.000 31.000 30.000
    endloop
  endfacet
  facet normal 0 0 0
    outer loop
      vertex 45.000 35.000 30.000
      vertex 45.000 31.000 30.000
      vertex 43.965 31.136 30.000
    endloop
  endfacet
  facet normal 0 0 0
    outer loop
      vertex 45.000 35.000 66.000
      vertex 43.965 31.136 66.000
      vertex 45.000 31.000 66.000
    endloop
  endfacet
  facet normal 0 0 0
    outer loop
      vertex 45.000 31.000 30.000
      vertex 45.000 31.000 66.000
      vertex 46.035 31.136 66.000
    endloop
  endfacet
  facet normal 0 0 0
    outer loop
      vertex 45.000 31.000 30.000
      vertex 46.035 31.136 66.000
      vertex 46.035 31.136 30.000
    endloop
  endfacet
  facet normal 0 0 0
    outer loop
      vertex 45.000 35.000 30.000
      vertex 46.035 31.136 30.000
      vertex 45.000 31.000 30.000
    endloop
  endfacet
  facet normal 0 0 0
    outer loop
      vertex 45.000 35.000 66.000
      vertex 45.000 31.000 66.000
      vertex 46.035 31.136 66.000
    endloop
  endfacet
  facet normal 0 0 0
    outer loop
      vertex 46.035 31.136 30.000
      vertex 46.035 31.136 66.000
      vertex 47.000 31.536 66.000
    endloop
  endfacet
  facet normal 0 0 0
    outer loop
      vertex 46.035 31.136 30.000
      vertex 47.000 31.536 66.000
      vertex 47.000 31.536 30.000
    endloop
  endfacet
  facet normal 0 0 0
    outer loop
      vertex 45.000 35.000 30.000
      vertex 47.000 31.536 30.000
      vertex 46.035 31.136 30.000
    endloop
  endfacet
  facet normal 0 0 0
    outer loop
      vertex 45.000 35.000 66.000
      vertex 46.035 31.136 66.000
      vertex 47.000 31.536 66.000
    endloop
  endfacet
  facet normal 0 0 0
    outer loop
      vertex 47.000 31.536 30.000
      vertex 47.000 31.536 66.000
      vertex 47.828 32.172 66.000
    endloop
  endfacet
  facet normal 0 0 0
    outer loop
      vertex 47.000 31.536 30.000
      vertex 47.828 32.172 66.000
      vertex 47.828 32.172 30.000
    endloop
  endfacet
  facet normal 0 0 0
    outer loop
      vertex 45.000 35.000 30.000
      vertex 47.828 32.172 30.000
      vertex 47.000 31.536 30.000
    endloop
  endfacet
  facet normal 0 0 0
    outer loop
      vertex 45.000 35.000 66.000
      vertex 47.000 31.536 66.000
      vertex 47.828 32.172 66.000
    endloop
  endfacet
  facet normal 0 0 0
    outer loop
      vertex 47.828 32.172 30.000
      vertex 47.828 32.172 66.000
      vertex 48.464 33.000 66.000
    endloop
  endfacet
  facet normal 0 0 0
    outer loop
      vertex 47.828 32.172 30.000
      vertex 48.464 33.000 66.000
      vertex 48.464 33.000 30.000
    endloop
  endfacet
  facet normal 0 0 0
    outer loop
      vertex 45.000 35.000 30.000
      vertex 48.464 33.000 30.000
      vertex 47.828 32.172 30.000
    endloop
  endfacet
  facet normal 0 0 0
    outer loop
      vertex 45.000 35.000 66.000
      vertex 47.828 32.172 66.000
      vertex 48.464 33.000 66.000
    endloop
  endfacet
  facet normal 0 0 0
    outer loop
      vertex 48.464 33.000 30.000
      vertex 48.464 33.000 66.000
      vertex 48.864 33.965 66.000
    endloop
  endfacet
  facet normal 0 0 0
    outer loop
      vertex 48.464 33.000 30.000
      vertex 48.864 33.965 66.000
      vertex 48.864 33.965 30.000
    endloop
  endfacet
  facet normal 0 0 0
    outer loop
      vertex 45.000 35.000 30.000
      vertex 48.864 33.965 30.000
      vertex 48.464 33.000 30.000
    endloop
  endfacet
  facet normal 0 0 0
    outer loop
      vertex 45.000 35.000 66.000
      vertex 48.464 33.000 66.000
      vertex 48.864 33.965 66.000
    endloop
  endfacet
  facet normal 0 0 0
    outer loop
      vertex 48.864 33.965 30.000
      vertex 48.864 33.965 66.000
      vertex 49.000 35.000 66.000
    endloop
  endfacet
  facet normal 0 0 0
    outer loop
      vertex 48.864 33.965 30.000
      vertex 49.000 35.000 66.000
      vertex 49.000 35.000 30.000
    endloop
  endfacet
  facet normal 0 0 0
    outer loop
      vertex 45.000 35.000 30.000
      vertex 49.000 35.000 30.000
      vertex 48.864 33.965 30.000
    endloop
  endfacet
  facet normal 0 0 0
    outer loop
      vertex 45.000 35.000 66.000
      vertex 48.864 33.965 66.000
      vertex 49.000 35.000 66.000
    endloop
  endfacet
  // espacador_eletronica_15_20
  facet normal 0 0 0
    outer loop
      vertex 18.000 20.000 10.000
      vertex 18.000 20.000 22.000
      vertex 17.898 20.776 22.000
    endloop
  endfacet
  facet normal 0 0 0
    outer loop
      vertex 18.000 20.000 10.000
      vertex 17.898 20.776 22.000
      vertex 17.898 20.776 10.000
    endloop
  endfacet
  facet normal 0 0 0
    outer loop
      vertex 15.000 20.000 10.000
      vertex 17.898 20.776 10.000
      vertex 18.000 20.000 10.000
    endloop
  endfacet
  facet normal 0 0 0
    outer loop
      vertex 15.000 20.000 22.000
      vertex 18.000 20.000 22.000
      vertex 17.898 20.776 22.000
    endloop
  endfacet
  facet normal 0 0 0
    outer loop
      vertex 17.898 20.776 10.000
      vertex 17.898 20.776 22.000
      vertex 17.598 21.500 22.000
    endloop
  endfacet
  facet normal 0 0 0
    outer loop
      vertex 17.898 20.776 10.000
      vertex 17.598 21.500 22.000
      vertex 17.598 21.500 10.000
    endloop
  endfacet
  facet normal 0 0 0
    outer loop
      vertex 15.000 20.000 10.000
      vertex 17.598 21.500 10.000
      vertex 17.898 20.776 10.000
    endloop
  endfacet
  facet normal 0 0 0
    outer loop
      vertex 15.000 20.000 22.000
      vertex 17.898 20.776 22.000
      vertex 17.598 21.500 22.000
    endloop
  endfacet
  facet normal 0 0 0
    outer loop
      vertex 17.598 21.500 10.000
      vertex 17.598 21.500 22.000
      vertex 17.121 22.121 22.000
    endloop
  endfacet
  facet normal 0 0 0
    outer loop
      vertex 17.598 21.500 10.000
      vertex 17.121 22.121 22.000
      vertex 17.121 22.121 10.000
    endloop
  endfacet
  facet normal 0 0 0
    outer loop
      vertex 15.000 20.000 10.000
      vertex 17.121 22.121 10.000
      vertex 17.598 21.500 10.000
    endloop
  endfacet
  facet normal 0 0 0
    outer loop
      vertex 15.000 20.000 22.000
      vertex 17.598 21.500 22.000
      vertex 17.121 22.121 22.000
    endloop
  endfacet
  facet normal 0 0 0
    outer loop
      vertex 17.121 22.121 10.000
      vertex 17.121 22.121 22.000
      vertex 16.500 22.598 22.000
    endloop
  endfacet
  facet normal 0 0 0
    outer loop
      vertex 17.121 22.121 10.000
      vertex 16.500 22.598 22.000
      vertex 16.500 22.598 10.000
    endloop
  endfacet
  facet normal 0 0 0
    outer loop
      vertex 15.000 20.000 10.000
      vertex 16.500 22.598 10.000
      vertex 17.121 22.121 10.000
    endloop
  endfacet
  facet normal 0 0 0
    outer loop
      vertex 15.000 20.000 22.000
      vertex 17.121 22.121 22.000
      vertex 16.500 22.598 22.000
    endloop
  endfacet
  facet normal 0 0 0
    outer loop
      vertex 16.500 22.598 10.000
      vertex 16.500 22.598 22.000
      vertex 15.776 22.898 22.000
    endloop
  endfacet
  facet normal 0 0 0
    outer loop
      vertex 16.500 22.598 10.000
      vertex 15.776 22.898 22.000
      vertex 15.776 22.898 10.000
    endloop
  endfacet
  facet normal 0 0 0
    outer loop
      vertex 15.000 20.000 10.000
      vertex 15.776 22.898 10.000
      vertex 16.500 22.598 10.000
    endloop
  endfacet
  facet normal 0 0 0
    outer loop
      vertex 15.000 20.000 22.000
      vertex 16.500 22.598 22.000
      vertex 15.776 22.898 22.000
    endloop
  endfacet
  facet normal 0 0 0
    outer loop
      vertex 15.776 22.898 10.000
      vertex 15.776 22.898 22.000
      vertex 15.000 23.000 22.000
    endloop
  endfacet
  facet normal 0 0 0
    outer loop
      vertex 15.776 22.898 10.000
      vertex 15.000 23.000 22.000
      vertex 15.000 23.000 10.000
    endloop
  endfacet
  facet normal 0 0 0
    outer loop
      vertex 15.000 20.000 10.000
      vertex 15.000 23.000 10.000
      vertex 15.776 22.898 10.000
    endloop
  endfacet
  facet normal 0 0 0
    outer loop
      vertex 15.000 20.000 22.000
      vertex 15.776 22.898 22.000
      vertex 15.000 23.000 22.000
    endloop
  endfacet
  facet normal 0 0 0
    outer loop
      vertex 15.000 23.000 10.000
      vertex 15.000 23.000 22.000
      vertex 14.224 22.898 22.000
    endloop
  endfacet
  facet normal 0 0 0
    outer loop
      vertex 15.000 23.000 10.000
      vertex 14.224 22.898 22.000
      vertex 14.224 22.898 10.000
    endloop
  endfacet
  facet normal 0 0 0
    outer loop
      vertex 15.000 20.000 10.000
      vertex 14.224 22.898 10.000
      vertex 15.000 23.000 10.000
    endloop
  endfacet
  facet normal 0 0 0
    outer loop
      vertex 15.000 20.000 22.000
      vertex 15.000 23.000 22.000
      vertex 14.224 22.898 22.000
    endloop
  endfacet
  facet normal 0 0 0
    outer loop
      vertex 14.224 22.898 10.000
      vertex 14.224 22.898 22.000
      vertex 13.500 22.598 22.000
    endloop
  endfacet
  facet normal 0 0 0
    outer loop
      vertex 14.224 22.898 10.000
      vertex 13.500 22.598 22.000
      vertex 13.500 22.598 10.000
    endloop
  endfacet
  facet normal 0 0 0
    outer loop
      vertex 15.000 20.000 10.000
      vertex 13.500 22.598 10.000
      vertex 14.224 22.898 10.000
    endloop
  endfacet
  facet normal 0 0 0
    outer loop
      vertex 15.000 20.000 22.000
      vertex 14.224 22.898 22.000
      vertex 13.500 22.598 22.000
    endloop
  endfacet
  facet normal 0 0 0
    outer loop
      vertex 13.500 22.598 10.000
      vertex 13.500 22.598 22.000
      vertex 12.879 22.121 22.000
    endloop
  endfacet
  facet normal 0 0 0
    outer loop
      vertex 13.500 22.598 10.000
      vertex 12.879 22.121 22.000
      vertex 12.879 22.121 10.000
    endloop
  endfacet
  facet normal 0 0 0
    outer loop
      vertex 15.000 20.000 10.000
      vertex 12.879 22.121 10.000
      vertex 13.500 22.598 10.000
    endloop
  endfacet
  facet normal 0 0 0
    outer loop
      vertex 15.000 20.000 22.000
      vertex 13.500 22.598 22.000
      vertex 12.879 22.121 22.000
    endloop
  endfacet
  facet normal 0 0 0
    outer loop
      vertex 12.879 22.121 10.000
      vertex 12.879 22.121 22.000
      vertex 12.402 21.500 22.000
    endloop
  endfacet
  facet normal 0 0 0
    outer loop
      vertex 12.879 22.121 10.000
      vertex 12.402 21.500 22.000
      vertex 12.402 21.500 10.000
    endloop
  endfacet
  facet normal 0 0 0
    outer loop
      vertex 15.000 20.000 10.000
      vertex 12.402 21.500 10.000
      vertex 12.879 22.121 10.000
    endloop
  endfacet
  facet normal 0 0 0
    outer loop
      vertex 15.000 20.000 22.000
      vertex 12.879 22.121 22.000
      vertex 12.402 21.500 22.000
    endloop
  endfacet
  facet normal 0 0 0
    outer loop
      vertex 12.402 21.500 10.000
      vertex 12.402 21.500 22.000
      vertex 12.102 20.776 22.000
    endloop
  endfacet
  facet normal 0 0 0
    outer loop
      vertex 12.402 21.500 10.000
      vertex 12.102 20.776 22.000
      vertex 12.102 20.776 10.000
    endloop
  endfacet
  facet normal 0 0 0
    outer loop
      vertex 15.000 20.000 10.000
      vertex 12.102 20.776 10.000
      vertex 12.402 21.500 10.000
    endloop
  endfacet
  facet normal 0 0 0
    outer loop
      vertex 15.000 20.000 22.000
      vertex 12.402 21.500 22.000
      vertex 12.102 20.776 22.000
    endloop
  endfacet
  facet normal 0 0 0
    outer loop
      vertex 12.102 20.776 10.000
      vertex 12.102 20.776 22.000
      vertex 12.000 20.000 22.000
    endloop
  endfacet
  facet normal 0 0 0
    outer loop
      vertex 12.102 20.776 10.000
      vertex 12.000 20.000 22.000
      vertex 12.000 20.000 10.000
    endloop
  endfacet
  facet normal 0 0 0
    outer loop
      vertex 15.000 20.000 10.000
      vertex 12.000 20.000 10.000
      vertex 12.102 20.776 10.000
    endloop
  endfacet
  facet normal 0 0 0
    outer loop
      vertex 15.000 20.000 22.000
      vertex 12.102 20.776 22.000
      vertex 12.000 20.000 22.000
    endloop
  endfacet
  facet normal 0 0 0
    outer loop
      vertex 12.000 20.000 10.000
      vertex 12.000 20.000 22.000
      vertex 12.102 19.224 22.000
    endloop
  endfacet
  facet normal 0 0 0
    outer loop
      vertex 12.000 20.000 10.000
      vertex 12.102 19.224 22.000
      vertex 12.102 19.224 10.000
    endloop
  endfacet
  facet normal 0 0 0
    outer loop
      vertex 15.000 20.000 10.000
      vertex 12.102 19.224 10.000
      vertex 12.000 20.000 10.000
    endloop
  endfacet
  facet normal 0 0 0
    outer loop
      vertex 15.000 20.000 22.000
      vertex 12.000 20.000 22.000
      vertex 12.102 19.224 22.000
    endloop
  endfacet
  facet normal 0 0 0
    outer loop
      vertex 12.102 19.224 10.000
      vertex 12.102 19.224 22.000
      vertex 12.402 18.500 22.000
    endloop
  endfacet
  facet normal 0 0 0
    outer loop
      vertex 12.102 19.224 10.000
      vertex 12.402 18.500 22.000
      vertex 12.402 18.500 10.000
    endloop
  endfacet
  facet normal 0 0 0
    outer loop
      vertex 15.000 20.000 10.000
      vertex 12.402 18.500 10.000
      vertex 12.102 19.224 10.000
    endloop
  endfacet
  facet normal 0 0 0
    outer loop
      vertex 15.000 20.000 22.000
      vertex 12.102 19.224 22.000
      vertex 12.402 18.500 22.000
    endloop
  endfacet
  facet normal 0 0 0
    outer loop
      vertex 12.402 18.500 10.000
      vertex 12.402 18.500 22.000
      vertex 12.879 17.879 22.000
    endloop
  endfacet
  facet normal 0 0 0
    outer loop
      vertex 12.402 18.500 10.000
      vertex 12.879 17.879 22.000
      vertex 12.879 17.879 10.000
    endloop
  endfacet
  facet normal 0 0 0
    outer loop
      vertex 15.000 20.000 10.000
      vertex 12.879 17.879 10.000
      vertex 12.402 18.500 10.000
    endloop
  endfacet
  facet normal 0 0 0
    outer loop
      vertex 15.000 20.000 22.000
      vertex 12.402 18.500 22.000
      vertex 12.879 17.879 22.000
    endloop
  endfacet
  facet normal 0 0 0
    outer loop
      vertex 12.879 17.879 10.000
      vertex 12.879 17.879 22.000
      vertex 13.500 17.402 22.000
    endloop
  endfacet
  facet normal 0 0 0
    outer loop
      vertex 12.879 17.879 10.000
      vertex 13.500 17.402 22.000
      vertex 13.500 17.402 10.000
    endloop
  endfacet
  facet normal 0 0 0
    outer loop
      vertex 15.000 20.000 10.000
      vertex 13.500 17.402 10.000
      vertex 12.879 17.879 10.000
    endloop
  endfacet
  facet normal 0 0 0
    outer loop
      vertex 15.000 20.000 22.000
      vertex 12.879 17.879 22.000
      vertex 13.500 17.402 22.000
    endloop
  endfacet
  facet normal 0 0 0
    outer loop
      vertex 13.500 17.402 10.000
      vertex 13.500 17.402 22.000
      vertex 14.224 17.102 22.000
    endloop
  endfacet
  facet normal 0 0 0
    outer loop
      vertex 13.500 17.402 10.000
      vertex 14.224 17.102 22.000
      vertex 14.224 17.102 10.000
    endloop
  endfacet
  facet normal 0 0 0
    outer loop
      vertex 15.000 20.000 10.000
      vertex 14.224 17.102 10.000
      vertex 13.500 17.402 10.000
    endloop
  endfacet
  facet normal 0 0 0
    outer loop
      vertex 15.000 20.000 22.000
      vertex 13.500 17.402 22.000
      vertex 14.224 17.102 22.000
    endloop
  endfacet
  facet normal 0 0 0
    outer loop
      vertex 14.224 17.102 10.000
      vertex 14.224 17.102 22.000
      vertex 15.000 17.000 22.000
    endloop
  endfacet
  facet normal 0 0 0
    outer loop
      vertex 14.224 17.102 10.000
      vertex 15.000 17.000 22.000
      vertex 15.000 17.000 10.000
    endloop
  endfacet
  facet normal 0 0 0
    outer loop
      vertex 15.000 20.000 10.000
      vertex 15.000 17.000 10.000
      vertex 14.224 17.102 10.000
    endloop
  endfacet
  facet normal 0 0 0
    outer loop
      vertex 15.000 20.000 22.000
      vertex 14.224 17.102 22.000
      vertex 15.000 17.000 22.000
    endloop
  endfacet
  facet normal 0 0 0
    outer loop
      vertex 15.000 17.000 10.000
      vertex 15.000 17.000 22.000
      vertex 15.776 17.102 22.000
    endloop
  endfacet
  facet normal 0 0 0
    outer loop
      vertex 15.000 17.000 10.000
      vertex 15.776 17.102 22.000
      vertex 15.776 17.102 10.000
    endloop
  endfacet
  facet normal 0 0 0
    outer loop
      vertex 15.000 20.000 10.000
      vertex 15.776 17.102 10.000
      vertex 15.000 17.000 10.000
    endloop
  endfacet
  facet normal 0 0 0
    outer loop
      vertex 15.000 20.000 22.000
      vertex 15.000 17.000 22.000
      vertex 15.776 17.102 22.000
    endloop
  endfacet
  facet normal 0 0 0
    outer loop
      vertex 15.776 17.102 10.000
      vertex 15.776 17.102 22.000
      vertex 16.500 17.402 22.000
    endloop
  endfacet
  facet normal 0 0 0
    outer loop
      vertex 15.776 17.102 10.000
      vertex 16.500 17.402 22.000
      vertex 16.500 17.402 10.000
    endloop
  endfacet
  facet normal 0 0 0
    outer loop
      vertex 15.000 20.000 10.000
      vertex 16.500 17.402 10.000
      vertex 15.776 17.102 10.000
    endloop
  endfacet
  facet normal 0 0 0
    outer loop
      vertex 15.000 20.000 22.000
      vertex 15.776 17.102 22.000
      vertex 16.500 17.402 22.000
    endloop
  endfacet
  facet normal 0 0 0
    outer loop
      vertex 16.500 17.402 10.000
      vertex 16.500 17.402 22.000
      vertex 17.121 17.879 22.000
    endloop
  endfacet
  facet normal 0 0 0
    outer loop
      vertex 16.500 17.402 10.000
      vertex 17.121 17.879 22.000
      vertex 17.121 17.879 10.000
    endloop
  endfacet
  facet normal 0 0 0
    outer loop
      vertex 15.000 20.000 10.000
      vertex 17.121 17.879 10.000
      vertex 16.500 17.402 10.000
    endloop
  endfacet
  facet normal 0 0 0
    outer loop
      vertex 15.000 20.000 22.000
      vertex 16.500 17.402 22.000
      vertex 17.121 17.879 22.000
    endloop
  endfacet
  facet normal 0 0 0
    outer loop
      vertex 17.121 17.879 10.000
      vertex 17.121 17.879 22.000
      vertex 17.598 18.500 22.000
    endloop
  endfacet
  facet normal 0 0 0
    outer loop
      vertex 17.121 17.879 10.000
      vertex 17.598 18.500 22.000
      vertex 17.598 18.500 10.000
    endloop
  endfacet
  facet normal 0 0 0
    outer loop
      vertex 15.000 20.000 10.000
      vertex 17.598 18.500 10.000
      vertex 17.121 17.879 10.000
    endloop
  endfacet
  facet normal 0 0 0
    outer loop
      vertex 15.000 20.000 22.000
      vertex 17.121 17.879 22.000
      vertex 17.598 18.500 22.000
    endloop
  endfacet
  facet normal 0 0 0
    outer loop
      vertex 17.598 18.500 10.000
      vertex 17.598 18.500 22.000
      vertex 17.898 19.224 22.000
    endloop
  endfacet
  facet normal 0 0 0
    outer loop
      vertex 17.598 18.500 10.000
      vertex 17.898 19.224 22.000
      vertex 17.898 19.224 10.000
    endloop
  endfacet
  facet normal 0 0 0
    outer loop
      vertex 15.000 20.000 10.000
      vertex 17.898 19.224 10.000
      vertex 17.598 18.500 10.000
    endloop
  endfacet
  facet normal 0 0 0
    outer loop
      vertex 15.000 20.000 22.000
      vertex 17.598 18.500 22.000
      vertex 17.898 19.224 22.000
    endloop
  endfacet
  facet normal 0 0 0
    outer loop
      vertex 17.898 19.224 10.000
      vertex 17.898 19.224 22.000
      vertex 18.000 20.000 22.000
    endloop
  endfacet
  facet normal 0 0 0
    outer loop
      vertex 17.898 19.224 10.000
      vertex 18.000 20.000 22.000
      vertex 18.000 20.000 10.000
    endloop
  endfacet
  facet normal 0 0 0
    outer loop
      vertex 15.000 20.000 10.000
      vertex 18.000 20.000 10.000
      vertex 17.898 19.224 10.000
    endloop
  endfacet
  facet normal 0 0 0
    outer loop
      vertex 15.000 20.000 22.000
      vertex 17.898 19.224 22.000
      vertex 18.000 20.000 22.000
    endloop
  endfacet
  // espacador_eletronica_15_70
  facet normal 0 0 0
    outer loop
      vertex 18.000 70.000 10.000
      vertex 18.000 70.000 22.000
      vertex 17.898 70.776 22.000
    endloop
  endfacet
  facet normal 0 0 0
    outer loop
      vertex 18.000 70.000 10.000
      vertex 17.898 70.776 22.000
      vertex 17.898 70.776 10.000
    endloop
  endfacet
  facet normal 0 0 0
    outer loop
      vertex 15.000 70.000 10.000
      vertex 17.898 70.776 10.000
      vertex 18.000 70.000 10.000
    endloop
  endfacet
  facet normal 0 0 0
    outer loop
      vertex 15.000 70.000 22.000
      vertex 18.000 70.000 22.000
      vertex 17.898 70.776 22.000
    endloop
  endfacet
  facet normal 0 0 0
    outer loop
      vertex 17.898 70.776 10.000
      vertex 17.898 70.776 22.000
      vertex 17.598 71.500 22.000
    endloop
  endfacet
  facet normal 0 0 0
    outer loop
      vertex 17.898 70.776 10.000
      vertex 17.598 71.500 22.000
      vertex 17.598 71.500 10.000
    endloop
  endfacet
  facet normal 0 0 0
    outer loop
      vertex 15.000 70.000 10.000
      vertex 17.598 71.500 10.000
      vertex 17.898 70.776 10.000
    endloop
  endfacet
  facet normal 0 0 0
    outer loop
      vertex 15.000 70.000 22.000
      vertex 17.898 70.776 22.000
      vertex 17.598 71.500 22.000
    endloop
  endfacet
  facet normal 0 0 0
    outer loop
      vertex 17.598 71.500 10.000
      vertex 17.598 71.500 22.000
      vertex 17.121 72.121 22.000
    endloop
  endfacet
  facet normal 0 0 0
    outer loop
      vertex 17.598 71.500 10.000
      vertex 17.121 72.121 22.000
      vertex 17.121 72.121 10.000
    endloop
  endfacet
  facet normal 0 0 0
    outer loop
      vertex 15.000 70.000 10.000
      vertex 17.121 72.121 10.000
      vertex 17.598 71.500 10.000
    endloop
  endfacet
  facet normal 0 0 0
    outer loop
      vertex 15.000 70.000 22.000
      vertex 17.598 71.500 22.000
      vertex 17.121 72.121 22.000
    endloop
  endfacet
  facet normal 0 0 0
    outer loop
      vertex 17.121 72.121 10.000
      vertex 17.121 72.121 22.000
      vertex 16.500 72.598 22.000
    endloop
  endfacet
  facet normal 0 0 0
    outer loop
      vertex 17.121 72.121 10.000
      vertex 16.500 72.598 22.000
      vertex 16.500 72.598 10.000
    endloop
  endfacet
  facet normal 0 0 0
    outer loop
      vertex 15.000 70.000 10.000
      vertex 16.500 72.598 10.000
      vertex 17.121 72.121 10.000
    endloop
  endfacet
  facet normal 0 0 0
    outer loop
      vertex 15.000 70.000 22.000
      vertex 17.121 72.121 22.000
      vertex 16.500 72.598 22.000
    endloop
  endfacet
  facet normal 0 0 0
    outer loop
      vertex 16.500 72.598 10.000
      vertex 16.500 72.598 22.000
      vertex 15.776 72.898 22.000
    endloop
  endfacet
  facet normal 0 0 0
    outer loop
      vertex 16.500 72.598 10.000
      vertex 15.776 72.898 22.000
      vertex 15.776 72.898 10.000
    endloop
  endfacet
  facet normal 0 0 0
    outer loop
      vertex 15.000 70.000 10.000
      vertex 15.776 72.898 10.000
      vertex 16.500 72.598 10.000
    endloop
  endfacet
  facet normal 0 0 0
    outer loop
      vertex 15.000 70.000 22.000
      vertex 16.500 72.598 22.000
      vertex 15.776 72.898 22.000
    endloop
  endfacet
  facet normal 0 0 0
    outer loop
      vertex 15.776 72.898 10.000
      vertex 15.776 72.898 22.000
      vertex 15.000 73.000 22.000
    endloop
  endfacet
  facet normal 0 0 0
    outer loop
      vertex 15.776 72.898 10.000
      vertex 15.000 73.000 22.000
      vertex 15.000 73.000 10.000
    endloop
  endfacet
  facet normal 0 0 0
    outer loop
      vertex 15.000 70.000 10.000
      vertex 15.000 73.000 10.000
      vertex 15.776 72.898 10.000
    endloop
  endfacet
  facet normal 0 0 0
    outer loop
      vertex 15.000 70.000 22.000
      vertex 15.776 72.898 22.000
      vertex 15.000 73.000 22.000
    endloop
  endfacet
  facet normal 0 0 0
    outer loop
      vertex 15.000 73.000 10.000
      vertex 15.000 73.000 22.000
      vertex 14.224 72.898 22.000
    endloop
  endfacet
  facet normal 0 0 0
    outer loop
      vertex 15.000 73.000 10.000
      vertex 14.224 72.898 22.000
      vertex 14.224 72.898 10.000
    endloop
  endfacet
  facet normal 0 0 0
    outer loop
      vertex 15.000 70.000 10.000
      vertex 14.224 72.898 10.000
      vertex 15.000 73.000 10.000
    endloop
  endfacet
  facet normal 0 0 0
    outer loop
      vertex 15.000 70.000 22.000
      vertex 15.000 73.000 22.000
      vertex 14.224 72.898 22.000
    endloop
  endfacet
  facet normal 0 0 0
    outer loop
      vertex 14.224 72.898 10.000
      vertex 14.224 72.898 22.000
      vertex 13.500 72.598 22.000
    endloop
  endfacet
  facet normal 0 0 0
    outer loop
      vertex 14.224 72.898 10.000
      vertex 13.500 72.598 22.000
      vertex 13.500 72.598 10.000
    endloop
  endfacet
  facet normal 0 0 0
    outer loop
      vertex 15.000 70.000 10.000
      vertex 13.500 72.598 10.000
      vertex 14.224 72.898 10.000
    endloop
  endfacet
  facet normal 0 0 0
    outer loop
      vertex 15.000 70.000 22.000
      vertex 14.224 72.898 22.000
      vertex 13.500 72.598 22.000
    endloop
  endfacet
  facet normal 0 0 0
    outer loop
      vertex 13.500 72.598 10.000
      vertex 13.500 72.598 22.000
      vertex 12.879 72.121 22.000
    endloop
  endfacet
  facet normal 0 0 0
    outer loop
      vertex 13.500 72.598 10.000
      vertex 12.879 72.121 22.000
      vertex 12.879 72.121 10.000
    endloop
  endfacet
  facet normal 0 0 0
    outer loop
      vertex 15.000 70.000 10.000
      vertex 12.879 72.121 10.000
      vertex 13.500 72.598 10.000
    endloop
  endfacet
  facet normal 0 0 0
    outer loop
      vertex 15.000 70.000 22.000
      vertex 13.500 72.598 22.000
      vertex 12.879 72.121 22.000
    endloop
  endfacet
  facet normal 0 0 0
    outer loop
      vertex 12.879 72.121 10.000
      vertex 12.879 72.121 22.000
      vertex 12.402 71.500 22.000
    endloop
  endfacet
  facet normal 0 0 0
    outer loop
      vertex 12.879 72.121 10.000
      vertex 12.402 71.500 22.000
      vertex 12.402 71.500 10.000
    endloop
  endfacet
  facet normal 0 0 0
    outer loop
      vertex 15.000 70.000 10.000
      vertex 12.402 71.500 10.000
      vertex 12.879 72.121 10.000
    endloop
  endfacet
  facet normal 0 0 0
    outer loop
      vertex 15.000 70.000 22.000
      vertex 12.879 72.121 22.000
      vertex 12.402 71.500 22.000
    endloop
  endfacet
  facet normal 0 0 0
    outer loop
      vertex 12.402 71.500 10.000
      vertex 12.402 71.500 22.000
      vertex 12.102 70.776 22.000
    endloop
  endfacet
  facet normal 0 0 0
    outer loop
      vertex 12.402 71.500 10.000
      vertex 12.102 70.776 22.000
      vertex 12.102 70.776 10.000
    endloop
  endfacet
  facet normal 0 0 0
    outer loop
      vertex 15.000 70.000 10.000
      vertex 12.102 70.776 10.000
      vertex 12.402 71.500 10.000
    endloop
  endfacet
  facet normal 0 0 0
    outer loop
      vertex 15.000 70.000 22.000
      vertex 12.402 71.500 22.000
      vertex 12.102 70.776 22.000
    endloop
  endfacet
  facet normal 0 0 0
    outer loop
      vertex 12.102 70.776 10.000
      vertex 12.102 70.776 22.000
      vertex 12.000 70.000 22.000
    endloop
  endfacet
  facet normal 0 0 0
    outer loop
      vertex 12.102 70.776 10.000
      vertex 12.000 70.000 22.000
      vertex 12.000 70.000 10.000
    endloop
  endfacet
  facet normal 0 0 0
    outer loop
      vertex 15.000 70.000 10.000
      vertex 12.000 70.000 10.000
      vertex 12.102 70.776 10.000
    endloop
  endfacet
  facet normal 0 0 0
    outer loop
      vertex 15.000 70.000 22.000
      vertex 12.102 70.776 22.000
      vertex 12.000 70.000 22.000
    endloop
  endfacet
  facet normal 0 0 0
    outer loop
      vertex 12.000 70.000 10.000
      vertex 12.000 70.000 22.000
      vertex 12.102 69.224 22.000
    endloop
  endfacet
  facet normal 0 0 0
    outer loop
      vertex 12.000 70.000 10.000
      vertex 12.102 69.224 22.000
      vertex 12.102 69.224 10.000
    endloop
  endfacet
  facet normal 0 0 0
    outer loop
      vertex 15.000 70.000 10.000
      vertex 12.102 69.224 10.000
      vertex 12.000 70.000 10.000
    endloop
  endfacet
  facet normal 0 0 0
    outer loop
      vertex 15.000 70.000 22.000
      vertex 12.000 70.000 22.000
      vertex 12.102 69.224 22.000
    endloop
  endfacet
  facet normal 0 0 0
    outer loop
      vertex 12.102 69.224 10.000
      vertex 12.102 69.224 22.000
      vertex 12.402 68.500 22.000
    endloop
  endfacet
  facet normal 0 0 0
    outer loop
      vertex 12.102 69.224 10.000
      vertex 12.402 68.500 22.000
      vertex 12.402 68.500 10.000
    endloop
  endfacet
  facet normal 0 0 0
    outer loop
      vertex 15.000 70.000 10.000
      vertex 12.402 68.500 10.000
      vertex 12.102 69.224 10.000
    endloop
  endfacet
  facet normal 0 0 0
    outer loop
      vertex 15.000 70.000 22.000
      vertex 12.102 69.224 22.000
      vertex 12.402 68.500 22.000
    endloop
  endfacet
  facet normal 0 0 0
    outer loop
      vertex 12.402 68.500 10.000
      vertex 12.402 68.500 22.000
      vertex 12.879 67.879 22.000
    endloop
  endfacet
  facet normal 0 0 0
    outer loop
      vertex 12.402 68.500 10.000
      vertex 12.879 67.879 22.000
      vertex 12.879 67.879 10.000
    endloop
  endfacet
  facet normal 0 0 0
    outer loop
      vertex 15.000 70.000 10.000
      vertex 12.879 67.879 10.000
      vertex 12.402 68.500 10.000
    endloop
  endfacet
  facet normal 0 0 0
    outer loop
      vertex 15.000 70.000 22.000
      vertex 12.402 68.500 22.000
      vertex 12.879 67.879 22.000
    endloop
  endfacet
  facet normal 0 0 0
    outer loop
      vertex 12.879 67.879 10.000
      vertex 12.879 67.879 22.000
      vertex 13.500 67.402 22.000
    endloop
  endfacet
  facet normal 0 0 0
    outer loop
      vertex 12.879 67.879 10.000
      vertex 13.500 67.402 22.000
      vertex 13.500 67.402 10.000
    endloop
  endfacet
  facet normal 0 0 0
    outer loop
      vertex 15.000 70.000 10.000
      vertex 13.500 67.402 10.000
      vertex 12.879 67.879 10.000
    endloop
  endfacet
  facet normal 0 0 0
    outer loop
      vertex 15.000 70.000 22.000
      vertex 12.879 67.879 22.000
      vertex 13.500 67.402 22.000
    endloop
  endfacet
  facet normal 0 0 0
    outer loop
      vertex 13.500 67.402 10.000
      vertex 13.500 67.402 22.000
      vertex 14.224 67.102 22.000
    endloop
  endfacet
  facet normal 0 0 0
    outer loop
      vertex 13.500 67.402 10.000
      vertex 14.224 67.102 22.000
      vertex 14.224 67.102 10.000
    endloop
  endfacet
  facet normal 0 0 0
    outer loop
      vertex 15.000 70.000 10.000
      vertex 14.224 67.102 10.000
      vertex 13.500 67.402 10.000
    endloop
  endfacet
  facet normal 0 0 0
    outer loop
      vertex 15.000 70.000 22.000
      vertex 13.500 67.402 22.000
      vertex 14.224 67.102 22.000
    endloop
  endfacet
  facet normal 0 0 0
    outer loop
      vertex 14.224 67.102 10.000
      vertex 14.224 67.102 22.000
      vertex 15.000 67.000 22.000
    endloop
  endfacet
  facet normal 0 0 0
    outer loop
      vertex 14.224 67.102 10.000
      vertex 15.000 67.000 22.000
      vertex 15.000 67.000 10.000
    endloop
  endfacet
  facet normal 0 0 0
    outer loop
      vertex 15.000 70.000 10.000
      vertex 15.000 67.000 10.000
      vertex 14.224 67.102 10.000
    endloop
  endfacet
  facet normal 0 0 0
    outer loop
      vertex 15.000 70.000 22.000
      vertex 14.224 67.102 22.000
      vertex 15.000 67.000 22.000
    endloop
  endfacet
  facet normal 0 0 0
    outer loop
      vertex 15.000 67.000 10.000
      vertex 15.000 67.000 22.000
      vertex 15.776 67.102 22.000
    endloop
  endfacet
  facet normal 0 0 0
    outer loop
      vertex 15.000 67.000 10.000
      vertex 15.776 67.102 22.000
      vertex 15.776 67.102 10.000
    endloop
  endfacet
  facet normal 0 0 0
    outer loop
      vertex 15.000 70.000 10.000
      vertex 15.776 67.102 10.000
      vertex 15.000 67.000 10.000
    endloop
  endfacet
  facet normal 0 0 0
    outer loop
      vertex 15.000 70.000 22.000
      vertex 15.000 67.000 22.000
      vertex 15.776 67.102 22.000
    endloop
  endfacet
  facet normal 0 0 0
    outer loop
      vertex 15.776 67.102 10.000
      vertex 15.776 67.102 22.000
      vertex 16.500 67.402 22.000
    endloop
  endfacet
  facet normal 0 0 0
    outer loop
      vertex 15.776 67.102 10.000
      vertex 16.500 67.402 22.000
      vertex 16.500 67.402 10.000
    endloop
  endfacet
  facet normal 0 0 0
    outer loop
      vertex 15.000 70.000 10.000
      vertex 16.500 67.402 10.000
      vertex 15.776 67.102 10.000
    endloop
  endfacet
  facet normal 0 0 0
    outer loop
      vertex 15.000 70.000 22.000
      vertex 15.776 67.102 22.000
      vertex 16.500 67.402 22.000
    endloop
  endfacet
  facet normal 0 0 0
    outer loop
      vertex 16.500 67.402 10.000
      vertex 16.500 67.402 22.000
      vertex 17.121 67.879 22.000
    endloop
  endfacet
  facet normal 0 0 0
    outer loop
      vertex 16.500 67.402 10.000
      vertex 17.121 67.879 22.000
      vertex 17.121 67.879 10.000
    endloop
  endfacet
  facet normal 0 0 0
    outer loop
      vertex 15.000 70.000 10.000
      vertex 17.121 67.879 10.000
      vertex 16.500 67.402 10.000
    endloop
  endfacet
  facet normal 0 0 0
    outer loop
      vertex 15.000 70.000 22.000
      vertex 16.500 67.402 22.000
      vertex 17.121 67.879 22.000
    endloop
  endfacet
  facet normal 0 0 0
    outer loop
      vertex 17.121 67.879 10.000
      vertex 17.121 67.879 22.000
      vertex 17.598 68.500 22.000
    endloop
  endfacet
  facet normal 0 0 0
    outer loop
      vertex 17.121 67.879 10.000
      vertex 17.598 68.500 22.000
      vertex 17.598 68.500 10.000
    endloop
  endfacet
  facet normal 0 0 0
    outer loop
      vertex 15.000 70.000 10.000
      vertex 17.598 68.500 10.000
      vertex 17.121 67.879 10.000
    endloop
  endfacet
  facet normal 0 0 0
    outer loop
      vertex 15.000 70.000 22.000
      vertex 17.121 67.879 22.000
      vertex 17.598 68.500 22.000
    endloop
  endfacet
  facet normal 0 0 0
    outer loop
      vertex 17.598 68.500 10.000
      vertex 17.598 68.500 22.000
      vertex 17.898 69.224 22.000
    endloop
  endfacet
  facet normal 0 0 0
    outer loop
      vertex 17.598 68.500 10.000
      vertex 17.898 69.224 22.000
      vertex 17.898 69.224 10.000
    endloop
  endfacet
  facet normal 0 0 0
    outer loop
      vertex 15.000 70.000 10.000
      vertex 17.898 69.224 10.000
      vertex 17.598 68.500 10.000
    endloop
  endfacet
  facet normal 0 0 0
    outer loop
      vertex 15.000 70.000 22.000
      vertex 17.598 68.500 22.000
      vertex 17.898 69.224 22.000
    endloop
  endfacet
  facet normal 0 0 0
    outer loop
      vertex 17.898 69.224 10.000
      vertex 17.898 69.224 22.000
      vertex 18.000 70.000 22.000
    endloop
  endfacet
  facet normal 0 0 0
    outer loop
      vertex 17.898 69.224 10.000
      vertex 18.000 70.000 22.000
      vertex 18.000 70.000 10.000
    endloop
  endfacet
  facet normal 0 0 0
    outer loop
      vertex 15.000 70.000 10.000
      vertex 18.000 70.000 10.000
      vertex 17.898 69.224 10.000
    endloop
  endfacet
  facet normal 0 0 0
    outer loop
      vertex 15.000 70.000 22.000
      vertex 17.898 69.224 22.000
      vertex 18.000 70.000 22.000
    endloop
  endfacet
  // espacador_eletronica_75_20
  facet normal 0 0 0
    outer loop
      vertex 78.000 20.000 10.000
      vertex 78.000 20.000 22.000
      vertex 77.898 20.776 22.000
    endloop
  endfacet
  facet normal 0 0 0
    outer loop
      vertex 78.000 20.000 10.000
      vertex 77.898 20.776 22.000
      vertex 77.898 20.776 10.000
    endloop
  endfacet
  facet normal 0 0 0
    outer loop
      vertex 75.000 20.000 10.000
      vertex 77.898 20.776 10.000
      vertex 78.000 20.000 10.000
    endloop
  endfacet
  facet normal 0 0 0
    outer loop
      vertex 75.000 20.000 22.000
      vertex 78.000 20.000 22.000
      vertex 77.898 20.776 22.000
    endloop
  endfacet
  facet normal 0 0 0
    outer loop
      vertex 77.898 20.776 10.000
      vertex 77.898 20.776 22.000
      vertex 77.598 21.500 22.000
    endloop
  endfacet
  facet normal 0 0 0
    outer loop
      vertex 77.898 20.776 10.000
      vertex 77.598 21.500 22.000
      vertex 77.598 21.500 10.000
    endloop
  endfacet
  facet normal 0 0 0
    outer loop
      vertex 75.000 20.000 10.000
      vertex 77.598 21.500 10.000
      vertex 77.898 20.776 10.000
    endloop
  endfacet
  facet normal 0 0 0
    outer loop
      vertex 75.000 20.000 22.000
      vertex 77.898 20.776 22.000
      vertex 77.598 21.500 22.000
    endloop
  endfacet
  facet normal 0 0 0
    outer loop
      vertex 77.598 21.500 10.000
      vertex 77.598 21.500 22.000
      vertex 77.121 22.121 22.000
    endloop
  endfacet
  facet normal 0 0 0
    outer loop
      vertex 77.598 21.500 10.000
      vertex 77.121 22.121 22.000
      vertex 77.121 22.121 10.000
    endloop
  endfacet
  facet normal 0 0 0
    outer loop
      vertex 75.000 20.000 10.000
      vertex 77.121 22.121 10.000
      vertex 77.598 21.500 10.000
    endloop
  endfacet
  facet normal 0 0 0
    outer loop
      vertex 75.000 20.000 22.000
      vertex 77.598 21.500 22.000
      vertex 77.121 22.121 22.000
    endloop
  endfacet
  facet normal 0 0 0
    outer loop
      vertex 77.121 22.121 10.000
      vertex 77.121 22.121 22.000
      vertex 76.500 22.598 22.000
    endloop
  endfacet
  facet normal 0 0 0
    outer loop
      vertex 77.121 22.121 10.000
      vertex 76.500 22.598 22.000
      vertex 76.500 22.598 10.000
    endloop
  endfacet
  facet normal 0 0 0
    outer loop
      vertex 75.000 20.000 10.000
      vertex 76.500 22.598 10.000
      vertex 77.121 22.121 10.000
    endloop
  endfacet
  facet normal 0 0 0
    outer loop
      vertex 75.000 20.000 22.000
      vertex 77.121 22.121 22.000
      vertex 76.500 22.598 22.000
    endloop
  endfacet
  facet normal 0 0 0
    outer loop
      vertex 76.500 22.598 10.000
      vertex 76.500 22.598 22.000
      vertex 75.776 22.898 22.000
    endloop
  endfacet
  facet normal 0 0 0
    outer loop
      vertex 76.500 22.598 10.000
      vertex 75.776 22.898 22.000
      vertex 75.776 22.898 10.000
    endloop
  endfacet
  facet normal 0 0 0
    outer loop
      vertex 75.000 20.000 10.000
      vertex 75.776 22.898 10.000
      vertex 76.500 22.598 10.000
    endloop
  endfacet
  facet normal 0 0 0
    outer loop
      vertex 75.000 20.000 22.000
      vertex 76.500 22.598 22.000
      vertex 75.776 22.898 22.000
    endloop
  endfacet
  facet normal 0 0 0
    outer loop
      vertex 75.776 22.898 10.000
      vertex 75.776 22.898 22.000
      vertex 75.000 23.000 22.000
    endloop
  endfacet
  facet normal 0 0 0
    outer loop
      vertex 75.776 22.898 10.000
      vertex 75.000 23.000 22.000
      vertex 75.000 23.000 10.000
    endloop
  endfacet
  facet normal 0 0 0
    outer loop
      vertex 75.000 20.000 10.000
      vertex 75.000 23.000 10.000
      vertex 75.776 22.898 10.000
    endloop
  endfacet
  facet normal 0 0 0
    outer loop
      vertex 75.000 20.000 22.000
      vertex 75.776 22.898 22.000
      vertex 75.000 23.000 22.000
    endloop
  endfacet
  facet normal 0 0 0
    outer loop
      vertex 75.000 23.000 10.000
      vertex 75.000 23.000 22.000
      vertex 74.224 22.898 22.000
    endloop
  endfacet
  facet normal 0 0 0
    outer loop
      vertex 75.000 23.000 10.000
      vertex 74.224 22.898 22.000
      vertex 74.224 22.898 10.000
    endloop
  endfacet
  facet normal 0 0 0
    outer loop
      vertex 75.000 20.000 10.000
      vertex 74.224 22.898 10.000
      vertex 75.000 23.000 10.000
    endloop
  endfacet
  facet normal 0 0 0
    outer loop
      vertex 75.000 20.000 22.000
      vertex 75.000 23.000 22.000
      vertex 74.224 22.898 22.000
    endloop
  endfacet
  facet normal 0 0 0
    outer loop
      vertex 74.224 22.898 10.000
      vertex 74.224 22.898 22.000
      vertex 73.500 22.598 22.000
    endloop
  endfacet
  facet normal 0 0 0
    outer loop
      vertex 74.224 22.898 10.000
      vertex 73.500 22.598 22.000
      vertex 73.500 22.598 10.000
    endloop
  endfacet
  facet normal 0 0 0
    outer loop
      vertex 75.000 20.000 10.000
      vertex 73.500 22.598 10.000
      vertex 74.224 22.898 10.000
    endloop
  endfacet
  facet normal 0 0 0
    outer loop
      vertex 75.000 20.000 22.000
      vertex 74.224 22.898 22.000
      vertex 73.500 22.598 22.000
    endloop
  endfacet
  facet normal 0 0 0
    outer loop
      vertex 73.500 22.598 10.000
      vertex 73.500 22.598 22.000
      vertex 72.879 22.121 22.000
    endloop
  endfacet
  facet normal 0 0 0
    outer loop
      vertex 73.500 22.598 10.000
      vertex 72.879 22.121 22.000
      vertex 72.879 22.121 10.000
    endloop
  endfacet
  facet normal 0 0 0
    outer loop
      vertex 75.000 20.000 10.000
      vertex 72.879 22.121 10.000
      vertex 73.500 22.598 10.000
    endloop
  endfacet
  facet normal 0 0 0
    outer loop
      vertex 75.000 20.000 22.000
      vertex 73.500 22.598 22.000
      vertex 72.879 22.121 22.000
    endloop
  endfacet
  facet normal 0 0 0
    outer loop
      vertex 72.879 22.121 10.000
      vertex 72.879 22.121 22.000
      vertex 72.402 21.500 22.000
    endloop
  endfacet
  facet normal 0 0 0
    outer loop
      vertex 72.879 22.121 10.000
      vertex 72.402 21.500 22.000
      vertex 72.402 21.500 10.000
    endloop
  endfacet
  facet normal 0 0 0
    outer loop
      vertex 75.000 20.000 10.000
      vertex 72.402 21.500 10.000
      vertex 72.879 22.121 10.000
    endloop
  endfacet
  facet normal 0 0 0
    outer loop
      vertex 75.000 20.000 22.000
      vertex 72.879 22.121 22.000
      vertex 72.402 21.500 22.000
    endloop
  endfacet
  facet normal 0 0 0
    outer loop
      vertex 72.402 21.500 10.000
      vertex 72.402 21.500 22.000
      vertex 72.102 20.776 22.000
    endloop
  endfacet
  facet normal 0 0 0
    outer loop
      vertex 72.402 21.500 10.000
      vertex 72.102 20.776 22.000
      vertex 72.102 20.776 10.000
    endloop
  endfacet
  facet normal 0 0 0
    outer loop
      vertex 75.000 20.000 10.000
      vertex 72.102 20.776 10.000
      vertex 72.402 21.500 10.000
    endloop
  endfacet
  facet normal 0 0 0
    outer loop
      vertex 75.000 20.000 22.000
      vertex 72.402 21.500 22.000
      vertex 72.102 20.776 22.000
    endloop
  endfacet
  facet normal 0 0 0
    outer loop
      vertex 72.102 20.776 10.000
      vertex 72.102 20.776 22.000
      vertex 72.000 20.000 22.000
    endloop
  endfacet
  facet normal 0 0 0
    outer loop
      vertex 72.102 20.776 10.000
      vertex 72.000 20.000 22.000
      vertex 72.000 20.000 10.000
    endloop
  endfacet
  facet normal 0 0 0
    outer loop
      vertex 75.000 20.000 10.000
      vertex 72.000 20.000 10.000
      vertex 72.102 20.776 10.000
    endloop
  endfacet
  facet normal 0 0 0
    outer loop
      vertex 75.000 20.000 22.000
      vertex 72.102 20.776 22.000
      vertex 72.000 20.000 22.000
    endloop
  endfacet
  facet normal 0 0 0
    outer loop
      vertex 72.000 20.000 10.000
      vertex 72.000 20.000 22.000
      vertex 72.102 19.224 22.000
    endloop
  endfacet
  facet normal 0 0 0
    outer loop
      vertex 72.000 20.000 10.000
      vertex 72.102 19.224 22.000
      vertex 72.102 19.224 10.000
    endloop
  endfacet
  facet normal 0 0 0
    outer loop
      vertex 75.000 20.000 10.000
      vertex 72.102 19.224 10.000
      vertex 72.000 20.000 10.000
    endloop
  endfacet
  facet normal 0 0 0
    outer loop
      vertex 75.000 20.000 22.000
      vertex 72.000 20.000 22.000
      vertex 72.102 19.224 22.000
    endloop
  endfacet
  facet normal 0 0 0
    outer loop
      vertex 72.102 19.224 10.000
      vertex 72.102 19.224 22.000
      vertex 72.402 18.500 22.000
    endloop
  endfacet
  facet normal 0 0 0
    outer loop
      vertex 72.102 19.224 10.000
      vertex 72.402 18.500 22.000
      vertex 72.402 18.500 10.000
    endloop
  endfacet
  facet normal 0 0 0
    outer loop
      vertex 75.000 20.000 10.000
      vertex 72.402 18.500 10.000
      vertex 72.102 19.224 10.000
    endloop
  endfacet
  facet normal 0 0 0
    outer loop
      vertex 75.000 20.000 22.000
      vertex 72.102 19.224 22.000
      vertex 72.402 18.500 22.000
    endloop
  endfacet
  facet normal 0 0 0
    outer loop
      vertex 72.402 18.500 10.000
      vertex 72.402 18.500 22.000
      vertex 72.879 17.879 22.000
    endloop
  endfacet
  facet normal 0 0 0
    outer loop
      vertex 72.402 18.500 10.000
      vertex 72.879 17.879 22.000
      vertex 72.879 17.879 10.000
    endloop
  endfacet
  facet normal 0 0 0
    outer loop
      vertex 75.000 20.000 10.000
      vertex 72.879 17.879 10.000
      vertex 72.402 18.500 10.000
    endloop
  endfacet
  facet normal 0 0 0
    outer loop
      vertex 75.000 20.000 22.000
      vertex 72.402 18.500 22.000
      vertex 72.879 17.879 22.000
    endloop
  endfacet
  facet normal 0 0 0
    outer loop
      vertex 72.879 17.879 10.000
      vertex 72.879 17.879 22.000
      vertex 73.500 17.402 22.000
    endloop
  endfacet
  facet normal 0 0 0
    outer loop
      vertex 72.879 17.879 10.000
      vertex 73.500 17.402 22.000
      vertex 73.500 17.402 10.000
    endloop
  endfacet
  facet normal 0 0 0
    outer loop
      vertex 75.000 20.000 10.000
      vertex 73.500 17.402 10.000
      vertex 72.879 17.879 10.000
    endloop
  endfacet
  facet normal 0 0 0
    outer loop
      vertex 75.000 20.000 22.000
      vertex 72.879 17.879 22.000
      vertex 73.500 17.402 22.000
    endloop
  endfacet
  facet normal 0 0 0
    outer loop
      vertex 73.500 17.402 10.000
      vertex 73.500 17.402 22.000
      vertex 74.224 17.102 22.000
    endloop
  endfacet
  facet normal 0 0 0
    outer loop
      vertex 73.500 17.402 10.000
      vertex 74.224 17.102 22.000
      vertex 74.224 17.102 10.000
    endloop
  endfacet
  facet normal 0 0 0
    outer loop
      vertex 75.000 20.000 10.000
      vertex 74.224 17.102 10.000
      vertex 73.500 17.402 10.000
    endloop
  endfacet
  facet normal 0 0 0
    outer loop
      vertex 75.000 20.000 22.000
      vertex 73.500 17.402 22.000
      vertex 74.224 17.102 22.000
    endloop
  endfacet
  facet normal 0 0 0
    outer loop
      vertex 74.224 17.102 10.000
      vertex 74.224 17.102 22.000
      vertex 75.000 17.000 22.000
    endloop
  endfacet
  facet normal 0 0 0
    outer loop
      vertex 74.224 17.102 10.000
      vertex 75.000 17.000 22.000
      vertex 75.000 17.000 10.000
    endloop
  endfacet
  facet normal 0 0 0
    outer loop
      vertex 75.000 20.000 10.000
      vertex 75.000 17.000 10.000
      vertex 74.224 17.102 10.000
    endloop
  endfacet
  facet normal 0 0 0
    outer loop
      vertex 75.000 20.000 22.000
      vertex 74.224 17.102 22.000
      vertex 75.000 17.000 22.000
    endloop
  endfacet
  facet normal 0 0 0
    outer loop
      vertex 75.000 17.000 10.000
      vertex 75.000 17.000 22.000
      vertex 75.776 17.102 22.000
    endloop
  endfacet
  facet normal 0 0 0
    outer loop
      vertex 75.000 17.000 10.000
      vertex 75.776 17.102 22.000
      vertex 75.776 17.102 10.000
    endloop
  endfacet
  facet normal 0 0 0
    outer loop
      vertex 75.000 20.000 10.000
      vertex 75.776 17.102 10.000
      vertex 75.000 17.000 10.000
    endloop
  endfacet
  facet normal 0 0 0
    outer loop
      vertex 75.000 20.000 22.000
      vertex 75.000 17.000 22.000
      vertex 75.776 17.102 22.000
    endloop
  endfacet
  facet normal 0 0 0
    outer loop
      vertex 75.776 17.102 10.000
      vertex 75.776 17.102 22.000
      vertex 76.500 17.402 22.000
    endloop
  endfacet
  facet normal 0 0 0
    outer loop
      vertex 75.776 17.102 10.000
      vertex 76.500 17.402 22.000
      vertex 76.500 17.402 10.000
    endloop
  endfacet
  facet normal 0 0 0
    outer loop
      vertex 75.000 20.000 10.000
      vertex 76.500 17.402 10.000
      vertex 75.776 17.102 10.000
    endloop
  endfacet
  facet normal 0 0 0
    outer loop
      vertex 75.000 20.000 22.000
      vertex 75.776 17.102 22.000
      vertex 76.500 17.402 22.000
    endloop
  endfacet
  facet normal 0 0 0
    outer loop
      vertex 76.500 17.402 10.000
      vertex 76.500 17.402 22.000
      vertex 77.121 17.879 22.000
    endloop
  endfacet
  facet normal 0 0 0
    outer loop
      vertex 76.500 17.402 10.000
      vertex 77.121 17.879 22.000
      vertex 77.121 17.879 10.000
    endloop
  endfacet
  facet normal 0 0 0
    outer loop
      vertex 75.000 20.000 10.000
      vertex 77.121 17.879 10.000
      vertex 76.500 17.402 10.000
    endloop
  endfacet
  facet normal 0 0 0
    outer loop
      vertex 75.000 20.000 22.000
      vertex 76.500 17.402 22.000
      vertex 77.121 17.879 22.000
    endloop
  endfacet
  facet normal 0 0 0
    outer loop
      vertex 77.121 17.879 10.000
      vertex 77.121 17.879 22.000
      vertex 77.598 18.500 22.000
    endloop
  endfacet
  facet normal 0 0 0
    outer loop
      vertex 77.121 17.879 10.000
      vertex 77.598 18.500 22.000
      vertex 77.598 18.500 10.000
    endloop
  endfacet
  facet normal 0 0 0
    outer loop
      vertex 75.000 20.000 10.000
      vertex 77.598 18.500 10.000
      vertex 77.121 17.879 10.000
    endloop
  endfacet
  facet normal 0 0 0
    outer loop
      vertex 75.000 20.000 22.000
      vertex 77.121 17.879 22.000
      vertex 77.598 18.500 22.000
    endloop
  endfacet
  facet normal 0 0 0
    outer loop
      vertex 77.598 18.500 10.000
      vertex 77.598 18.500 22.000
      vertex 77.898 19.224 22.000
    endloop
  endfacet
  facet normal 0 0 0
    outer loop
      vertex 77.598 18.500 10.000
      vertex 77.898 19.224 22.000
      vertex 77.898 19.224 10.000
    endloop
  endfacet
  facet normal 0 0 0
    outer loop
      vertex 75.000 20.000 10.000
      vertex 77.898 19.224 10.000
      vertex 77.598 18.500 10.000
    endloop
  endfacet
  facet normal 0 0 0
    outer loop
      vertex 75.000 20.000 22.000
      vertex 77.598 18.500 22.000
      vertex 77.898 19.224 22.000
    endloop
  endfacet
  facet normal 0 0 0
    outer loop
      vertex 77.898 19.224 10.000
      vertex 77.898 19.224 22.000
      vertex 78.000 20.000 22.000
    endloop
  endfacet
  facet normal 0 0 0
    outer loop
      vertex 77.898 19.224 10.000
      vertex 78.000 20.000 22.000
      vertex 78.000 20.000 10.000
    endloop
  endfacet
  facet normal 0 0 0
    outer loop
      vertex 75.000 20.000 10.000
      vertex 78.000 20.000 10.000
      vertex 77.898 19.224 10.000
    endloop
  endfacet
  facet normal 0 0 0
    outer loop
      vertex 75.000 20.000 22.000
      vertex 77.898 19.224 22.000
      vertex 78.000 20.000 22.000
    endloop
  endfacet
  // espacador_eletronica_75_70
  facet normal 0 0 0
    outer loop
      vertex 78.000 70.000 10.000
      vertex 78.000 70.000 22.000
      vertex 77.898 70.776 22.000
    endloop
  endfacet
  facet normal 0 0 0
    outer loop
      vertex 78.000 70.000 10.000
      vertex 77.898 70.776 22.000
      vertex 77.898 70.776 10.000
    endloop
  endfacet
  facet normal 0 0 0
    outer loop
      vertex 75.000 70.000 10.000
      vertex 77.898 70.776 10.000
      vertex 78.000 70.000 10.000
    endloop
  endfacet
  facet normal 0 0 0
    outer loop
      vertex 75.000 70.000 22.000
      vertex 78.000 70.000 22.000
      vertex 77.898 70.776 22.000
    endloop
  endfacet
  facet normal 0 0 0
    outer loop
      vertex 77.898 70.776 10.000
      vertex 77.898 70.776 22.000
      vertex 77.598 71.500 22.000
    endloop
  endfacet
  facet normal 0 0 0
    outer loop
      vertex 77.898 70.776 10.000
      vertex 77.598 71.500 22.000
      vertex 77.598 71.500 10.000
    endloop
  endfacet
  facet normal 0 0 0
    outer loop
      vertex 75.000 70.000 10.000
      vertex 77.598 71.500 10.000
      vertex 77.898 70.776 10.000
    endloop
  endfacet
  facet normal 0 0 0
    outer loop
      vertex 75.000 70.000 22.000
      vertex 77.898 70.776 22.000
      vertex 77.598 71.500 22.000
    endloop
  endfacet
  facet normal 0 0 0
    outer loop
      vertex 77.598 71.500 10.000
      vertex 77.598 71.500 22.000
      vertex 77.121 72.121 22.000
    endloop
  endfacet
  facet normal 0 0 0
    outer loop
      vertex 77.598 71.500 10.000
      vertex 77.121 72.121 22.000
      vertex 77.121 72.121 10.000
    endloop
  endfacet
  facet normal 0 0 0
    outer loop
      vertex 75.000 70.000 10.000
      vertex 77.121 72.121 10.000
      vertex 77.598 71.500 10.000
    endloop
  endfacet
  facet normal 0 0 0
    outer loop
      vertex 75.000 70.000 22.000
      vertex 77.598 71.500 22.000
      vertex 77.121 72.121 22.000
    endloop
  endfacet
  facet normal 0 0 0
    outer loop
      vertex 77.121 72.121 10.000
      vertex 77.121 72.121 22.000
      vertex 76.500 72.598 22.000
    endloop
  endfacet
  facet normal 0 0 0
    outer loop
      vertex 77.121 72.121 10.000
      vertex 76.500 72.598 22.000
      vertex 76.500 72.598 10.000
    endloop
  endfacet
  facet normal 0 0 0
    outer loop
      vertex 75.000 70.000 10.000
      vertex 76.500 72.598 10.000
      vertex 77.121 72.121 10.000
    endloop
  endfacet
  facet normal 0 0 0
    outer loop
      vertex 75.000 70.000 22.000
      vertex 77.121 72.121 22.000
      vertex 76.500 72.598 22.000
    endloop
  endfacet
  facet normal 0 0 0
    outer loop
      vertex 76.500 72.598 10.000
      vertex 76.500 72.598 22.000
      vertex 75.776 72.898 22.000
    endloop
  endfacet
  facet normal 0 0 0
    outer loop
      vertex 76.500 72.598 10.000
      vertex 75.776 72.898 22.000
      vertex 75.776 72.898 10.000
    endloop
  endfacet
  facet normal 0 0 0
    outer loop
      vertex 75.000 70.000 10.000
      vertex 75.776 72.898 10.000
      vertex 76.500 72.598 10.000
    endloop
  endfacet
  facet normal 0 0 0
    outer loop
      vertex 75.000 70.000 22.000
      vertex 76.500 72.598 22.000
      vertex 75.776 72.898 22.000
    endloop
  endfacet
  facet normal 0 0 0
    outer loop
      vertex 75.776 72.898 10.000
      vertex 75.776 72.898 22.000
      vertex 75.000 73.000 22.000
    endloop
  endfacet
  facet normal 0 0 0
    outer loop
      vertex 75.776 72.898 10.000
      vertex 75.000 73.000 22.000
      vertex 75.000 73.000 10.000
    endloop
  endfacet
  facet normal 0 0 0
    outer loop
      vertex 75.000 70.000 10.000
      vertex 75.000 73.000 10.000
      vertex 75.776 72.898 10.000
    endloop
  endfacet
  facet normal 0 0 0
    outer loop
      vertex 75.000 70.000 22.000
      vertex 75.776 72.898 22.000
      vertex 75.000 73.000 22.000
    endloop
  endfacet
  facet normal 0 0 0
    outer loop
      vertex 75.000 73.000 10.000
      vertex 75.000 73.000 22.000
      vertex 74.224 72.898 22.000
    endloop
  endfacet
  facet normal 0 0 0
    outer loop
      vertex 75.000 73.000 10.000
      vertex 74.224 72.898 22.000
      vertex 74.224 72.898 10.000
    endloop
  endfacet
  facet normal 0 0 0
    outer loop
      vertex 75.000 70.000 10.000
      vertex 74.224 72.898 10.000
      vertex 75.000 73.000 10.000
    endloop
  endfacet
  facet normal 0 0 0
    outer loop
      vertex 75.000 70.000 22.000
      vertex 75.000 73.000 22.000
      vertex 74.224 72.898 22.000
    endloop
  endfacet
  facet normal 0 0 0
    outer loop
      vertex 74.224 72.898 10.000
      vertex 74.224 72.898 22.000
      vertex 73.500 72.598 22.000
    endloop
  endfacet
  facet normal 0 0 0
    outer loop
      vertex 74.224 72.898 10.000
      vertex 73.500 72.598 22.000
      vertex 73.500 72.598 10.000
    endloop
  endfacet
  facet normal 0 0 0
    outer loop
      vertex 75.000 70.000 10.000
      vertex 73.500 72.598 10.000
      vertex 74.224 72.898 10.000
    endloop
  endfacet
  facet normal 0 0 0
    outer loop
      vertex 75.000 70.000 22.000
      vertex 74.224 72.898 22.000
      vertex 73.500 72.598 22.000
    endloop
  endfacet
  facet normal 0 0 0
    outer loop
      vertex 73.500 72.598 10.000
      vertex 73.500 72.598 22.000
      vertex 72.879 72.121 22.000
    endloop
  endfacet
  facet normal 0 0 0
    outer loop
      vertex 73.500 72.598 10.000
      vertex 72.879 72.121 22.000
      vertex 72.879 72.121 10.000
    endloop
  endfacet
  facet normal 0 0 0
    outer loop
      vertex 75.000 70.000 10.000
      vertex 72.879 72.121 10.000
      vertex 73.500 72.598 10.000
    endloop
  endfacet
  facet normal 0 0 0
    outer loop
      vertex 75.000 70.000 22.000
      vertex 73.500 72.598 22.000
      vertex 72.879 72.121 22.000
    endloop
  endfacet
  facet normal 0 0 0
    outer loop
      vertex 72.879 72.121 10.000
      vertex 72.879 72.121 22.000
      vertex 72.402 71.500 22.000
    endloop
  endfacet
  facet normal 0 0 0
    outer loop
      vertex 72.879 72.121 10.000
      vertex 72.402 71.500 22.000
      vertex 72.402 71.500 10.000
    endloop
  endfacet
  facet normal 0 0 0
    outer loop
      vertex 75.000 70.000 10.000
      vertex 72.402 71.500 10.000
      vertex 72.879 72.121 10.000
    endloop
  endfacet
  facet normal 0 0 0
    outer loop
      vertex 75.000 70.000 22.000
      vertex 72.879 72.121 22.000
      vertex 72.402 71.500 22.000
    endloop
  endfacet
  facet normal 0 0 0
    outer loop
      vertex 72.402 71.500 10.000
      vertex 72.402 71.500 22.000
      vertex 72.102 70.776 22.000
    endloop
  endfacet
  facet normal 0 0 0
    outer loop
      vertex 72.402 71.500 10.000
      vertex 72.102 70.776 22.000
      vertex 72.102 70.776 10.000
    endloop
  endfacet
  facet normal 0 0 0
    outer loop
      vertex 75.000 70.000 10.000
      vertex 72.102 70.776 10.000
      vertex 72.402 71.500 10.000
    endloop
  endfacet
  facet normal 0 0 0
    outer loop
      vertex 75.000 70.000 22.000
      vertex 72.402 71.500 22.000
      vertex 72.102 70.776 22.000
    endloop
  endfacet
  facet normal 0 0 0
    outer loop
      vertex 72.102 70.776 10.000
      vertex 72.102 70.776 22.000
      vertex 72.000 70.000 22.000
    endloop
  endfacet
  facet normal 0 0 0
    outer loop
      vertex 72.102 70.776 10.000
      vertex 72.000 70.000 22.000
      vertex 72.000 70.000 10.000
    endloop
  endfacet
  facet normal 0 0 0
    outer loop
      vertex 75.000 70.000 10.000
      vertex 72.000 70.000 10.000
      vertex 72.102 70.776 10.000
    endloop
  endfacet
  facet normal 0 0 0
    outer loop
      vertex 75.000 70.000 22.000
      vertex 72.102 70.776 22.000
      vertex 72.000 70.000 22.000
    endloop
  endfacet
  facet normal 0 0 0
    outer loop
      vertex 72.000 70.000 10.000
      vertex 72.000 70.000 22.000
      vertex 72.102 69.224 22.000
    endloop
  endfacet
  facet normal 0 0 0
    outer loop
      vertex 72.000 70.000 10.000
      vertex 72.102 69.224 22.000
      vertex 72.102 69.224 10.000
    endloop
  endfacet
  facet normal 0 0 0
    outer loop
      vertex 75.000 70.000 10.000
      vertex 72.102 69.224 10.000
      vertex 72.000 70.000 10.000
    endloop
  endfacet
  facet normal 0 0 0
    outer loop
      vertex 75.000 70.000 22.000
      vertex 72.000 70.000 22.000
      vertex 72.102 69.224 22.000
    endloop
  endfacet
  facet normal 0 0 0
    outer loop
      vertex 72.102 69.224 10.000
      vertex 72.102 69.224 22.000
      vertex 72.402 68.500 22.000
    endloop
  endfacet
  facet normal 0 0 0
    outer loop
      vertex 72.102 69.224 10.000
      vertex 72.402 68.500 22.000
      vertex 72.402 68.500 10.000
    endloop
  endfacet
  facet normal 0 0 0
    outer loop
      vertex 75.000 70.000 10.000
      vertex 72.402 68.500 10.000
      vertex 72.102 69.224 10.000
    endloop
  endfacet
  facet normal 0 0 0
    outer loop
      vertex 75.000 70.000 22.000
      vertex 72.102 69.224 22.000
      vertex 72.402 68.500 22.000
    endloop
  endfacet
  facet normal 0 0 0
    outer loop
      vertex 72.402 68.500 10.000
      vertex 72.402 68.500 22.000
      vertex 72.879 67.879 22.000
    endloop
  endfacet
  facet normal 0 0 0
    outer loop
      vertex 72.402 68.500 10.000
      vertex 72.879 67.879 22.000
      vertex 72.879 67.879 10.000
    endloop
  endfacet
  facet normal 0 0 0
    outer loop
      vertex 75.000 70.000 10.000
      vertex 72.879 67.879 10.000
      vertex 72.402 68.500 10.000
    endloop
  endfacet
  facet normal 0 0 0
    outer loop
      vertex 75.000 70.000 22.000
      vertex 72.402 68.500 22.000
      vertex 72.879 67.879 22.000
    endloop
  endfacet
  facet normal 0 0 0
    outer loop
      vertex 72.879 67.879 10.000
      vertex 72.879 67.879 22.000
      vertex 73.500 67.402 22.000
    endloop
  endfacet
  facet normal 0 0 0
    outer loop
      vertex 72.879 67.879 10.000
      vertex 73.500 67.402 22.000
      vertex 73.500 67.402 10.000
    endloop
  endfacet
  facet normal 0 0 0
    outer loop
      vertex 75.000 70.000 10.000
      vertex 73.500 67.402 10.000
      vertex 72.879 67.879 10.000
    endloop
  endfacet
  facet normal 0 0 0
    outer loop
      vertex 75.000 70.000 22.000
      vertex 72.879 67.879 22.000
      vertex 73.500 67.402 22.000
    endloop
  endfacet
  facet normal 0 0 0
    outer loop
      vertex 73.500 67.402 10.000
      vertex 73.500 67.402 22.000
      vertex 74.224 67.102 22.000
    endloop
  endfacet
  facet normal 0 0 0
    outer loop
      vertex 73.500 67.402 10.000
      vertex 74.224 67.102 22.000
      vertex 74.224 67.102 10.000
    endloop
  endfacet
  facet normal 0 0 0
    outer loop
      vertex 75.000 70.000 10.000
      vertex 74.224 67.102 10.000
      vertex 73.500 67.402 10.000
    endloop
  endfacet
  facet normal 0 0 0
    outer loop
      vertex 75.000 70.000 22.000
      vertex 73.500 67.402 22.000
      vertex 74.224 67.102 22.000
    endloop
  endfacet
  facet normal 0 0 0
    outer loop
      vertex 74.224 67.102 10.000
      vertex 74.224 67.102 22.000
      vertex 75.000 67.000 22.000
    endloop
  endfacet
  facet normal 0 0 0
    outer loop
      vertex 74.224 67.102 10.000
      vertex 75.000 67.000 22.000
      vertex 75.000 67.000 10.000
    endloop
  endfacet
  facet normal 0 0 0
    outer loop
      vertex 75.000 70.000 10.000
      vertex 75.000 67.000 10.000
      vertex 74.224 67.102 10.000
    endloop
  endfacet
  facet normal 0 0 0
    outer loop
      vertex 75.000 70.000 22.000
      vertex 74.224 67.102 22.000
      vertex 75.000 67.000 22.000
    endloop
  endfacet
  facet normal 0 0 0
    outer loop
      vertex 75.000 67.000 10.000
      vertex 75.000 67.000 22.000
      vertex 75.776 67.102 22.000
    endloop
  endfacet
  facet normal 0 0 0
    outer loop
      vertex 75.000 67.000 10.000
      vertex 75.776 67.102 22.000
      vertex 75.776 67.102 10.000
    endloop
  endfacet
  facet normal 0 0 0
    outer loop
      vertex 75.000 70.000 10.000
      vertex 75.776 67.102 10.000
      vertex 75.000 67.000 10.000
    endloop
  endfacet
  facet normal 0 0 0
    outer loop
      vertex 75.000 70.000 22.000
      vertex 75.000 67.000 22.000
      vertex 75.776 67.102 22.000
    endloop
  endfacet
  facet normal 0 0 0
    outer loop
      vertex 75.776 67.102 10.000
      vertex 75.776 67.102 22.000
      vertex 76.500 67.402 22.000
    endloop
  endfacet
  facet normal 0 0 0
    outer loop
      vertex 75.776 67.102 10.000
      vertex 76.500 67.402 22.000
      vertex 76.500 67.402 10.000
    endloop
  endfacet
  facet normal 0 0 0
    outer loop
      vertex 75.000 70.000 10.000
      vertex 76.500 67.402 10.000
      vertex 75.776 67.102 10.000
    endloop
  endfacet
  facet normal 0 0 0
    outer loop
      vertex 75.000 70.000 22.000
      vertex 75.776 67.102 22.000
      vertex 76.500 67.402 22.000
    endloop
  endfacet
  facet normal 0 0 0
    outer loop
      vertex 76.500 67.402 10.000
      vertex 76.500 67.402 22.000
      vertex 77.121 67.879 22.000
    endloop
  endfacet
  facet normal 0 0 0
    outer loop
      vertex 76.500 67.402 10.000
      vertex 77.121 67.879 22.000
      vertex 77.121 67.879 10.000
    endloop
  endfacet
  facet normal 0 0 0
    outer loop
      vertex 75.000 70.000 10.000
      vertex 77.121 67.879 10.000
      vertex 76.500 67.402 10.000
    endloop
  endfacet
  facet normal 0 0 0
    outer loop
      vertex 75.000 70.000 22.000
      vertex 76.500 67.402 22.000
      vertex 77.121 67.879 22.000
    endloop
  endfacet
  facet normal 0 0 0
    outer loop
      vertex 77.121 67.879 10.000
      vertex 77.121 67.879 22.000
      vertex 77.598 68.500 22.000
    endloop
  endfacet
  facet normal 0 0 0
    outer loop
      vertex 77.121 67.879 10.000
      vertex 77.598 68.500 22.000
      vertex 77.598 68.500 10.000
    endloop
  endfacet
  facet normal 0 0 0
    outer loop
      vertex 75.000 70.000 10.000
      vertex 77.598 68.500 10.000
      vertex 77.121 67.879 10.000
    endloop
  endfacet
  facet normal 0 0 0
    outer loop
      vertex 75.000 70.000 22.000
      vertex 77.121 67.879 22.000
      vertex 77.598 68.500 22.000
    endloop
  endfacet
  facet normal 0 0 0
    outer loop
      vertex 77.598 68.500 10.000
      vertex 77.598 68.500 22.000
      vertex 77.898 69.224 22.000
    endloop
  endfacet
  facet normal 0 0 0
    outer loop
      vertex 77.598 68.500 10.000
      vertex 77.898 69.224 22.000
      vertex 77.898 69.224 10.000
    endloop
  endfacet
  facet normal 0 0 0
    outer loop
      vertex 75.000 70.000 10.000
      vertex 77.898 69.224 10.000
      vertex 77.598 68.500 10.000
    endloop
  endfacet
  facet normal 0 0 0
    outer loop
      vertex 75.000 70.000 22.000
      vertex 77.598 68.500 22.000
      vertex 77.898 69.224 22.000
    endloop
  endfacet
  facet normal 0 0 0
    outer loop
      vertex 77.898 69.224 10.000
      vertex 77.898 69.224 22.000
      vertex 78.000 70.000 22.000
    endloop
  endfacet
  facet normal 0 0 0
    outer loop
      vertex 77.898 69.224 10.000
      vertex 78.000 70.000 22.000
      vertex 78.000 70.000 10.000
    endloop
  endfacet
  facet normal 0 0 0
    outer loop
      vertex 75.000 70.000 10.000
      vertex 78.000 70.000 10.000
      vertex 77.898 69.224 10.000
    endloop
  endfacet
  facet normal 0 0 0
    outer loop
      vertex 75.000 70.000 22.000
      vertex 77.898 69.224 22.000
      vertex 78.000 70.000 22.000
    endloop
  endfacet
  // furo_referencia_m4_visual_-185_-115
  facet normal 0 0 0
    outer loop
      vertex -180.000 -115.000 13.000
      vertex -180.000 -115.000 17.000
      vertex -180.245 -113.455 17.000
    endloop
  endfacet
  facet normal 0 0 0
    outer loop
      vertex -180.000 -115.000 13.000
      vertex -180.245 -113.455 17.000
      vertex -180.245 -113.455 13.000
    endloop
  endfacet
  facet normal 0 0 0
    outer loop
      vertex -185.000 -115.000 13.000
      vertex -180.245 -113.455 13.000
      vertex -180.000 -115.000 13.000
    endloop
  endfacet
  facet normal 0 0 0
    outer loop
      vertex -185.000 -115.000 17.000
      vertex -180.000 -115.000 17.000
      vertex -180.245 -113.455 17.000
    endloop
  endfacet
  facet normal 0 0 0
    outer loop
      vertex -180.245 -113.455 13.000
      vertex -180.245 -113.455 17.000
      vertex -180.955 -112.061 17.000
    endloop
  endfacet
  facet normal 0 0 0
    outer loop
      vertex -180.245 -113.455 13.000
      vertex -180.955 -112.061 17.000
      vertex -180.955 -112.061 13.000
    endloop
  endfacet
  facet normal 0 0 0
    outer loop
      vertex -185.000 -115.000 13.000
      vertex -180.955 -112.061 13.000
      vertex -180.245 -113.455 13.000
    endloop
  endfacet
  facet normal 0 0 0
    outer loop
      vertex -185.000 -115.000 17.000
      vertex -180.245 -113.455 17.000
      vertex -180.955 -112.061 17.000
    endloop
  endfacet
  facet normal 0 0 0
    outer loop
      vertex -180.955 -112.061 13.000
      vertex -180.955 -112.061 17.000
      vertex -182.061 -110.955 17.000
    endloop
  endfacet
  facet normal 0 0 0
    outer loop
      vertex -180.955 -112.061 13.000
      vertex -182.061 -110.955 17.000
      vertex -182.061 -110.955 13.000
    endloop
  endfacet
  facet normal 0 0 0
    outer loop
      vertex -185.000 -115.000 13.000
      vertex -182.061 -110.955 13.000
      vertex -180.955 -112.061 13.000
    endloop
  endfacet
  facet normal 0 0 0
    outer loop
      vertex -185.000 -115.000 17.000
      vertex -180.955 -112.061 17.000
      vertex -182.061 -110.955 17.000
    endloop
  endfacet
  facet normal 0 0 0
    outer loop
      vertex -182.061 -110.955 13.000
      vertex -182.061 -110.955 17.000
      vertex -183.455 -110.245 17.000
    endloop
  endfacet
  facet normal 0 0 0
    outer loop
      vertex -182.061 -110.955 13.000
      vertex -183.455 -110.245 17.000
      vertex -183.455 -110.245 13.000
    endloop
  endfacet
  facet normal 0 0 0
    outer loop
      vertex -185.000 -115.000 13.000
      vertex -183.455 -110.245 13.000
      vertex -182.061 -110.955 13.000
    endloop
  endfacet
  facet normal 0 0 0
    outer loop
      vertex -185.000 -115.000 17.000
      vertex -182.061 -110.955 17.000
      vertex -183.455 -110.245 17.000
    endloop
  endfacet
  facet normal 0 0 0
    outer loop
      vertex -183.455 -110.245 13.000
      vertex -183.455 -110.245 17.000
      vertex -185.000 -110.000 17.000
    endloop
  endfacet
  facet normal 0 0 0
    outer loop
      vertex -183.455 -110.245 13.000
      vertex -185.000 -110.000 17.000
      vertex -185.000 -110.000 13.000
    endloop
  endfacet
  facet normal 0 0 0
    outer loop
      vertex -185.000 -115.000 13.000
      vertex -185.000 -110.000 13.000
      vertex -183.455 -110.245 13.000
    endloop
  endfacet
  facet normal 0 0 0
    outer loop
      vertex -185.000 -115.000 17.000
      vertex -183.455 -110.245 17.000
      vertex -185.000 -110.000 17.000
    endloop
  endfacet
  facet normal 0 0 0
    outer loop
      vertex -185.000 -110.000 13.000
      vertex -185.000 -110.000 17.000
      vertex -186.545 -110.245 17.000
    endloop
  endfacet
  facet normal 0 0 0
    outer loop
      vertex -185.000 -110.000 13.000
      vertex -186.545 -110.245 17.000
      vertex -186.545 -110.245 13.000
    endloop
  endfacet
  facet normal 0 0 0
    outer loop
      vertex -185.000 -115.000 13.000
      vertex -186.545 -110.245 13.000
      vertex -185.000 -110.000 13.000
    endloop
  endfacet
  facet normal 0 0 0
    outer loop
      vertex -185.000 -115.000 17.000
      vertex -185.000 -110.000 17.000
      vertex -186.545 -110.245 17.000
    endloop
  endfacet
  facet normal 0 0 0
    outer loop
      vertex -186.545 -110.245 13.000
      vertex -186.545 -110.245 17.000
      vertex -187.939 -110.955 17.000
    endloop
  endfacet
  facet normal 0 0 0
    outer loop
      vertex -186.545 -110.245 13.000
      vertex -187.939 -110.955 17.000
      vertex -187.939 -110.955 13.000
    endloop
  endfacet
  facet normal 0 0 0
    outer loop
      vertex -185.000 -115.000 13.000
      vertex -187.939 -110.955 13.000
      vertex -186.545 -110.245 13.000
    endloop
  endfacet
  facet normal 0 0 0
    outer loop
      vertex -185.000 -115.000 17.000
      vertex -186.545 -110.245 17.000
      vertex -187.939 -110.955 17.000
    endloop
  endfacet
  facet normal 0 0 0
    outer loop
      vertex -187.939 -110.955 13.000
      vertex -187.939 -110.955 17.000
      vertex -189.045 -112.061 17.000
    endloop
  endfacet
  facet normal 0 0 0
    outer loop
      vertex -187.939 -110.955 13.000
      vertex -189.045 -112.061 17.000
      vertex -189.045 -112.061 13.000
    endloop
  endfacet
  facet normal 0 0 0
    outer loop
      vertex -185.000 -115.000 13.000
      vertex -189.045 -112.061 13.000
      vertex -187.939 -110.955 13.000
    endloop
  endfacet
  facet normal 0 0 0
    outer loop
      vertex -185.000 -115.000 17.000
      vertex -187.939 -110.955 17.000
      vertex -189.045 -112.061 17.000
    endloop
  endfacet
  facet normal 0 0 0
    outer loop
      vertex -189.045 -112.061 13.000
      vertex -189.045 -112.061 17.000
      vertex -189.755 -113.455 17.000
    endloop
  endfacet
  facet normal 0 0 0
    outer loop
      vertex -189.045 -112.061 13.000
      vertex -189.755 -113.455 17.000
      vertex -189.755 -113.455 13.000
    endloop
  endfacet
  facet normal 0 0 0
    outer loop
      vertex -185.000 -115.000 13.000
      vertex -189.755 -113.455 13.000
      vertex -189.045 -112.061 13.000
    endloop
  endfacet
  facet normal 0 0 0
    outer loop
      vertex -185.000 -115.000 17.000
      vertex -189.045 -112.061 17.000
      vertex -189.755 -113.455 17.000
    endloop
  endfacet
  facet normal 0 0 0
    outer loop
      vertex -189.755 -113.455 13.000
      vertex -189.755 -113.455 17.000
      vertex -190.000 -115.000 17.000
    endloop
  endfacet
  facet normal 0 0 0
    outer loop
      vertex -189.755 -113.455 13.000
      vertex -190.000 -115.000 17.000
      vertex -190.000 -115.000 13.000
    endloop
  endfacet
  facet normal 0 0 0
    outer loop
      vertex -185.000 -115.000 13.000
      vertex -190.000 -115.000 13.000
      vertex -189.755 -113.455 13.000
    endloop
  endfacet
  facet normal 0 0 0
    outer loop
      vertex -185.000 -115.000 17.000
      vertex -189.755 -113.455 17.000
      vertex -190.000 -115.000 17.000
    endloop
  endfacet
  facet normal 0 0 0
    outer loop
      vertex -190.000 -115.000 13.000
      vertex -190.000 -115.000 17.000
      vertex -189.755 -116.545 17.000
    endloop
  endfacet
  facet normal 0 0 0
    outer loop
      vertex -190.000 -115.000 13.000
      vertex -189.755 -116.545 17.000
      vertex -189.755 -116.545 13.000
    endloop
  endfacet
  facet normal 0 0 0
    outer loop
      vertex -185.000 -115.000 13.000
      vertex -189.755 -116.545 13.000
      vertex -190.000 -115.000 13.000
    endloop
  endfacet
  facet normal 0 0 0
    outer loop
      vertex -185.000 -115.000 17.000
      vertex -190.000 -115.000 17.000
      vertex -189.755 -116.545 17.000
    endloop
  endfacet
  facet normal 0 0 0
    outer loop
      vertex -189.755 -116.545 13.000
      vertex -189.755 -116.545 17.000
      vertex -189.045 -117.939 17.000
    endloop
  endfacet
  facet normal 0 0 0
    outer loop
      vertex -189.755 -116.545 13.000
      vertex -189.045 -117.939 17.000
      vertex -189.045 -117.939 13.000
    endloop
  endfacet
  facet normal 0 0 0
    outer loop
      vertex -185.000 -115.000 13.000
      vertex -189.045 -117.939 13.000
      vertex -189.755 -116.545 13.000
    endloop
  endfacet
  facet normal 0 0 0
    outer loop
      vertex -185.000 -115.000 17.000
      vertex -189.755 -116.545 17.000
      vertex -189.045 -117.939 17.000
    endloop
  endfacet
  facet normal 0 0 0
    outer loop
      vertex -189.045 -117.939 13.000
      vertex -189.045 -117.939 17.000
      vertex -187.939 -119.045 17.000
    endloop
  endfacet
  facet normal 0 0 0
    outer loop
      vertex -189.045 -117.939 13.000
      vertex -187.939 -119.045 17.000
      vertex -187.939 -119.045 13.000
    endloop
  endfacet
  facet normal 0 0 0
    outer loop
      vertex -185.000 -115.000 13.000
      vertex -187.939 -119.045 13.000
      vertex -189.045 -117.939 13.000
    endloop
  endfacet
  facet normal 0 0 0
    outer loop
      vertex -185.000 -115.000 17.000
      vertex -189.045 -117.939 17.000
      vertex -187.939 -119.045 17.000
    endloop
  endfacet
  facet normal 0 0 0
    outer loop
      vertex -187.939 -119.045 13.000
      vertex -187.939 -119.045 17.000
      vertex -186.545 -119.755 17.000
    endloop
  endfacet
  facet normal 0 0 0
    outer loop
      vertex -187.939 -119.045 13.000
      vertex -186.545 -119.755 17.000
      vertex -186.545 -119.755 13.000
    endloop
  endfacet
  facet normal 0 0 0
    outer loop
      vertex -185.000 -115.000 13.000
      vertex -186.545 -119.755 13.000
      vertex -187.939 -119.045 13.000
    endloop
  endfacet
  facet normal 0 0 0
    outer loop
      vertex -185.000 -115.000 17.000
      vertex -187.939 -119.045 17.000
      vertex -186.545 -119.755 17.000
    endloop
  endfacet
  facet normal 0 0 0
    outer loop
      vertex -186.545 -119.755 13.000
      vertex -186.545 -119.755 17.000
      vertex -185.000 -120.000 17.000
    endloop
  endfacet
  facet normal 0 0 0
    outer loop
      vertex -186.545 -119.755 13.000
      vertex -185.000 -120.000 17.000
      vertex -185.000 -120.000 13.000
    endloop
  endfacet
  facet normal 0 0 0
    outer loop
      vertex -185.000 -115.000 13.000
      vertex -185.000 -120.000 13.000
      vertex -186.545 -119.755 13.000
    endloop
  endfacet
  facet normal 0 0 0
    outer loop
      vertex -185.000 -115.000 17.000
      vertex -186.545 -119.755 17.000
      vertex -185.000 -120.000 17.000
    endloop
  endfacet
  facet normal 0 0 0
    outer loop
      vertex -185.000 -120.000 13.000
      vertex -185.000 -120.000 17.000
      vertex -183.455 -119.755 17.000
    endloop
  endfacet
  facet normal 0 0 0
    outer loop
      vertex -185.000 -120.000 13.000
      vertex -183.455 -119.755 17.000
      vertex -183.455 -119.755 13.000
    endloop
  endfacet
  facet normal 0 0 0
    outer loop
      vertex -185.000 -115.000 13.000
      vertex -183.455 -119.755 13.000
      vertex -185.000 -120.000 13.000
    endloop
  endfacet
  facet normal 0 0 0
    outer loop
      vertex -185.000 -115.000 17.000
      vertex -185.000 -120.000 17.000
      vertex -183.455 -119.755 17.000
    endloop
  endfacet
  facet normal 0 0 0
    outer loop
      vertex -183.455 -119.755 13.000
      vertex -183.455 -119.755 17.000
      vertex -182.061 -119.045 17.000
    endloop
  endfacet
  facet normal 0 0 0
    outer loop
      vertex -183.455 -119.755 13.000
      vertex -182.061 -119.045 17.000
      vertex -182.061 -119.045 13.000
    endloop
  endfacet
  facet normal 0 0 0
    outer loop
      vertex -185.000 -115.000 13.000
      vertex -182.061 -119.045 13.000
      vertex -183.455 -119.755 13.000
    endloop
  endfacet
  facet normal 0 0 0
    outer loop
      vertex -185.000 -115.000 17.000
      vertex -183.455 -119.755 17.000
      vertex -182.061 -119.045 17.000
    endloop
  endfacet
  facet normal 0 0 0
    outer loop
      vertex -182.061 -119.045 13.000
      vertex -182.061 -119.045 17.000
      vertex -180.955 -117.939 17.000
    endloop
  endfacet
  facet normal 0 0 0
    outer loop
      vertex -182.061 -119.045 13.000
      vertex -180.955 -117.939 17.000
      vertex -180.955 -117.939 13.000
    endloop
  endfacet
  facet normal 0 0 0
    outer loop
      vertex -185.000 -115.000 13.000
      vertex -180.955 -117.939 13.000
      vertex -182.061 -119.045 13.000
    endloop
  endfacet
  facet normal 0 0 0
    outer loop
      vertex -185.000 -115.000 17.000
      vertex -182.061 -119.045 17.000
      vertex -180.955 -117.939 17.000
    endloop
  endfacet
  facet normal 0 0 0
    outer loop
      vertex -180.955 -117.939 13.000
      vertex -180.955 -117.939 17.000
      vertex -180.245 -116.545 17.000
    endloop
  endfacet
  facet normal 0 0 0
    outer loop
      vertex -180.955 -117.939 13.000
      vertex -180.245 -116.545 17.000
      vertex -180.245 -116.545 13.000
    endloop
  endfacet
  facet normal 0 0 0
    outer loop
      vertex -185.000 -115.000 13.000
      vertex -180.245 -116.545 13.000
      vertex -180.955 -117.939 13.000
    endloop
  endfacet
  facet normal 0 0 0
    outer loop
      vertex -185.000 -115.000 17.000
      vertex -180.955 -117.939 17.000
      vertex -180.245 -116.545 17.000
    endloop
  endfacet
  facet normal 0 0 0
    outer loop
      vertex -180.245 -116.545 13.000
      vertex -180.245 -116.545 17.000
      vertex -180.000 -115.000 17.000
    endloop
  endfacet
  facet normal 0 0 0
    outer loop
      vertex -180.245 -116.545 13.000
      vertex -180.000 -115.000 17.000
      vertex -180.000 -115.000 13.000
    endloop
  endfacet
  facet normal 0 0 0
    outer loop
      vertex -185.000 -115.000 13.000
      vertex -180.000 -115.000 13.000
      vertex -180.245 -116.545 13.000
    endloop
  endfacet
  facet normal 0 0 0
    outer loop
      vertex -185.000 -115.000 17.000
      vertex -180.245 -116.545 17.000
      vertex -180.000 -115.000 17.000
    endloop
  endfacet
  // furo_referencia_m4_visual_-185_115
  facet normal 0 0 0
    outer loop
      vertex -180.000 115.000 13.000
      vertex -180.000 115.000 17.000
      vertex -180.245 116.545 17.000
    endloop
  endfacet
  facet normal 0 0 0
    outer loop
      vertex -180.000 115.000 13.000
      vertex -180.245 116.545 17.000
      vertex -180.245 116.545 13.000
    endloop
  endfacet
  facet normal 0 0 0
    outer loop
      vertex -185.000 115.000 13.000
      vertex -180.245 116.545 13.000
      vertex -180.000 115.000 13.000
    endloop
  endfacet
  facet normal 0 0 0
    outer loop
      vertex -185.000 115.000 17.000
      vertex -180.000 115.000 17.000
      vertex -180.245 116.545 17.000
    endloop
  endfacet
  facet normal 0 0 0
    outer loop
      vertex -180.245 116.545 13.000
      vertex -180.245 116.545 17.000
      vertex -180.955 117.939 17.000
    endloop
  endfacet
  facet normal 0 0 0
    outer loop
      vertex -180.245 116.545 13.000
      vertex -180.955 117.939 17.000
      vertex -180.955 117.939 13.000
    endloop
  endfacet
  facet normal 0 0 0
    outer loop
      vertex -185.000 115.000 13.000
      vertex -180.955 117.939 13.000
      vertex -180.245 116.545 13.000
    endloop
  endfacet
  facet normal 0 0 0
    outer loop
      vertex -185.000 115.000 17.000
      vertex -180.245 116.545 17.000
      vertex -180.955 117.939 17.000
    endloop
  endfacet
  facet normal 0 0 0
    outer loop
      vertex -180.955 117.939 13.000
      vertex -180.955 117.939 17.000
      vertex -182.061 119.045 17.000
    endloop
  endfacet
  facet normal 0 0 0
    outer loop
      vertex -180.955 117.939 13.000
      vertex -182.061 119.045 17.000
      vertex -182.061 119.045 13.000
    endloop
  endfacet
  facet normal 0 0 0
    outer loop
      vertex -185.000 115.000 13.000
      vertex -182.061 119.045 13.000
      vertex -180.955 117.939 13.000
    endloop
  endfacet
  facet normal 0 0 0
    outer loop
      vertex -185.000 115.000 17.000
      vertex -180.955 117.939 17.000
      vertex -182.061 119.045 17.000
    endloop
  endfacet
  facet normal 0 0 0
    outer loop
      vertex -182.061 119.045 13.000
      vertex -182.061 119.045 17.000
      vertex -183.455 119.755 17.000
    endloop
  endfacet
  facet normal 0 0 0
    outer loop
      vertex -182.061 119.045 13.000
      vertex -183.455 119.755 17.000
      vertex -183.455 119.755 13.000
    endloop
  endfacet
  facet normal 0 0 0
    outer loop
      vertex -185.000 115.000 13.000
      vertex -183.455 119.755 13.000
      vertex -182.061 119.045 13.000
    endloop
  endfacet
  facet normal 0 0 0
    outer loop
      vertex -185.000 115.000 17.000
      vertex -182.061 119.045 17.000
      vertex -183.455 119.755 17.000
    endloop
  endfacet
  facet normal 0 0 0
    outer loop
      vertex -183.455 119.755 13.000
      vertex -183.455 119.755 17.000
      vertex -185.000 120.000 17.000
    endloop
  endfacet
  facet normal 0 0 0
    outer loop
      vertex -183.455 119.755 13.000
      vertex -185.000 120.000 17.000
      vertex -185.000 120.000 13.000
    endloop
  endfacet
  facet normal 0 0 0
    outer loop
      vertex -185.000 115.000 13.000
      vertex -185.000 120.000 13.000
      vertex -183.455 119.755 13.000
    endloop
  endfacet
  facet normal 0 0 0
    outer loop
      vertex -185.000 115.000 17.000
      vertex -183.455 119.755 17.000
      vertex -185.000 120.000 17.000
    endloop
  endfacet
  facet normal 0 0 0
    outer loop
      vertex -185.000 120.000 13.000
      vertex -185.000 120.000 17.000
      vertex -186.545 119.755 17.000
    endloop
  endfacet
  facet normal 0 0 0
    outer loop
      vertex -185.000 120.000 13.000
      vertex -186.545 119.755 17.000
      vertex -186.545 119.755 13.000
    endloop
  endfacet
  facet normal 0 0 0
    outer loop
      vertex -185.000 115.000 13.000
      vertex -186.545 119.755 13.000
      vertex -185.000 120.000 13.000
    endloop
  endfacet
  facet normal 0 0 0
    outer loop
      vertex -185.000 115.000 17.000
      vertex -185.000 120.000 17.000
      vertex -186.545 119.755 17.000
    endloop
  endfacet
  facet normal 0 0 0
    outer loop
      vertex -186.545 119.755 13.000
      vertex -186.545 119.755 17.000
      vertex -187.939 119.045 17.000
    endloop
  endfacet
  facet normal 0 0 0
    outer loop
      vertex -186.545 119.755 13.000
      vertex -187.939 119.045 17.000
      vertex -187.939 119.045 13.000
    endloop
  endfacet
  facet normal 0 0 0
    outer loop
      vertex -185.000 115.000 13.000
      vertex -187.939 119.045 13.000
      vertex -186.545 119.755 13.000
    endloop
  endfacet
  facet normal 0 0 0
    outer loop
      vertex -185.000 115.000 17.000
      vertex -186.545 119.755 17.000
      vertex -187.939 119.045 17.000
    endloop
  endfacet
  facet normal 0 0 0
    outer loop
      vertex -187.939 119.045 13.000
      vertex -187.939 119.045 17.000
      vertex -189.045 117.939 17.000
    endloop
  endfacet
  facet normal 0 0 0
    outer loop
      vertex -187.939 119.045 13.000
      vertex -189.045 117.939 17.000
      vertex -189.045 117.939 13.000
    endloop
  endfacet
  facet normal 0 0 0
    outer loop
      vertex -185.000 115.000 13.000
      vertex -189.045 117.939 13.000
      vertex -187.939 119.045 13.000
    endloop
  endfacet
  facet normal 0 0 0
    outer loop
      vertex -185.000 115.000 17.000
      vertex -187.939 119.045 17.000
      vertex -189.045 117.939 17.000
    endloop
  endfacet
  facet normal 0 0 0
    outer loop
      vertex -189.045 117.939 13.000
      vertex -189.045 117.939 17.000
      vertex -189.755 116.545 17.000
    endloop
  endfacet
  facet normal 0 0 0
    outer loop
      vertex -189.045 117.939 13.000
      vertex -189.755 116.545 17.000
      vertex -189.755 116.545 13.000
    endloop
  endfacet
  facet normal 0 0 0
    outer loop
      vertex -185.000 115.000 13.000
      vertex -189.755 116.545 13.000
      vertex -189.045 117.939 13.000
    endloop
  endfacet
  facet normal 0 0 0
    outer loop
      vertex -185.000 115.000 17.000
      vertex -189.045 117.939 17.000
      vertex -189.755 116.545 17.000
    endloop
  endfacet
  facet normal 0 0 0
    outer loop
      vertex -189.755 116.545 13.000
      vertex -189.755 116.545 17.000
      vertex -190.000 115.000 17.000
    endloop
  endfacet
  facet normal 0 0 0
    outer loop
      vertex -189.755 116.545 13.000
      vertex -190.000 115.000 17.000
      vertex -190.000 115.000 13.000
    endloop
  endfacet
  facet normal 0 0 0
    outer loop
      vertex -185.000 115.000 13.000
      vertex -190.000 115.000 13.000
      vertex -189.755 116.545 13.000
    endloop
  endfacet
  facet normal 0 0 0
    outer loop
      vertex -185.000 115.000 17.000
      vertex -189.755 116.545 17.000
      vertex -190.000 115.000 17.000
    endloop
  endfacet
  facet normal 0 0 0
    outer loop
      vertex -190.000 115.000 13.000
      vertex -190.000 115.000 17.000
      vertex -189.755 113.455 17.000
    endloop
  endfacet
  facet normal 0 0 0
    outer loop
      vertex -190.000 115.000 13.000
      vertex -189.755 113.455 17.000
      vertex -189.755 113.455 13.000
    endloop
  endfacet
  facet normal 0 0 0
    outer loop
      vertex -185.000 115.000 13.000
      vertex -189.755 113.455 13.000
      vertex -190.000 115.000 13.000
    endloop
  endfacet
  facet normal 0 0 0
    outer loop
      vertex -185.000 115.000 17.000
      vertex -190.000 115.000 17.000
      vertex -189.755 113.455 17.000
    endloop
  endfacet
  facet normal 0 0 0
    outer loop
      vertex -189.755 113.455 13.000
      vertex -189.755 113.455 17.000
      vertex -189.045 112.061 17.000
    endloop
  endfacet
  facet normal 0 0 0
    outer loop
      vertex -189.755 113.455 13.000
      vertex -189.045 112.061 17.000
      vertex -189.045 112.061 13.000
    endloop
  endfacet
  facet normal 0 0 0
    outer loop
      vertex -185.000 115.000 13.000
      vertex -189.045 112.061 13.000
      vertex -189.755 113.455 13.000
    endloop
  endfacet
  facet normal 0 0 0
    outer loop
      vertex -185.000 115.000 17.000
      vertex -189.755 113.455 17.000
      vertex -189.045 112.061 17.000
    endloop
  endfacet
  facet normal 0 0 0
    outer loop
      vertex -189.045 112.061 13.000
      vertex -189.045 112.061 17.000
      vertex -187.939 110.955 17.000
    endloop
  endfacet
  facet normal 0 0 0
    outer loop
      vertex -189.045 112.061 13.000
      vertex -187.939 110.955 17.000
      vertex -187.939 110.955 13.000
    endloop
  endfacet
  facet normal 0 0 0
    outer loop
      vertex -185.000 115.000 13.000
      vertex -187.939 110.955 13.000
      vertex -189.045 112.061 13.000
    endloop
  endfacet
  facet normal 0 0 0
    outer loop
      vertex -185.000 115.000 17.000
      vertex -189.045 112.061 17.000
      vertex -187.939 110.955 17.000
    endloop
  endfacet
  facet normal 0 0 0
    outer loop
      vertex -187.939 110.955 13.000
      vertex -187.939 110.955 17.000
      vertex -186.545 110.245 17.000
    endloop
  endfacet
  facet normal 0 0 0
    outer loop
      vertex -187.939 110.955 13.000
      vertex -186.545 110.245 17.000
      vertex -186.545 110.245 13.000
    endloop
  endfacet
  facet normal 0 0 0
    outer loop
      vertex -185.000 115.000 13.000
      vertex -186.545 110.245 13.000
      vertex -187.939 110.955 13.000
    endloop
  endfacet
  facet normal 0 0 0
    outer loop
      vertex -185.000 115.000 17.000
      vertex -187.939 110.955 17.000
      vertex -186.545 110.245 17.000
    endloop
  endfacet
  facet normal 0 0 0
    outer loop
      vertex -186.545 110.245 13.000
      vertex -186.545 110.245 17.000
      vertex -185.000 110.000 17.000
    endloop
  endfacet
  facet normal 0 0 0
    outer loop
      vertex -186.545 110.245 13.000
      vertex -185.000 110.000 17.000
      vertex -185.000 110.000 13.000
    endloop
  endfacet
  facet normal 0 0 0
    outer loop
      vertex -185.000 115.000 13.000
      vertex -185.000 110.000 13.000
      vertex -186.545 110.245 13.000
    endloop
  endfacet
  facet normal 0 0 0
    outer loop
      vertex -185.000 115.000 17.000
      vertex -186.545 110.245 17.000
      vertex -185.000 110.000 17.000
    endloop
  endfacet
  facet normal 0 0 0
    outer loop
      vertex -185.000 110.000 13.000
      vertex -185.000 110.000 17.000
      vertex -183.455 110.245 17.000
    endloop
  endfacet
  facet normal 0 0 0
    outer loop
      vertex -185.000 110.000 13.000
      vertex -183.455 110.245 17.000
      vertex -183.455 110.245 13.000
    endloop
  endfacet
  facet normal 0 0 0
    outer loop
      vertex -185.000 115.000 13.000
      vertex -183.455 110.245 13.000
      vertex -185.000 110.000 13.000
    endloop
  endfacet
  facet normal 0 0 0
    outer loop
      vertex -185.000 115.000 17.000
      vertex -185.000 110.000 17.000
      vertex -183.455 110.245 17.000
    endloop
  endfacet
  facet normal 0 0 0
    outer loop
      vertex -183.455 110.245 13.000
      vertex -183.455 110.245 17.000
      vertex -182.061 110.955 17.000
    endloop
  endfacet
  facet normal 0 0 0
    outer loop
      vertex -183.455 110.245 13.000
      vertex -182.061 110.955 17.000
      vertex -182.061 110.955 13.000
    endloop
  endfacet
  facet normal 0 0 0
    outer loop
      vertex -185.000 115.000 13.000
      vertex -182.061 110.955 13.000
      vertex -183.455 110.245 13.000
    endloop
  endfacet
  facet normal 0 0 0
    outer loop
      vertex -185.000 115.000 17.000
      vertex -183.455 110.245 17.000
      vertex -182.061 110.955 17.000
    endloop
  endfacet
  facet normal 0 0 0
    outer loop
      vertex -182.061 110.955 13.000
      vertex -182.061 110.955 17.000
      vertex -180.955 112.061 17.000
    endloop
  endfacet
  facet normal 0 0 0
    outer loop
      vertex -182.061 110.955 13.000
      vertex -180.955 112.061 17.000
      vertex -180.955 112.061 13.000
    endloop
  endfacet
  facet normal 0 0 0
    outer loop
      vertex -185.000 115.000 13.000
      vertex -180.955 112.061 13.000
      vertex -182.061 110.955 13.000
    endloop
  endfacet
  facet normal 0 0 0
    outer loop
      vertex -185.000 115.000 17.000
      vertex -182.061 110.955 17.000
      vertex -180.955 112.061 17.000
    endloop
  endfacet
  facet normal 0 0 0
    outer loop
      vertex -180.955 112.061 13.000
      vertex -180.955 112.061 17.000
      vertex -180.245 113.455 17.000
    endloop
  endfacet
  facet normal 0 0 0
    outer loop
      vertex -180.955 112.061 13.000
      vertex -180.245 113.455 17.000
      vertex -180.245 113.455 13.000
    endloop
  endfacet
  facet normal 0 0 0
    outer loop
      vertex -185.000 115.000 13.000
      vertex -180.245 113.455 13.000
      vertex -180.955 112.061 13.000
    endloop
  endfacet
  facet normal 0 0 0
    outer loop
      vertex -185.000 115.000 17.000
      vertex -180.955 112.061 17.000
      vertex -180.245 113.455 17.000
    endloop
  endfacet
  facet normal 0 0 0
    outer loop
      vertex -180.245 113.455 13.000
      vertex -180.245 113.455 17.000
      vertex -180.000 115.000 17.000
    endloop
  endfacet
  facet normal 0 0 0
    outer loop
      vertex -180.245 113.455 13.000
      vertex -180.000 115.000 17.000
      vertex -180.000 115.000 13.000
    endloop
  endfacet
  facet normal 0 0 0
    outer loop
      vertex -185.000 115.000 13.000
      vertex -180.000 115.000 13.000
      vertex -180.245 113.455 13.000
    endloop
  endfacet
  facet normal 0 0 0
    outer loop
      vertex -185.000 115.000 17.000
      vertex -180.245 113.455 17.000
      vertex -180.000 115.000 17.000
    endloop
  endfacet
  // furo_referencia_m4_visual_185_-115
  facet normal 0 0 0
    outer loop
      vertex 190.000 -115.000 13.000
      vertex 190.000 -115.000 17.000
      vertex 189.755 -113.455 17.000
    endloop
  endfacet
  facet normal 0 0 0
    outer loop
      vertex 190.000 -115.000 13.000
      vertex 189.755 -113.455 17.000
      vertex 189.755 -113.455 13.000
    endloop
  endfacet
  facet normal 0 0 0
    outer loop
      vertex 185.000 -115.000 13.000
      vertex 189.755 -113.455 13.000
      vertex 190.000 -115.000 13.000
    endloop
  endfacet
  facet normal 0 0 0
    outer loop
      vertex 185.000 -115.000 17.000
      vertex 190.000 -115.000 17.000
      vertex 189.755 -113.455 17.000
    endloop
  endfacet
  facet normal 0 0 0
    outer loop
      vertex 189.755 -113.455 13.000
      vertex 189.755 -113.455 17.000
      vertex 189.045 -112.061 17.000
    endloop
  endfacet
  facet normal 0 0 0
    outer loop
      vertex 189.755 -113.455 13.000
      vertex 189.045 -112.061 17.000
      vertex 189.045 -112.061 13.000
    endloop
  endfacet
  facet normal 0 0 0
    outer loop
      vertex 185.000 -115.000 13.000
      vertex 189.045 -112.061 13.000
      vertex 189.755 -113.455 13.000
    endloop
  endfacet
  facet normal 0 0 0
    outer loop
      vertex 185.000 -115.000 17.000
      vertex 189.755 -113.455 17.000
      vertex 189.045 -112.061 17.000
    endloop
  endfacet
  facet normal 0 0 0
    outer loop
      vertex 189.045 -112.061 13.000
      vertex 189.045 -112.061 17.000
      vertex 187.939 -110.955 17.000
    endloop
  endfacet
  facet normal 0 0 0
    outer loop
      vertex 189.045 -112.061 13.000
      vertex 187.939 -110.955 17.000
      vertex 187.939 -110.955 13.000
    endloop
  endfacet
  facet normal 0 0 0
    outer loop
      vertex 185.000 -115.000 13.000
      vertex 187.939 -110.955 13.000
      vertex 189.045 -112.061 13.000
    endloop
  endfacet
  facet normal 0 0 0
    outer loop
      vertex 185.000 -115.000 17.000
      vertex 189.045 -112.061 17.000
      vertex 187.939 -110.955 17.000
    endloop
  endfacet
  facet normal 0 0 0
    outer loop
      vertex 187.939 -110.955 13.000
      vertex 187.939 -110.955 17.000
      vertex 186.545 -110.245 17.000
    endloop
  endfacet
  facet normal 0 0 0
    outer loop
      vertex 187.939 -110.955 13.000
      vertex 186.545 -110.245 17.000
      vertex 186.545 -110.245 13.000
    endloop
  endfacet
  facet normal 0 0 0
    outer loop
      vertex 185.000 -115.000 13.000
      vertex 186.545 -110.245 13.000
      vertex 187.939 -110.955 13.000
    endloop
  endfacet
  facet normal 0 0 0
    outer loop
      vertex 185.000 -115.000 17.000
      vertex 187.939 -110.955 17.000
      vertex 186.545 -110.245 17.000
    endloop
  endfacet
  facet normal 0 0 0
    outer loop
      vertex 186.545 -110.245 13.000
      vertex 186.545 -110.245 17.000
      vertex 185.000 -110.000 17.000
    endloop
  endfacet
  facet normal 0 0 0
    outer loop
      vertex 186.545 -110.245 13.000
      vertex 185.000 -110.000 17.000
      vertex 185.000 -110.000 13.000
    endloop
  endfacet
  facet normal 0 0 0
    outer loop
      vertex 185.000 -115.000 13.000
      vertex 185.000 -110.000 13.000
      vertex 186.545 -110.245 13.000
    endloop
  endfacet
  facet normal 0 0 0
    outer loop
      vertex 185.000 -115.000 17.000
      vertex 186.545 -110.245 17.000
      vertex 185.000 -110.000 17.000
    endloop
  endfacet
  facet normal 0 0 0
    outer loop
      vertex 185.000 -110.000 13.000
      vertex 185.000 -110.000 17.000
      vertex 183.455 -110.245 17.000
    endloop
  endfacet
  facet normal 0 0 0
    outer loop
      vertex 185.000 -110.000 13.000
      vertex 183.455 -110.245 17.000
      vertex 183.455 -110.245 13.000
    endloop
  endfacet
  facet normal 0 0 0
    outer loop
      vertex 185.000 -115.000 13.000
      vertex 183.455 -110.245 13.000
      vertex 185.000 -110.000 13.000
    endloop
  endfacet
  facet normal 0 0 0
    outer loop
      vertex 185.000 -115.000 17.000
      vertex 185.000 -110.000 17.000
      vertex 183.455 -110.245 17.000
    endloop
  endfacet
  facet normal 0 0 0
    outer loop
      vertex 183.455 -110.245 13.000
      vertex 183.455 -110.245 17.000
      vertex 182.061 -110.955 17.000
    endloop
  endfacet
  facet normal 0 0 0
    outer loop
      vertex 183.455 -110.245 13.000
      vertex 182.061 -110.955 17.000
      vertex 182.061 -110.955 13.000
    endloop
  endfacet
  facet normal 0 0 0
    outer loop
      vertex 185.000 -115.000 13.000
      vertex 182.061 -110.955 13.000
      vertex 183.455 -110.245 13.000
    endloop
  endfacet
  facet normal 0 0 0
    outer loop
      vertex 185.000 -115.000 17.000
      vertex 183.455 -110.245 17.000
      vertex 182.061 -110.955 17.000
    endloop
  endfacet
  facet normal 0 0 0
    outer loop
      vertex 182.061 -110.955 13.000
      vertex 182.061 -110.955 17.000
      vertex 180.955 -112.061 17.000
    endloop
  endfacet
  facet normal 0 0 0
    outer loop
      vertex 182.061 -110.955 13.000
      vertex 180.955 -112.061 17.000
      vertex 180.955 -112.061 13.000
    endloop
  endfacet
  facet normal 0 0 0
    outer loop
      vertex 185.000 -115.000 13.000
      vertex 180.955 -112.061 13.000
      vertex 182.061 -110.955 13.000
    endloop
  endfacet
  facet normal 0 0 0
    outer loop
      vertex 185.000 -115.000 17.000
      vertex 182.061 -110.955 17.000
      vertex 180.955 -112.061 17.000
    endloop
  endfacet
  facet normal 0 0 0
    outer loop
      vertex 180.955 -112.061 13.000
      vertex 180.955 -112.061 17.000
      vertex 180.245 -113.455 17.000
    endloop
  endfacet
  facet normal 0 0 0
    outer loop
      vertex 180.955 -112.061 13.000
      vertex 180.245 -113.455 17.000
      vertex 180.245 -113.455 13.000
    endloop
  endfacet
  facet normal 0 0 0
    outer loop
      vertex 185.000 -115.000 13.000
      vertex 180.245 -113.455 13.000
      vertex 180.955 -112.061 13.000
    endloop
  endfacet
  facet normal 0 0 0
    outer loop
      vertex 185.000 -115.000 17.000
      vertex 180.955 -112.061 17.000
      vertex 180.245 -113.455 17.000
    endloop
  endfacet
  facet normal 0 0 0
    outer loop
      vertex 180.245 -113.455 13.000
      vertex 180.245 -113.455 17.000
      vertex 180.000 -115.000 17.000
    endloop
  endfacet
  facet normal 0 0 0
    outer loop
      vertex 180.245 -113.455 13.000
      vertex 180.000 -115.000 17.000
      vertex 180.000 -115.000 13.000
    endloop
  endfacet
  facet normal 0 0 0
    outer loop
      vertex 185.000 -115.000 13.000
      vertex 180.000 -115.000 13.000
      vertex 180.245 -113.455 13.000
    endloop
  endfacet
  facet normal 0 0 0
    outer loop
      vertex 185.000 -115.000 17.000
      vertex 180.245 -113.455 17.000
      vertex 180.000 -115.000 17.000
    endloop
  endfacet
  facet normal 0 0 0
    outer loop
      vertex 180.000 -115.000 13.000
      vertex 180.000 -115.000 17.000
      vertex 180.245 -116.545 17.000
    endloop
  endfacet
  facet normal 0 0 0
    outer loop
      vertex 180.000 -115.000 13.000
      vertex 180.245 -116.545 17.000
      vertex 180.245 -116.545 13.000
    endloop
  endfacet
  facet normal 0 0 0
    outer loop
      vertex 185.000 -115.000 13.000
      vertex 180.245 -116.545 13.000
      vertex 180.000 -115.000 13.000
    endloop
  endfacet
  facet normal 0 0 0
    outer loop
      vertex 185.000 -115.000 17.000
      vertex 180.000 -115.000 17.000
      vertex 180.245 -116.545 17.000
    endloop
  endfacet
  facet normal 0 0 0
    outer loop
      vertex 180.245 -116.545 13.000
      vertex 180.245 -116.545 17.000
      vertex 180.955 -117.939 17.000
    endloop
  endfacet
  facet normal 0 0 0
    outer loop
      vertex 180.245 -116.545 13.000
      vertex 180.955 -117.939 17.000
      vertex 180.955 -117.939 13.000
    endloop
  endfacet
  facet normal 0 0 0
    outer loop
      vertex 185.000 -115.000 13.000
      vertex 180.955 -117.939 13.000
      vertex 180.245 -116.545 13.000
    endloop
  endfacet
  facet normal 0 0 0
    outer loop
      vertex 185.000 -115.000 17.000
      vertex 180.245 -116.545 17.000
      vertex 180.955 -117.939 17.000
    endloop
  endfacet
  facet normal 0 0 0
    outer loop
      vertex 180.955 -117.939 13.000
      vertex 180.955 -117.939 17.000
      vertex 182.061 -119.045 17.000
    endloop
  endfacet
  facet normal 0 0 0
    outer loop
      vertex 180.955 -117.939 13.000
      vertex 182.061 -119.045 17.000
      vertex 182.061 -119.045 13.000
    endloop
  endfacet
  facet normal 0 0 0
    outer loop
      vertex 185.000 -115.000 13.000
      vertex 182.061 -119.045 13.000
      vertex 180.955 -117.939 13.000
    endloop
  endfacet
  facet normal 0 0 0
    outer loop
      vertex 185.000 -115.000 17.000
      vertex 180.955 -117.939 17.000
      vertex 182.061 -119.045 17.000
    endloop
  endfacet
  facet normal 0 0 0
    outer loop
      vertex 182.061 -119.045 13.000
      vertex 182.061 -119.045 17.000
      vertex 183.455 -119.755 17.000
    endloop
  endfacet
  facet normal 0 0 0
    outer loop
      vertex 182.061 -119.045 13.000
      vertex 183.455 -119.755 17.000
      vertex 183.455 -119.755 13.000
    endloop
  endfacet
  facet normal 0 0 0
    outer loop
      vertex 185.000 -115.000 13.000
      vertex 183.455 -119.755 13.000
      vertex 182.061 -119.045 13.000
    endloop
  endfacet
  facet normal 0 0 0
    outer loop
      vertex 185.000 -115.000 17.000
      vertex 182.061 -119.045 17.000
      vertex 183.455 -119.755 17.000
    endloop
  endfacet
  facet normal 0 0 0
    outer loop
      vertex 183.455 -119.755 13.000
      vertex 183.455 -119.755 17.000
      vertex 185.000 -120.000 17.000
    endloop
  endfacet
  facet normal 0 0 0
    outer loop
      vertex 183.455 -119.755 13.000
      vertex 185.000 -120.000 17.000
      vertex 185.000 -120.000 13.000
    endloop
  endfacet
  facet normal 0 0 0
    outer loop
      vertex 185.000 -115.000 13.000
      vertex 185.000 -120.000 13.000
      vertex 183.455 -119.755 13.000
    endloop
  endfacet
  facet normal 0 0 0
    outer loop
      vertex 185.000 -115.000 17.000
      vertex 183.455 -119.755 17.000
      vertex 185.000 -120.000 17.000
    endloop
  endfacet
  facet normal 0 0 0
    outer loop
      vertex 185.000 -120.000 13.000
      vertex 185.000 -120.000 17.000
      vertex 186.545 -119.755 17.000
    endloop
  endfacet
  facet normal 0 0 0
    outer loop
      vertex 185.000 -120.000 13.000
      vertex 186.545 -119.755 17.000
      vertex 186.545 -119.755 13.000
    endloop
  endfacet
  facet normal 0 0 0
    outer loop
      vertex 185.000 -115.000 13.000
      vertex 186.545 -119.755 13.000
      vertex 185.000 -120.000 13.000
    endloop
  endfacet
  facet normal 0 0 0
    outer loop
      vertex 185.000 -115.000 17.000
      vertex 185.000 -120.000 17.000
      vertex 186.545 -119.755 17.000
    endloop
  endfacet
  facet normal 0 0 0
    outer loop
      vertex 186.545 -119.755 13.000
      vertex 186.545 -119.755 17.000
      vertex 187.939 -119.045 17.000
    endloop
  endfacet
  facet normal 0 0 0
    outer loop
      vertex 186.545 -119.755 13.000
      vertex 187.939 -119.045 17.000
      vertex 187.939 -119.045 13.000
    endloop
  endfacet
  facet normal 0 0 0
    outer loop
      vertex 185.000 -115.000 13.000
      vertex 187.939 -119.045 13.000
      vertex 186.545 -119.755 13.000
    endloop
  endfacet
  facet normal 0 0 0
    outer loop
      vertex 185.000 -115.000 17.000
      vertex 186.545 -119.755 17.000
      vertex 187.939 -119.045 17.000
    endloop
  endfacet
  facet normal 0 0 0
    outer loop
      vertex 187.939 -119.045 13.000
      vertex 187.939 -119.045 17.000
      vertex 189.045 -117.939 17.000
    endloop
  endfacet
  facet normal 0 0 0
    outer loop
      vertex 187.939 -119.045 13.000
      vertex 189.045 -117.939 17.000
      vertex 189.045 -117.939 13.000
    endloop
  endfacet
  facet normal 0 0 0
    outer loop
      vertex 185.000 -115.000 13.000
      vertex 189.045 -117.939 13.000
      vertex 187.939 -119.045 13.000
    endloop
  endfacet
  facet normal 0 0 0
    outer loop
      vertex 185.000 -115.000 17.000
      vertex 187.939 -119.045 17.000
      vertex 189.045 -117.939 17.000
    endloop
  endfacet
  facet normal 0 0 0
    outer loop
      vertex 189.045 -117.939 13.000
      vertex 189.045 -117.939 17.000
      vertex 189.755 -116.545 17.000
    endloop
  endfacet
  facet normal 0 0 0
    outer loop
      vertex 189.045 -117.939 13.000
      vertex 189.755 -116.545 17.000
      vertex 189.755 -116.545 13.000
    endloop
  endfacet
  facet normal 0 0 0
    outer loop
      vertex 185.000 -115.000 13.000
      vertex 189.755 -116.545 13.000
      vertex 189.045 -117.939 13.000
    endloop
  endfacet
  facet normal 0 0 0
    outer loop
      vertex 185.000 -115.000 17.000
      vertex 189.045 -117.939 17.000
      vertex 189.755 -116.545 17.000
    endloop
  endfacet
  facet normal 0 0 0
    outer loop
      vertex 189.755 -116.545 13.000
      vertex 189.755 -116.545 17.000
      vertex 190.000 -115.000 17.000
    endloop
  endfacet
  facet normal 0 0 0
    outer loop
      vertex 189.755 -116.545 13.000
      vertex 190.000 -115.000 17.000
      vertex 190.000 -115.000 13.000
    endloop
  endfacet
  facet normal 0 0 0
    outer loop
      vertex 185.000 -115.000 13.000
      vertex 190.000 -115.000 13.000
      vertex 189.755 -116.545 13.000
    endloop
  endfacet
  facet normal 0 0 0
    outer loop
      vertex 185.000 -115.000 17.000
      vertex 189.755 -116.545 17.000
      vertex 190.000 -115.000 17.000
    endloop
  endfacet
  // furo_referencia_m4_visual_185_115
  facet normal 0 0 0
    outer loop
      vertex 190.000 115.000 13.000
      vertex 190.000 115.000 17.000
      vertex 189.755 116.545 17.000
    endloop
  endfacet
  facet normal 0 0 0
    outer loop
      vertex 190.000 115.000 13.000
      vertex 189.755 116.545 17.000
      vertex 189.755 116.545 13.000
    endloop
  endfacet
  facet normal 0 0 0
    outer loop
      vertex 185.000 115.000 13.000
      vertex 189.755 116.545 13.000
      vertex 190.000 115.000 13.000
    endloop
  endfacet
  facet normal 0 0 0
    outer loop
      vertex 185.000 115.000 17.000
      vertex 190.000 115.000 17.000
      vertex 189.755 116.545 17.000
    endloop
  endfacet
  facet normal 0 0 0
    outer loop
      vertex 189.755 116.545 13.000
      vertex 189.755 116.545 17.000
      vertex 189.045 117.939 17.000
    endloop
  endfacet
  facet normal 0 0 0
    outer loop
      vertex 189.755 116.545 13.000
      vertex 189.045 117.939 17.000
      vertex 189.045 117.939 13.000
    endloop
  endfacet
  facet normal 0 0 0
    outer loop
      vertex 185.000 115.000 13.000
      vertex 189.045 117.939 13.000
      vertex 189.755 116.545 13.000
    endloop
  endfacet
  facet normal 0 0 0
    outer loop
      vertex 185.000 115.000 17.000
      vertex 189.755 116.545 17.000
      vertex 189.045 117.939 17.000
    endloop
  endfacet
  facet normal 0 0 0
    outer loop
      vertex 189.045 117.939 13.000
      vertex 189.045 117.939 17.000
      vertex 187.939 119.045 17.000
    endloop
  endfacet
  facet normal 0 0 0
    outer loop
      vertex 189.045 117.939 13.000
      vertex 187.939 119.045 17.000
      vertex 187.939 119.045 13.000
    endloop
  endfacet
  facet normal 0 0 0
    outer loop
      vertex 185.000 115.000 13.000
      vertex 187.939 119.045 13.000
      vertex 189.045 117.939 13.000
    endloop
  endfacet
  facet normal 0 0 0
    outer loop
      vertex 185.000 115.000 17.000
      vertex 189.045 117.939 17.000
      vertex 187.939 119.045 17.000
    endloop
  endfacet
  facet normal 0 0 0
    outer loop
      vertex 187.939 119.045 13.000
      vertex 187.939 119.045 17.000
      vertex 186.545 119.755 17.000
    endloop
  endfacet
  facet normal 0 0 0
    outer loop
      vertex 187.939 119.045 13.000
      vertex 186.545 119.755 17.000
      vertex 186.545 119.755 13.000
    endloop
  endfacet
  facet normal 0 0 0
    outer loop
      vertex 185.000 115.000 13.000
      vertex 186.545 119.755 13.000
      vertex 187.939 119.045 13.000
    endloop
  endfacet
  facet normal 0 0 0
    outer loop
      vertex 185.000 115.000 17.000
      vertex 187.939 119.045 17.000
      vertex 186.545 119.755 17.000
    endloop
  endfacet
  facet normal 0 0 0
    outer loop
      vertex 186.545 119.755 13.000
      vertex 186.545 119.755 17.000
      vertex 185.000 120.000 17.000
    endloop
  endfacet
  facet normal 0 0 0
    outer loop
      vertex 186.545 119.755 13.000
      vertex 185.000 120.000 17.000
      vertex 185.000 120.000 13.000
    endloop
  endfacet
  facet normal 0 0 0
    outer loop
      vertex 185.000 115.000 13.000
      vertex 185.000 120.000 13.000
      vertex 186.545 119.755 13.000
    endloop
  endfacet
  facet normal 0 0 0
    outer loop
      vertex 185.000 115.000 17.000
      vertex 186.545 119.755 17.000
      vertex 185.000 120.000 17.000
    endloop
  endfacet
  facet normal 0 0 0
    outer loop
      vertex 185.000 120.000 13.000
      vertex 185.000 120.000 17.000
      vertex 183.455 119.755 17.000
    endloop
  endfacet
  facet normal 0 0 0
    outer loop
      vertex 185.000 120.000 13.000
      vertex 183.455 119.755 17.000
      vertex 183.455 119.755 13.000
    endloop
  endfacet
  facet normal 0 0 0
    outer loop
      vertex 185.000 115.000 13.000
      vertex 183.455 119.755 13.000
      vertex 185.000 120.000 13.000
    endloop
  endfacet
  facet normal 0 0 0
    outer loop
      vertex 185.000 115.000 17.000
      vertex 185.000 120.000 17.000
      vertex 183.455 119.755 17.000
    endloop
  endfacet
  facet normal 0 0 0
    outer loop
      vertex 183.455 119.755 13.000
      vertex 183.455 119.755 17.000
      vertex 182.061 119.045 17.000
    endloop
  endfacet
  facet normal 0 0 0
    outer loop
      vertex 183.455 119.755 13.000
      vertex 182.061 119.045 17.000
      vertex 182.061 119.045 13.000
    endloop
  endfacet
  facet normal 0 0 0
    outer loop
      vertex 185.000 115.000 13.000
      vertex 182.061 119.045 13.000
      vertex 183.455 119.755 13.000
    endloop
  endfacet
  facet normal 0 0 0
    outer loop
      vertex 185.000 115.000 17.000
      vertex 183.455 119.755 17.000
      vertex 182.061 119.045 17.000
    endloop
  endfacet
  facet normal 0 0 0
    outer loop
      vertex 182.061 119.045 13.000
      vertex 182.061 119.045 17.000
      vertex 180.955 117.939 17.000
    endloop
  endfacet
  facet normal 0 0 0
    outer loop
      vertex 182.061 119.045 13.000
      vertex 180.955 117.939 17.000
      vertex 180.955 117.939 13.000
    endloop
  endfacet
  facet normal 0 0 0
    outer loop
      vertex 185.000 115.000 13.000
      vertex 180.955 117.939 13.000
      vertex 182.061 119.045 13.000
    endloop
  endfacet
  facet normal 0 0 0
    outer loop
      vertex 185.000 115.000 17.000
      vertex 182.061 119.045 17.000
      vertex 180.955 117.939 17.000
    endloop
  endfacet
  facet normal 0 0 0
    outer loop
      vertex 180.955 117.939 13.000
      vertex 180.955 117.939 17.000
      vertex 180.245 116.545 17.000
    endloop
  endfacet
  facet normal 0 0 0
    outer loop
      vertex 180.955 117.939 13.000
      vertex 180.245 116.545 17.000
      vertex 180.245 116.545 13.000
    endloop
  endfacet
  facet normal 0 0 0
    outer loop
      vertex 185.000 115.000 13.000
      vertex 180.245 116.545 13.000
      vertex 180.955 117.939 13.000
    endloop
  endfacet
  facet normal 0 0 0
    outer loop
      vertex 185.000 115.000 17.000
      vertex 180.955 117.939 17.000
      vertex 180.245 116.545 17.000
    endloop
  endfacet
  facet normal 0 0 0
    outer loop
      vertex 180.245 116.545 13.000
      vertex 180.245 116.545 17.000
      vertex 180.000 115.000 17.000
    endloop
  endfacet
  facet normal 0 0 0
    outer loop
      vertex 180.245 116.545 13.000
      vertex 180.000 115.000 17.000
      vertex 180.000 115.000 13.000
    endloop
  endfacet
  facet normal 0 0 0
    outer loop
      vertex 185.000 115.000 13.000
      vertex 180.000 115.000 13.000
      vertex 180.245 116.545 13.000
    endloop
  endfacet
  facet normal 0 0 0
    outer loop
      vertex 185.000 115.000 17.000
      vertex 180.245 116.545 17.000
      vertex 180.000 115.000 17.000
    endloop
  endfacet
  facet normal 0 0 0
    outer loop
      vertex 180.000 115.000 13.000
      vertex 180.000 115.000 17.000
      vertex 180.245 113.455 17.000
    endloop
  endfacet
  facet normal 0 0 0
    outer loop
      vertex 180.000 115.000 13.000
      vertex 180.245 113.455 17.000
      vertex 180.245 113.455 13.000
    endloop
  endfacet
  facet normal 0 0 0
    outer loop
      vertex 185.000 115.000 13.000
      vertex 180.245 113.455 13.000
      vertex 180.000 115.000 13.000
    endloop
  endfacet
  facet normal 0 0 0
    outer loop
      vertex 185.000 115.000 17.000
      vertex 180.000 115.000 17.000
      vertex 180.245 113.455 17.000
    endloop
  endfacet
  facet normal 0 0 0
    outer loop
      vertex 180.245 113.455 13.000
      vertex 180.245 113.455 17.000
      vertex 180.955 112.061 17.000
    endloop
  endfacet
  facet normal 0 0 0
    outer loop
      vertex 180.245 113.455 13.000
      vertex 180.955 112.061 17.000
      vertex 180.955 112.061 13.000
    endloop
  endfacet
  facet normal 0 0 0
    outer loop
      vertex 185.000 115.000 13.000
      vertex 180.955 112.061 13.000
      vertex 180.245 113.455 13.000
    endloop
  endfacet
  facet normal 0 0 0
    outer loop
      vertex 185.000 115.000 17.000
      vertex 180.245 113.455 17.000
      vertex 180.955 112.061 17.000
    endloop
  endfacet
  facet normal 0 0 0
    outer loop
      vertex 180.955 112.061 13.000
      vertex 180.955 112.061 17.000
      vertex 182.061 110.955 17.000
    endloop
  endfacet
  facet normal 0 0 0
    outer loop
      vertex 180.955 112.061 13.000
      vertex 182.061 110.955 17.000
      vertex 182.061 110.955 13.000
    endloop
  endfacet
  facet normal 0 0 0
    outer loop
      vertex 185.000 115.000 13.000
      vertex 182.061 110.955 13.000
      vertex 180.955 112.061 13.000
    endloop
  endfacet
  facet normal 0 0 0
    outer loop
      vertex 185.000 115.000 17.000
      vertex 180.955 112.061 17.000
      vertex 182.061 110.955 17.000
    endloop
  endfacet
  facet normal 0 0 0
    outer loop
      vertex 182.061 110.955 13.000
      vertex 182.061 110.955 17.000
      vertex 183.455 110.245 17.000
    endloop
  endfacet
  facet normal 0 0 0
    outer loop
      vertex 182.061 110.955 13.000
      vertex 183.455 110.245 17.000
      vertex 183.455 110.245 13.000
    endloop
  endfacet
  facet normal 0 0 0
    outer loop
      vertex 185.000 115.000 13.000
      vertex 183.455 110.245 13.000
      vertex 182.061 110.955 13.000
    endloop
  endfacet
  facet normal 0 0 0
    outer loop
      vertex 185.000 115.000 17.000
      vertex 182.061 110.955 17.000
      vertex 183.455 110.245 17.000
    endloop
  endfacet
  facet normal 0 0 0
    outer loop
      vertex 183.455 110.245 13.000
      vertex 183.455 110.245 17.000
      vertex 185.000 110.000 17.000
    endloop
  endfacet
  facet normal 0 0 0
    outer loop
      vertex 183.455 110.245 13.000
      vertex 185.000 110.000 17.000
      vertex 185.000 110.000 13.000
    endloop
  endfacet
  facet normal 0 0 0
    outer loop
      vertex 185.000 115.000 13.000
      vertex 185.000 110.000 13.000
      vertex 183.455 110.245 13.000
    endloop
  endfacet
  facet normal 0 0 0
    outer loop
      vertex 185.000 115.000 17.000
      vertex 183.455 110.245 17.000
      vertex 185.000 110.000 17.000
    endloop
  endfacet
  facet normal 0 0 0
    outer loop
      vertex 185.000 110.000 13.000
      vertex 185.000 110.000 17.000
      vertex 186.545 110.245 17.000
    endloop
  endfacet
  facet normal 0 0 0
    outer loop
      vertex 185.000 110.000 13.000
      vertex 186.545 110.245 17.000
      vertex 186.545 110.245 13.000
    endloop
  endfacet
  facet normal 0 0 0
    outer loop
      vertex 185.000 115.000 13.000
      vertex 186.545 110.245 13.000
      vertex 185.000 110.000 13.000
    endloop
  endfacet
  facet normal 0 0 0
    outer loop
      vertex 185.000 115.000 17.000
      vertex 185.000 110.000 17.000
      vertex 186.545 110.245 17.000
    endloop
  endfacet
  facet normal 0 0 0
    outer loop
      vertex 186.545 110.245 13.000
      vertex 186.545 110.245 17.000
      vertex 187.939 110.955 17.000
    endloop
  endfacet
  facet normal 0 0 0
    outer loop
      vertex 186.545 110.245 13.000
      vertex 187.939 110.955 17.000
      vertex 187.939 110.955 13.000
    endloop
  endfacet
  facet normal 0 0 0
    outer loop
      vertex 185.000 115.000 13.000
      vertex 187.939 110.955 13.000
      vertex 186.545 110.245 13.000
    endloop
  endfacet
  facet normal 0 0 0
    outer loop
      vertex 185.000 115.000 17.000
      vertex 186.545 110.245 17.000
      vertex 187.939 110.955 17.000
    endloop
  endfacet
  facet normal 0 0 0
    outer loop
      vertex 187.939 110.955 13.000
      vertex 187.939 110.955 17.000
      vertex 189.045 112.061 17.000
    endloop
  endfacet
  facet normal 0 0 0
    outer loop
      vertex 187.939 110.955 13.000
      vertex 189.045 112.061 17.000
      vertex 189.045 112.061 13.000
    endloop
  endfacet
  facet normal 0 0 0
    outer loop
      vertex 185.000 115.000 13.000
      vertex 189.045 112.061 13.000
      vertex 187.939 110.955 13.000
    endloop
  endfacet
  facet normal 0 0 0
    outer loop
      vertex 185.000 115.000 17.000
      vertex 187.939 110.955 17.000
      vertex 189.045 112.061 17.000
    endloop
  endfacet
  facet normal 0 0 0
    outer loop
      vertex 189.045 112.061 13.000
      vertex 189.045 112.061 17.000
      vertex 189.755 113.455 17.000
    endloop
  endfacet
  facet normal 0 0 0
    outer loop
      vertex 189.045 112.061 13.000
      vertex 189.755 113.455 17.000
      vertex 189.755 113.455 13.000
    endloop
  endfacet
  facet normal 0 0 0
    outer loop
      vertex 185.000 115.000 13.000
      vertex 189.755 113.455 13.000
      vertex 189.045 112.061 13.000
    endloop
  endfacet
  facet normal 0 0 0
    outer loop
      vertex 185.000 115.000 17.000
      vertex 189.045 112.061 17.000
      vertex 189.755 113.455 17.000
    endloop
  endfacet
  facet normal 0 0 0
    outer loop
      vertex 189.755 113.455 13.000
      vertex 189.755 113.455 17.000
      vertex 190.000 115.000 17.000
    endloop
  endfacet
  facet normal 0 0 0
    outer loop
      vertex 189.755 113.455 13.000
      vertex 190.000 115.000 17.000
      vertex 190.000 115.000 13.000
    endloop
  endfacet
  facet normal 0 0 0
    outer loop
      vertex 185.000 115.000 13.000
      vertex 190.000 115.000 13.000
      vertex 189.755 113.455 13.000
    endloop
  endfacet
  facet normal 0 0 0
    outer loop
      vertex 185.000 115.000 17.000
      vertex 189.755 113.455 17.000
      vertex 190.000 115.000 17.000
    endloop
  endfacet
endsolid base_robo_assistente_conceito_02
